-- MySQL Database Backup
-- Generated: Wed Feb 25 10:44:05 CST 2026
-- Database: ry-vue
-- Charset: UTF-8

SET FOREIGN_KEY_CHECKS=0;

SET NAMES utf8mb4;

-- ----------------------------
-- Table structure for `act_evt_log`
-- ----------------------------
DROP TABLE IF EXISTS `act_evt_log`;
CREATE TABLE `act_evt_log` (
  `LOG_NR_` bigint NOT NULL AUTO_INCREMENT,
  `TYPE_` varchar(64) CHARACTER SET utf8mb3 COLLATE utf8mb3_bin DEFAULT NULL,
  `PROC_DEF_ID_` varchar(64) CHARACTER SET utf8mb3 COLLATE utf8mb3_bin DEFAULT NULL,
  `PROC_INST_ID_` varchar(64) CHARACTER SET utf8mb3 COLLATE utf8mb3_bin DEFAULT NULL,
  `EXECUTION_ID_` varchar(64) CHARACTER SET utf8mb3 COLLATE utf8mb3_bin DEFAULT NULL,
  `TASK_ID_` varchar(64) CHARACTER SET utf8mb3 COLLATE utf8mb3_bin DEFAULT NULL,
  `TIME_STAMP_` timestamp(3) NOT NULL,
  `USER_ID_` varchar(255) CHARACTER SET utf8mb3 COLLATE utf8mb3_bin DEFAULT NULL,
  `DATA_` longblob,
  `LOCK_OWNER_` varchar(255) CHARACTER SET utf8mb3 COLLATE utf8mb3_bin DEFAULT NULL,
  `LOCK_TIME_` timestamp(3) NULL DEFAULT NULL,
  `IS_PROCESSED_` tinyint DEFAULT '0',
  PRIMARY KEY (`LOG_NR_`) USING BTREE
) ENGINE=InnoDB DEFAULT CHARSET=utf8mb3 COLLATE=utf8mb3_bin ROW_FORMAT=DYNAMIC;

-- ----------------------------
-- Dumping data for table `act_evt_log`
-- ----------------------------

-- ----------------------------
-- Table structure for `act_ge_bytearray`
-- ----------------------------
DROP TABLE IF EXISTS `act_ge_bytearray`;
CREATE TABLE `act_ge_bytearray` (
  `ID_` varchar(64) CHARACTER SET utf8mb3 COLLATE utf8mb3_bin NOT NULL,
  `REV_` int DEFAULT NULL,
  `NAME_` varchar(255) CHARACTER SET utf8mb3 COLLATE utf8mb3_bin DEFAULT NULL,
  `DEPLOYMENT_ID_` varchar(64) CHARACTER SET utf8mb3 COLLATE utf8mb3_bin DEFAULT NULL,
  `BYTES_` longblob,
  `GENERATED_` tinyint DEFAULT NULL,
  PRIMARY KEY (`ID_`) USING BTREE
) ENGINE=InnoDB DEFAULT CHARSET=utf8mb3 COLLATE=utf8mb3_bin ROW_FORMAT=DYNAMIC;

-- ----------------------------
-- Dumping data for table `act_ge_bytearray`
-- ----------------------------
INSERT INTO `act_ge_bytearray` VALUES ('08cccb6e-0f2d-11f1-ac97-e8b0c5b428ba', 1, 'release_prod.bpmn20.xml', '08cccb6d-0f2d-11f1-ac97-e8b0c5b428ba', 0x3c3f786d6c2076657273696f6e3d22312e302220656e636f64696e673d225554462d38223f3e0a3c646566696e6974696f6e7320786d6c6e733d22687474703a2f2f7777772e6f6d672e6f72672f737065632f42504d4e2f32303130303532342f4d4f44454c2220786d6c6e733a7873693d22687474703a2f2f7777772e77332e6f72672f323030312f584d4c536368656d612d696e7374616e63652220786d6c6e733a62706d6e64693d22687474703a2f2f7777772e6f6d672e6f72672f737065632f42504d4e2f32303130303532342f44492220786d6c6e733a6f6d6764633d22687474703a2f2f7777772e6f6d672e6f72672f737065632f44442f32303130303532342f44432220786d6c6e733a6f6d6764693d22687474703a2f2f7777772e6f6d672e6f72672f737065632f44442f32303130303532342f44492220786d6c6e733a666c6f7761626c653d22687474703a2f2f666c6f7761626c652e6f72672f62706d6e22207461726765744e616d6573706163653d22687474703a2f2f7777772e666c6f7761626c652e6f72672f70726f63657373646566223e0a20203c70726f636573732069643d2272656c656173655f70726f6422206e616d653d22e585a8e5b180e9bb98e8aea42d70726f64e58f91e5b883e5aea1e689b92220697345786563757461626c653d2274727565223e0a202020203c73746172744576656e742069643d2273746172744576656e7422202f3e0a202020203c73657175656e6365466c6f772069643d22666c6f775f73746172745f73746570312220736f757263655265663d2273746172744576656e7422207461726765745265663d22737465705f3122202f3e0a202020203c757365725461736b2069643d22737465705f3122206e616d653d22e7acac31e6ada52220666c6f7761626c653a61737369676e65653d22656a737022202f3e0a202020203c656e644576656e742069643d22656e644576656e7422202f3e0a202020203c73657175656e6365466c6f772069643d22666c6f775f6c6173745f656e642220736f757263655265663d22737465705f3122207461726765745265663d22656e644576656e7422202f3e0a20203c2f70726f636573733e0a20203c62706d6e64693a42504d4e4469616772616d2069643d2242504d4e4469616772616d5f31223e0a202020203c62706d6e64693a42504d4e506c616e652069643d2242504d4e506c616e655f31222062706d6e456c656d656e743d2272656c656173655f617070726f76616c5f305f70726f64223e0a2020202020203c62706d6e64693a42504d4e53686170652069643d225f42504d4e53686170655f53746172744576656e745f32222062706d6e456c656d656e743d2273746172744576656e74223e0a20202020202020203c6f6d6764633a426f756e647320783d223135302220793d22313030222077696474683d22333622206865696768743d22333622202f3e0a2020202020203c2f62706d6e64693a42504d4e53686170653e0a2020202020203c62706d6e64693a42504d4e53686170652069643d2242504d4e53686170655f737465705f31222062706d6e456c656d656e743d22737465705f31223e0a20202020202020203c6f6d6764633a426f756e647320783d223235302220793d223738222077696474683d2231303022206865696768743d22383022202f3e0a2020202020203c2f62706d6e64693a42504d4e53686170653e0a2020202020203c62706d6e64693a42504d4e53686170652069643d2242504d4e53686170655f656e644576656e74222062706d6e456c656d656e743d22656e644576656e74223e0a20202020202020203c6f6d6764633a426f756e647320783d223430302220793d22313030222077696474683d22333622206865696768743d22333622202f3e0a2020202020203c2f62706d6e64693a42504d4e53686170653e0a2020202020203c62706d6e64693a42504d4e456467652069643d2242504d4e456467655f666c6f775f73746172745f7374657031222062706d6e456c656d656e743d22666c6f775f73746172745f7374657031223e0a20202020202020203c6f6d6764693a776179706f696e7420783d223138362220793d2231313822202f3e0a20202020202020203c6f6d6764693a776179706f696e7420783d223235302220793d2231313822202f3e0a2020202020203c2f62706d6e64693a42504d4e456467653e0a2020202020203c62706d6e64693a42504d4e456467652069643d2242504d4e456467655f666c6f775f6c6173745f656e64222062706d6e456c656d656e743d22666c6f775f6c6173745f656e64223e0a20202020202020203c6f6d6764693a776179706f696e7420783d223335302220793d2231313822202f3e0a20202020202020203c6f6d6764693a776179706f696e7420783d223430302220793d2231313822202f3e0a2020202020203c2f62706d6e64693a42504d4e456467653e0a202020203c2f62706d6e64693a42504d4e506c616e653e0a20203c2f62706d6e64693a42504d4e4469616772616d3e0a3c2f646566696e6974696f6e733e0a, 0);
INSERT INTO `act_ge_bytearray` VALUES ('090cba9f-0f2d-11f1-ac97-e8b0c5b428ba', 1, 'release_prod.release_prod.png', '08cccb6d-0f2d-11f1-ac97-e8b0c5b428ba', 0x89504e470d0a1a0a0000000d49484452000001be000000a808060000009f758bdb00000d004944415478daeddd6f6c95559e07705f68b28963e28b31599331f1c5c4cc8b499c179bb82f26c698351913cdae891529285ac4ffa9a82b46a3ee16ffa06ec50d9518b324b8b3266ec30ab8cd865da0d09630c56008cb1f35c3202a7f2a451687ca3040f5d9f37bd2db3c9456447a7b9fde7e3ec949efbf5ec8ed739eef3de73ce79c0b2e000000000000000000000000000000000000000000000000000000000000000000000000000000000000000000000000000000000000000000000000000000000000000000000000000000000000000000000000000000000000000000000000000000000000000000000000000000000000000000000000000000000000000000000000000000004a22cbb20b3ffdf4d3659b366dfab6b3b3335bb3668d32c165eddab5594f4fcf57a9cc744402545984de860d1bb2fefefeecc489134a8dcaa14387b2eeeeee3fa610bcd551095045d1d2137aa509bf13a905f8b1a312a08aa27b53e894a7a4e03be5a804a8a218631238a50abecc51095082e0fbe6ebbeecd3cd4bb39d6be7e7256ec763c24af001d45df00d1cd99fedf89f67b3fffdaf274e2bf1583c27b0041f405d05dfde9dff7946e855cabe9d1d024bf001d457f07dbcfe9531832f9e1358820fa0ae826fc79a7f1c33f8e2398125f800049f22f800266bf0c5559c63055f3c27b0041f405d05dfae8d6f8c197cf19cc0127c0075157c87f76fcb76acfe8733bb39d363f19cc0127c0075157c51f67cf8db33822f1e1356820fa0fe82efcf7fce76fdeecd33bb39d363f19cc0127c0075137cb132cbef37b68d39c617cf59bd45f0014cfee04b2db9be5debb2edfffdf498a15729f19a78add69fe0039894c177b6569ed69fe003a8abe0fb21adbcef6bfd0930c10730a982efc7865ea50830c10730a9824f117c13edaebbeebaf4f6db6fbf3595b6547a53e94b252b94b8df3b6ddab47f993e7dfacc547eaaf652b7f6eddb77f58a152bfe79f1e2c53b9e79e69981871f7ef8db1933660c57883973e69c7cfcf1c70fb7b4b4f4b4b6b6de9f2ad05ff8d4049fe09b1c5290dd94ea71470ab2c1114177d6927e674d2a7f77dd75d75da82633e9655976616f6fefbc458b16f5a560cb162c58902d5fbe3cdbba756bb67ffffe6c707030ab387cf870b66ddbb66ce5ca95d91b6fbc91a5e01b7ce289277ed7d4d474b54f52f009be724ac1f55729b4369d6bd88d5136a7f7fa8ddacca4d5ddddddf4faebaf0f3cf8e083d9b265cbb2bebebeec5c1c3972243f793cf4d043a79a9b9b37a64a71a54f55f009be7288d6590aa905a3b5f09e7cf2c9bcce6fdcb831fbe28b2fb2e3c78fe775fae4c993f9fd4d9b36e55f809f7df6d9b102b04d8f0f93ae95d7dedebe3db5d4b277df7d77f8a0ffb1a25518adc03beeb8e3d4ecd9b39ff4090b3ec1575b3366ccf8d9c8565eaa9fd9d2a54bcff90bee679f7d962d59b2247a784686dff6f877d46c4a2f1df457b6b5b5f5cf9d3b373fa0c753bcdfa38f3e7a7cce9c39eff83628f8045f6da4c0fb456363e3816248c510467f7fff79d5ef18ea983f7ffec8f0dbaba787d2875e746d46f74574535643b41e5f7cf1c563a9e5b7ca40b8e0137c13dfd22b865eb4f2bababa4e1bab3f5f1b366cc8df57f83129ba37a3a517a177be5d9b3fa4ebf385175e389a2ac7129fbce0137c1363684c6fb87b33aec8fee4934faa52c7630c7044d7e7f68686869fa8e5944a8ce945f7e6d1a347b38910e1dadcdc7c3455be793e7dc127f826a48b7341b1a557add02b865f71ba535cf0a296531a3d3d3d73e24296f11ed3fb21637ea9621c4fdf047feeaf20f8045ff50c4d5918be7a33ba372742747b8e98ef67aa03e5e8e27cedb5d7be89ab376b61f9f2e55fa7f05bee2f21f8045f555b7b9b8a17b28ce798ded98cb8e065b3b17d6a2e26a7c73cbd6a8feb7ddf785f6a6d1e6c6c6cfc95e0137c826ffc0dadc832dcc579be576ffe98ab3d8be37db1c28b332f35b570e1c2be98a85a4b1d1d1d71d5d7bf093ec127f8aad2cdd951099d98a7570befbcf3ce69cb9b39f35233b1f6662c4376ae1356c75b4c9d482dbeff9bea73fb049fe01b6fb1e074716caf56753d5a99c50b5d2c6c4dcdc482d3afbefa6a56064f3df5d4e6e892a9c7cf796801df5f0b3ec137d1c7d5d02e0bc3cb90d5527179b3d8d5c119989a58b468d1ce586faf0cde7efbededf57ab973b18b2785fb5f0b3ec13751c7d5d0d642f9eb6a3da411e79acaff25b6347206a626626ba1d865a10cb66cd9b22bf6f8aae7e02b9455a37d53177c826fbc8faba1fdf4f2e763c1e95a8a797d85ff6baf33303511fbe9d57a7cafe2abafbefa2636b89c22c157dcc3ecd7824ff055ebb82a6e221bbb2ad4526c6356dcccd619989a88c1e6899ccf73365121a652f015bfa9475795e0137ce37d5c15efc79642b514ff7ef1ffe30c4ccd2a4e998cd3469893b608be72957a3bbeca56c79d81d1e2cbb28129d8e2cbaf64adac6451c6e08b25a7d27f2d3b70e0c0f063717ff1e2c5e7fc5eb14842e5768c37c5fbecd9b3478baf8ac755f1f15a2d52a1c547a93cf0c00327ca32c677f0e0c11d53688cefb4c02bf3185f845394f7df7f3fff5909c21b6fbc71f8b12fbffcf2b4dff9f0c30ff3c7b76ddb76dae3ab56adca1f1f1818c883346ea7cf60f87d7a7b7b05df381f57c531be895e8bd7181fa5346fdebc2fcb7255673ae9754d81ab3a7b63b9a6b1d62a2c5bf05d76d965d9cd37df9c0756dc8e164304d4eeddbbf39f2b56ac38e3772eb9e492e1b01cf95cbccf45175d94df8e65ace23565eede9d44c137e671e5aa4e1861fefcf9abcb328f6fe1c2851d753c8f6fd4165e9983efd8b163d9ae5dbbb2d5ab57e72db22baeb822bbe1861bf2db51d2df2bbbf8e28b47fdddfbeebb2f0fb5bd7bf7e6f7a37517bfd3d2d292075fdc6e6f6fcf5f73e79d77e6f7df7befbdfc7e84a3e01bbfe3aa388f2f3e73f3f898f25e79e595bb5b5b5bbf2b43f0a5936547bdaedcf24395b1f5d3d9d999b7ec8a6115fb3656ba2747766746b9fffefb4f0bbe4a9016c7f9622fb891afd1e2ab4a385ab9058a626dcca6a6a693d1ed54e3397c31be77c85a9de51ce38b05868bdd93115a71bfbbbb7bd4df192df88aeff7fcf3cf9fd1d519b76fb9e516c137fe75fcd254b74e550227baa96bb556676363e377d6eaa414d2b7c0f51d1d1d350dbeb6b6b67fb53b43f9826fdfbe7d79205d7bedb571d2aa04411e6c952eca0b4619cb1b2bf8e2b1d89e266e1f3a74e8b4f1c2cb2fbf5c8baf7aadbee1dd19de7aeb2dbb33406af15d7defbdf70ed6703fbebda922fcc17e7ce56cf1edd8b123ff1963737121548454eca6118f7df4d147a376774628165b8651d6af5f9f5d73cd35c3f7631ac3cb2fbf9cbfaeb5b55557671595613fbe59b3667d673f3e4ae591471ee9aed5452e2fbdf4d2dba9322cf357286ff05d75d555f9c9abd24a8b9660656ac23df7dc33e6559d51e2a2954ad0555e138118a117af1d391542f055add5377c7567ec886e0776a6bc868686bfbcfbeebb4f4cf43c9fd462e84e156120fdfb3ff7572857f07dfef9e7d9f5d75f9f7767561eabb4f8e242954a37e8962d5bcefa5e715567ccff8b565f8ce3c54516962c9b58b7dd76dbdf14e7fc7575754d481d8fbffb8875447fa3a6531a8d8d8dcd73e7cefdd3447579a693e7cef46fee4c95e1ef7dfae56df159abb37ea4baf64f95008a559b2294aa3d6f6fe6cc99df1582af4d2da77466cf9efddb969696aa87dfe0e0e0674d4d4deb524578d3a72ef804dfc4185ac2acb7187ed59ad41ea1376bd6ac6f0ba1b7bda1a1e1276a39a5ac182990de7feeb9e78e562bfca2a59702767d8ceb4df5e90b824ff04db414763f4b756f5731fca2db733cc7fca22539a2a5b737952bd5704a1d7e8d8d8d6f3537371f1def31bf18d31beade7c53e8093ec157b32ecf2b8be157b9e0e57caff68c0ba0465cc822f4985ca64d9bf670fa36f84d7b7bfb91f3ddc72ba62c0c5dbd39604c4ff009bed2b4fc7a8b2115531d962e5d9a9debc2f51198314faf3865a1d2bd29f49874e26acfe9d3a7ff473aa0bf5eb66cd9eef48deed4b9aec81293d3d37b7c125d9be9e72f7caa824ff095a777277dc17d7db4ad8d9e7efae97c89ba18038c9e9fca97dff819bb2cc418deca952bf365c88a2bb2142f6431a6c7646ffdfd3216954d07f8d1c71e7b6ceb92254bb67ef0c107bb0f1c3870acb89f5e045decb2100b4ec7da9bb10c590abb774d4e177c82afbc86a63af48ed386b79b4d59a0aec4b8dc502589cba2e302953dc5750087f6fe8a0ad416ab4518c7137c826f527dc1bd696879b353e71a78b10cd9f76db90520f8045f99bfe05e9a42f0f6a12d8d7a8b9bd916bfe0462f50ecb21043226a2f20f8041f00824ff00120f8041f80e053041f80e053041f80e053041f80e053041f80e053041f80e053041f80e053041f80e0137c00083ec10780e0137c00083ec10780e0137c00824fe0083e00c1a7083e807ad4d9d92970ca538ea7e03be5a804a8a29e9e9ebefefe7ea15382b27ffffe7f4fc1f7b1a312a08ad6ad5bf7b75d5d5d5f1f3c78f04fc2a7762dbd08bdb56bd77e9ecaad8e4a802a4b27db9b524b637374b3c5189332e1253ef78f851e000000000000000000000000000000d489ff0787b08f67057e53050000000049454e44ae426082, 1);

-- ----------------------------
-- Table structure for `act_ge_property`
-- ----------------------------
DROP TABLE IF EXISTS `act_ge_property`;
CREATE TABLE `act_ge_property` (
  `NAME_` varchar(64) CHARACTER SET utf8mb3 COLLATE utf8mb3_bin NOT NULL,
  `VALUE_` varchar(300) CHARACTER SET utf8mb3 COLLATE utf8mb3_bin DEFAULT NULL,
  `REV_` int DEFAULT NULL,
  PRIMARY KEY (`NAME_`) USING BTREE
) ENGINE=InnoDB DEFAULT CHARSET=utf8mb3 COLLATE=utf8mb3_bin ROW_FORMAT=DYNAMIC;

-- ----------------------------
-- Dumping data for table `act_ge_property`
-- ----------------------------
INSERT INTO `act_ge_property` VALUES ('cfg.execution-related-entities-count', 'true', 1);
INSERT INTO `act_ge_property` VALUES ('cfg.task-related-entities-count', 'true', 1);
INSERT INTO `act_ge_property` VALUES ('common.schema.version', '6.8.0.0', 1);
INSERT INTO `act_ge_property` VALUES ('eventsubscription.schema.version', '6.8.0.0', 1);
INSERT INTO `act_ge_property` VALUES ('identitylink.schema.version', '6.3.0.0', 1);
INSERT INTO `act_ge_property` VALUES ('job.schema.version', '6.8.0.0', 1);
INSERT INTO `act_ge_property` VALUES ('next.dbid', '1', 1);
INSERT INTO `act_ge_property` VALUES ('schema.version', '6.8.0.0', 1);
INSERT INTO `act_ge_property` VALUES ('task.schema.version', '6.8.0.0', 1);
INSERT INTO `act_ge_property` VALUES ('variable.schema.version', '6.8.0.0', 1);

-- ----------------------------
-- Table structure for `act_hi_actinst`
-- ----------------------------
DROP TABLE IF EXISTS `act_hi_actinst`;
CREATE TABLE `act_hi_actinst` (
  `ID_` varchar(64) CHARACTER SET utf8mb3 COLLATE utf8mb3_bin NOT NULL,
  `REV_` int DEFAULT '1',
  `PROC_DEF_ID_` varchar(64) CHARACTER SET utf8mb3 COLLATE utf8mb3_bin NOT NULL,
  `PROC_INST_ID_` varchar(64) CHARACTER SET utf8mb3 COLLATE utf8mb3_bin NOT NULL,
  `EXECUTION_ID_` varchar(64) CHARACTER SET utf8mb3 COLLATE utf8mb3_bin NOT NULL,
  `ACT_ID_` varchar(255) CHARACTER SET utf8mb3 COLLATE utf8mb3_bin NOT NULL,
  `TASK_ID_` varchar(64) CHARACTER SET utf8mb3 COLLATE utf8mb3_bin DEFAULT NULL,
  `CALL_PROC_INST_ID_` varchar(64) CHARACTER SET utf8mb3 COLLATE utf8mb3_bin DEFAULT NULL,
  `ACT_NAME_` varchar(255) CHARACTER SET utf8mb3 COLLATE utf8mb3_bin DEFAULT NULL,
  `ACT_TYPE_` varchar(255) CHARACTER SET utf8mb3 COLLATE utf8mb3_bin NOT NULL,
  `ASSIGNEE_` varchar(255) CHARACTER SET utf8mb3 COLLATE utf8mb3_bin DEFAULT NULL,
  `START_TIME_` timestamp(3) NOT NULL,
  `END_TIME_` timestamp(3) NULL DEFAULT NULL,
  `DURATION_` bigint DEFAULT NULL,
  `DELETE_REASON_` varchar(4000) CHARACTER SET utf8mb3 COLLATE utf8mb3_bin DEFAULT NULL,
  `TENANT_ID_` varchar(255) CHARACTER SET utf8mb3 COLLATE utf8mb3_bin DEFAULT '',
  `TRANSACTION_ORDER_` int DEFAULT '1',
  PRIMARY KEY (`ID_`) USING BTREE
) ENGINE=InnoDB DEFAULT CHARSET=utf8mb3 COLLATE=utf8mb3_bin ROW_FORMAT=DYNAMIC;

-- ----------------------------
-- Dumping data for table `act_hi_actinst`
-- ----------------------------
INSERT INTO `act_hi_actinst` VALUES ('1937fb14-0f2d-11f1-ac97-e8b0c5b428ba', 1, 'release_prod:1:09117590-0f2d-11f1-ac97-e8b0c5b428ba', '19358a11-0f2d-11f1-ac97-e8b0c5b428ba', '1937d403-0f2d-11f1-ac97-e8b0c5b428ba', 'startEvent', NULL, NULL, NULL, 'startEvent', NULL, '2026-02-21 21:56:19.624', '2026-02-21 21:56:19.644', 20, NULL, '', 1);
INSERT INTO `act_hi_actinst` VALUES ('193d0425-0f2d-11f1-ac97-e8b0c5b428ba', 1, 'release_prod:1:09117590-0f2d-11f1-ac97-e8b0c5b428ba', '19358a11-0f2d-11f1-ac97-e8b0c5b428ba', '1937d403-0f2d-11f1-ac97-e8b0c5b428ba', 'flow_start_step1', NULL, NULL, NULL, 'sequenceFlow', NULL, '2026-02-21 21:56:19.657', '2026-02-21 21:56:19.657', 0, NULL, '', 2);
INSERT INTO `act_hi_actinst` VALUES ('193d2b36-0f2d-11f1-ac97-e8b0c5b428ba', 1, 'release_prod:1:09117590-0f2d-11f1-ac97-e8b0c5b428ba', '19358a11-0f2d-11f1-ac97-e8b0c5b428ba', '1937d403-0f2d-11f1-ac97-e8b0c5b428ba', 'step_1', '19517687-0f2d-11f1-ac97-e8b0c5b428ba', NULL, '第1步', 'userTask', 'ejsp', '2026-02-21 21:56:19.658', NULL, NULL, NULL, '', 3);
INSERT INTO `act_hi_actinst` VALUES ('d3f4cc45-10b0-11f1-a843-e8b0c5b428ba', 1, 'release_prod:1:09117590-0f2d-11f1-ac97-e8b0c5b428ba', 'd3f149d2-10b0-11f1-a843-e8b0c5b428ba', 'd3f4a534-10b0-11f1-a843-e8b0c5b428ba', 'startEvent', NULL, NULL, NULL, 'startEvent', NULL, '2026-02-23 20:11:48.153', '2026-02-23 20:11:48.177', 24, NULL, '', 1);
INSERT INTO `act_hi_actinst` VALUES ('d3fa98a6-10b0-11f1-a843-e8b0c5b428ba', 1, 'release_prod:1:09117590-0f2d-11f1-ac97-e8b0c5b428ba', 'd3f149d2-10b0-11f1-a843-e8b0c5b428ba', 'd3f4a534-10b0-11f1-a843-e8b0c5b428ba', 'flow_start_step1', NULL, NULL, NULL, 'sequenceFlow', NULL, '2026-02-23 20:11:48.191', '2026-02-23 20:11:48.191', 0, NULL, '', 2);
INSERT INTO `act_hi_actinst` VALUES ('d3fabfb7-10b0-11f1-a843-e8b0c5b428ba', 1, 'release_prod:1:09117590-0f2d-11f1-ac97-e8b0c5b428ba', 'd3f149d2-10b0-11f1-a843-e8b0c5b428ba', 'd3f4a534-10b0-11f1-a843-e8b0c5b428ba', 'step_1', 'd40f0b08-10b0-11f1-a843-e8b0c5b428ba', NULL, '第1步', 'userTask', 'ejsp', '2026-02-23 20:11:48.191', NULL, NULL, NULL, '', 3);
INSERT INTO `act_hi_actinst` VALUES ('e99afbbc-10b1-11f1-ba14-e8b0c5b428ba', 1, 'release_prod:1:09117590-0f2d-11f1-ac97-e8b0c5b428ba', 'e9970419-10b1-11f1-ba14-e8b0c5b428ba', 'e99afbbb-10b1-11f1-ba14-e8b0c5b428ba', 'startEvent', NULL, NULL, NULL, 'startEvent', NULL, '2026-02-23 20:19:33.971', '2026-02-23 20:19:33.991', 20, NULL, '', 1);
INSERT INTO `act_hi_actinst` VALUES ('e9a0c81d-10b1-11f1-ba14-e8b0c5b428ba', 1, 'release_prod:1:09117590-0f2d-11f1-ac97-e8b0c5b428ba', 'e9970419-10b1-11f1-ba14-e8b0c5b428ba', 'e99afbbb-10b1-11f1-ba14-e8b0c5b428ba', 'flow_start_step1', NULL, NULL, NULL, 'sequenceFlow', NULL, '2026-02-23 20:19:34.008', '2026-02-23 20:19:34.008', 0, NULL, '', 2);
INSERT INTO `act_hi_actinst` VALUES ('e9a0c81e-10b1-11f1-ba14-e8b0c5b428ba', 2, 'release_prod:1:09117590-0f2d-11f1-ac97-e8b0c5b428ba', 'e9970419-10b1-11f1-ba14-e8b0c5b428ba', 'e99afbbb-10b1-11f1-ba14-e8b0c5b428ba', 'step_1', 'e9b7ab7f-10b1-11f1-ba14-e8b0c5b428ba', NULL, '第1步', 'userTask', 'ejsp', '2026-02-23 20:19:34.008', '2026-02-23 20:19:56.05', 22042, NULL, '', 3);
INSERT INTO `act_hi_actinst` VALUES ('f6c690c2-10b1-11f1-ba14-e8b0c5b428ba', 1, 'release_prod:1:09117590-0f2d-11f1-ac97-e8b0c5b428ba', 'e9970419-10b1-11f1-ba14-e8b0c5b428ba', 'e99afbbb-10b1-11f1-ba14-e8b0c5b428ba', 'flow_last_end', NULL, NULL, NULL, 'sequenceFlow', NULL, '2026-02-23 20:19:56.066', '2026-02-23 20:19:56.066', 0, NULL, '', 1);
INSERT INTO `act_hi_actinst` VALUES ('f6c928d3-10b1-11f1-ba14-e8b0c5b428ba', 1, 'release_prod:1:09117590-0f2d-11f1-ac97-e8b0c5b428ba', 'e9970419-10b1-11f1-ba14-e8b0c5b428ba', 'e99afbbb-10b1-11f1-ba14-e8b0c5b428ba', 'endEvent', NULL, NULL, NULL, 'endEvent', NULL, '2026-02-23 20:19:56.083', '2026-02-23 20:19:56.113', 30, NULL, '', 2);
INSERT INTO `act_hi_actinst` VALUES ('fb7b09cf-10ac-11f1-a966-e8b0c5b428ba', 1, 'release_prod:1:09117590-0f2d-11f1-ac97-e8b0c5b428ba', 'fb77393c-10ac-11f1-a966-e8b0c5b428ba', 'fb7ae2be-10ac-11f1-a966-e8b0c5b428ba', 'startEvent', NULL, NULL, NULL, 'startEvent', NULL, '2026-02-23 19:44:16.476', '2026-02-23 19:44:16.499', 23, NULL, '', 1);
INSERT INTO `act_hi_actinst` VALUES ('fb806100-10ac-11f1-a966-e8b0c5b428ba', 1, 'release_prod:1:09117590-0f2d-11f1-ac97-e8b0c5b428ba', 'fb77393c-10ac-11f1-a966-e8b0c5b428ba', 'fb7ae2be-10ac-11f1-a966-e8b0c5b428ba', 'flow_start_step1', NULL, NULL, NULL, 'sequenceFlow', NULL, '2026-02-23 19:44:16.511', '2026-02-23 19:44:16.511', 0, NULL, '', 2);
INSERT INTO `act_hi_actinst` VALUES ('fb806101-10ac-11f1-a966-e8b0c5b428ba', 1, 'release_prod:1:09117590-0f2d-11f1-ac97-e8b0c5b428ba', 'fb77393c-10ac-11f1-a966-e8b0c5b428ba', 'fb7ae2be-10ac-11f1-a966-e8b0c5b428ba', 'step_1', 'fb9373d2-10ac-11f1-a966-e8b0c5b428ba', NULL, '第1步', 'userTask', 'ejsp', '2026-02-23 19:44:16.511', NULL, NULL, NULL, '', 3);

-- ----------------------------
-- Table structure for `act_hi_attachment`
-- ----------------------------
DROP TABLE IF EXISTS `act_hi_attachment`;
CREATE TABLE `act_hi_attachment` (
  `ID_` varchar(64) CHARACTER SET utf8mb3 COLLATE utf8mb3_bin NOT NULL,
  `REV_` int DEFAULT NULL,
  `USER_ID_` varchar(255) CHARACTER SET utf8mb3 COLLATE utf8mb3_bin DEFAULT NULL,
  `NAME_` varchar(255) CHARACTER SET utf8mb3 COLLATE utf8mb3_bin DEFAULT NULL,
  `DESCRIPTION_` varchar(4000) CHARACTER SET utf8mb3 COLLATE utf8mb3_bin DEFAULT NULL,
  `TYPE_` varchar(255) CHARACTER SET utf8mb3 COLLATE utf8mb3_bin DEFAULT NULL,
  `TASK_ID_` varchar(64) CHARACTER SET utf8mb3 COLLATE utf8mb3_bin DEFAULT NULL,
  `PROC_INST_ID_` varchar(64) CHARACTER SET utf8mb3 COLLATE utf8mb3_bin DEFAULT NULL,
  `URL_` varchar(4000) CHARACTER SET utf8mb3 COLLATE utf8mb3_bin DEFAULT NULL,
  `CONTENT_ID_` varchar(64) CHARACTER SET utf8mb3 COLLATE utf8mb3_bin DEFAULT NULL,
  `TIME_` timestamp(3) NULL DEFAULT NULL,
  PRIMARY KEY (`ID_`) USING BTREE
) ENGINE=InnoDB DEFAULT CHARSET=utf8mb3 COLLATE=utf8mb3_bin ROW_FORMAT=DYNAMIC;

-- ----------------------------
-- Dumping data for table `act_hi_attachment`
-- ----------------------------

-- ----------------------------
-- Table structure for `act_hi_comment`
-- ----------------------------
DROP TABLE IF EXISTS `act_hi_comment`;
CREATE TABLE `act_hi_comment` (
  `ID_` varchar(64) CHARACTER SET utf8mb3 COLLATE utf8mb3_bin NOT NULL,
  `TYPE_` varchar(255) CHARACTER SET utf8mb3 COLLATE utf8mb3_bin DEFAULT NULL,
  `TIME_` timestamp(3) NOT NULL,
  `USER_ID_` varchar(255) CHARACTER SET utf8mb3 COLLATE utf8mb3_bin DEFAULT NULL,
  `TASK_ID_` varchar(64) CHARACTER SET utf8mb3 COLLATE utf8mb3_bin DEFAULT NULL,
  `PROC_INST_ID_` varchar(64) CHARACTER SET utf8mb3 COLLATE utf8mb3_bin DEFAULT NULL,
  `ACTION_` varchar(255) CHARACTER SET utf8mb3 COLLATE utf8mb3_bin DEFAULT NULL,
  `MESSAGE_` varchar(4000) CHARACTER SET utf8mb3 COLLATE utf8mb3_bin DEFAULT NULL,
  `FULL_MSG_` longblob,
  PRIMARY KEY (`ID_`) USING BTREE
) ENGINE=InnoDB DEFAULT CHARSET=utf8mb3 COLLATE=utf8mb3_bin ROW_FORMAT=DYNAMIC;

-- ----------------------------
-- Dumping data for table `act_hi_comment`
-- ----------------------------

-- ----------------------------
-- Table structure for `act_hi_detail`
-- ----------------------------
DROP TABLE IF EXISTS `act_hi_detail`;
CREATE TABLE `act_hi_detail` (
  `ID_` varchar(64) CHARACTER SET utf8mb3 COLLATE utf8mb3_bin NOT NULL,
  `TYPE_` varchar(255) CHARACTER SET utf8mb3 COLLATE utf8mb3_bin NOT NULL,
  `PROC_INST_ID_` varchar(64) CHARACTER SET utf8mb3 COLLATE utf8mb3_bin DEFAULT NULL,
  `EXECUTION_ID_` varchar(64) CHARACTER SET utf8mb3 COLLATE utf8mb3_bin DEFAULT NULL,
  `TASK_ID_` varchar(64) CHARACTER SET utf8mb3 COLLATE utf8mb3_bin DEFAULT NULL,
  `ACT_INST_ID_` varchar(64) CHARACTER SET utf8mb3 COLLATE utf8mb3_bin DEFAULT NULL,
  `NAME_` varchar(255) CHARACTER SET utf8mb3 COLLATE utf8mb3_bin NOT NULL,
  `VAR_TYPE_` varchar(255) CHARACTER SET utf8mb3 COLLATE utf8mb3_bin DEFAULT NULL,
  `REV_` int DEFAULT NULL,
  `TIME_` timestamp(3) NOT NULL,
  `BYTEARRAY_ID_` varchar(64) CHARACTER SET utf8mb3 COLLATE utf8mb3_bin DEFAULT NULL,
  `DOUBLE_` double DEFAULT NULL,
  `LONG_` bigint DEFAULT NULL,
  `TEXT_` varchar(4000) CHARACTER SET utf8mb3 COLLATE utf8mb3_bin DEFAULT NULL,
  `TEXT2_` varchar(4000) CHARACTER SET utf8mb3 COLLATE utf8mb3_bin DEFAULT NULL,
  PRIMARY KEY (`ID_`) USING BTREE
) ENGINE=InnoDB DEFAULT CHARSET=utf8mb3 COLLATE=utf8mb3_bin ROW_FORMAT=DYNAMIC;

-- ----------------------------
-- Dumping data for table `act_hi_detail`
-- ----------------------------

-- ----------------------------
-- Table structure for `act_hi_identitylink`
-- ----------------------------
DROP TABLE IF EXISTS `act_hi_identitylink`;
CREATE TABLE `act_hi_identitylink` (
  `ID_` varchar(64) CHARACTER SET utf8mb3 COLLATE utf8mb3_bin NOT NULL,
  `GROUP_ID_` varchar(255) CHARACTER SET utf8mb3 COLLATE utf8mb3_bin DEFAULT NULL,
  `TYPE_` varchar(255) CHARACTER SET utf8mb3 COLLATE utf8mb3_bin DEFAULT NULL,
  `USER_ID_` varchar(255) CHARACTER SET utf8mb3 COLLATE utf8mb3_bin DEFAULT NULL,
  `TASK_ID_` varchar(64) CHARACTER SET utf8mb3 COLLATE utf8mb3_bin DEFAULT NULL,
  `PROC_INST_ID_` varchar(64) CHARACTER SET utf8mb3 COLLATE utf8mb3_bin DEFAULT NULL,
  `SCOPE_ID_` varchar(255) CHARACTER SET utf8mb3 COLLATE utf8mb3_bin DEFAULT NULL,
  `SUB_SCOPE_ID_` varchar(255) CHARACTER SET utf8mb3 COLLATE utf8mb3_bin DEFAULT NULL,
  `SCOPE_TYPE_` varchar(255) CHARACTER SET utf8mb3 COLLATE utf8mb3_bin DEFAULT NULL,
  `SCOPE_DEFINITION_ID_` varchar(255) CHARACTER SET utf8mb3 COLLATE utf8mb3_bin DEFAULT NULL,
  `CREATE_TIME_` timestamp(3) NULL DEFAULT NULL,
  PRIMARY KEY (`ID_`) USING BTREE
) ENGINE=InnoDB DEFAULT CHARSET=utf8mb3 COLLATE=utf8mb3_bin ROW_FORMAT=DYNAMIC;

-- ----------------------------
-- Dumping data for table `act_hi_identitylink`
-- ----------------------------
INSERT INTO `act_hi_identitylink` VALUES ('19362652-0f2d-11f1-ac97-e8b0c5b428ba', NULL, 'starter', '1', NULL, '19358a11-0f2d-11f1-ac97-e8b0c5b428ba', NULL, NULL, NULL, NULL, '2026-02-21 21:56:19.616');
INSERT INTO `act_hi_identitylink` VALUES ('195260e8-0f2d-11f1-ac97-e8b0c5b428ba', NULL, 'assignee', 'ejsp', '19517687-0f2d-11f1-ac97-e8b0c5b428ba', NULL, NULL, NULL, NULL, NULL, '2026-02-21 21:56:19.797');
INSERT INTO `act_hi_identitylink` VALUES ('195287f9-0f2d-11f1-ac97-e8b0c5b428ba', NULL, 'participant', 'ejsp', NULL, '19358a11-0f2d-11f1-ac97-e8b0c5b428ba', NULL, NULL, NULL, NULL, '2026-02-21 21:56:19.798');
INSERT INTO `act_hi_identitylink` VALUES ('d3f1e613-10b0-11f1-a843-e8b0c5b428ba', NULL, 'starter', '1', NULL, 'd3f149d2-10b0-11f1-a843-e8b0c5b428ba', NULL, NULL, NULL, NULL, '2026-02-23 20:11:48.142');
INSERT INTO `act_hi_identitylink` VALUES ('d40fce59-10b0-11f1-a843-e8b0c5b428ba', NULL, 'assignee', 'ejsp', 'd40f0b08-10b0-11f1-a843-e8b0c5b428ba', NULL, NULL, NULL, NULL, NULL, '2026-02-23 20:11:48.329');
INSERT INTO `act_hi_identitylink` VALUES ('d40ff56a-10b0-11f1-a843-e8b0c5b428ba', NULL, 'participant', 'ejsp', NULL, 'd3f149d2-10b0-11f1-a843-e8b0c5b428ba', NULL, NULL, NULL, NULL, '2026-02-23 20:11:48.33');
INSERT INTO `act_hi_identitylink` VALUES ('e997c76a-10b1-11f1-ba14-e8b0c5b428ba', NULL, 'starter', '1', NULL, 'e9970419-10b1-11f1-ba14-e8b0c5b428ba', NULL, NULL, NULL, NULL, '2026-02-23 20:19:33.959');
INSERT INTO `act_hi_identitylink` VALUES ('e9b847c0-10b1-11f1-ba14-e8b0c5b428ba', NULL, 'assignee', 'ejsp', 'e9b7ab7f-10b1-11f1-ba14-e8b0c5b428ba', NULL, NULL, NULL, NULL, NULL, '2026-02-23 20:19:34.162');
INSERT INTO `act_hi_identitylink` VALUES ('e9b86ed1-10b1-11f1-ba14-e8b0c5b428ba', NULL, 'participant', 'ejsp', NULL, 'e9970419-10b1-11f1-ba14-e8b0c5b428ba', NULL, NULL, NULL, NULL, '2026-02-23 20:19:34.163');
INSERT INTO `act_hi_identitylink` VALUES ('fb77fc8d-10ac-11f1-a966-e8b0c5b428ba', NULL, 'starter', '1', NULL, 'fb77393c-10ac-11f1-a966-e8b0c5b428ba', NULL, NULL, NULL, NULL, '2026-02-23 19:44:16.464');
INSERT INTO `act_hi_identitylink` VALUES ('fb945e33-10ac-11f1-a966-e8b0c5b428ba', NULL, 'assignee', 'ejsp', 'fb9373d2-10ac-11f1-a966-e8b0c5b428ba', NULL, NULL, NULL, NULL, NULL, '2026-02-23 19:44:16.642');
INSERT INTO `act_hi_identitylink` VALUES ('fb945e34-10ac-11f1-a966-e8b0c5b428ba', NULL, 'participant', 'ejsp', NULL, 'fb77393c-10ac-11f1-a966-e8b0c5b428ba', NULL, NULL, NULL, NULL, '2026-02-23 19:44:16.643');

-- ----------------------------
-- Table structure for `act_hi_procinst`
-- ----------------------------
DROP TABLE IF EXISTS `act_hi_procinst`;
CREATE TABLE `act_hi_procinst` (
  `ID_` varchar(64) CHARACTER SET utf8mb3 COLLATE utf8mb3_bin NOT NULL,
  `REV_` int DEFAULT '1',
  `PROC_INST_ID_` varchar(64) CHARACTER SET utf8mb3 COLLATE utf8mb3_bin NOT NULL,
  `BUSINESS_KEY_` varchar(255) CHARACTER SET utf8mb3 COLLATE utf8mb3_bin DEFAULT NULL,
  `PROC_DEF_ID_` varchar(64) CHARACTER SET utf8mb3 COLLATE utf8mb3_bin NOT NULL,
  `START_TIME_` timestamp(3) NOT NULL,
  `END_TIME_` timestamp(3) NULL DEFAULT NULL,
  `DURATION_` bigint DEFAULT NULL,
  `START_USER_ID_` varchar(255) CHARACTER SET utf8mb3 COLLATE utf8mb3_bin DEFAULT NULL,
  `START_ACT_ID_` varchar(255) CHARACTER SET utf8mb3 COLLATE utf8mb3_bin DEFAULT NULL,
  `END_ACT_ID_` varchar(255) CHARACTER SET utf8mb3 COLLATE utf8mb3_bin DEFAULT NULL,
  `SUPER_PROCESS_INSTANCE_ID_` varchar(64) CHARACTER SET utf8mb3 COLLATE utf8mb3_bin DEFAULT NULL,
  `DELETE_REASON_` varchar(4000) CHARACTER SET utf8mb3 COLLATE utf8mb3_bin DEFAULT NULL,
  `TENANT_ID_` varchar(255) CHARACTER SET utf8mb3 COLLATE utf8mb3_bin DEFAULT '',
  `NAME_` varchar(255) CHARACTER SET utf8mb3 COLLATE utf8mb3_bin DEFAULT NULL,
  `CALLBACK_ID_` varchar(255) CHARACTER SET utf8mb3 COLLATE utf8mb3_bin DEFAULT NULL,
  `CALLBACK_TYPE_` varchar(255) CHARACTER SET utf8mb3 COLLATE utf8mb3_bin DEFAULT NULL,
  `REFERENCE_ID_` varchar(255) CHARACTER SET utf8mb3 COLLATE utf8mb3_bin DEFAULT NULL,
  `REFERENCE_TYPE_` varchar(255) CHARACTER SET utf8mb3 COLLATE utf8mb3_bin DEFAULT NULL,
  `PROPAGATED_STAGE_INST_ID_` varchar(255) CHARACTER SET utf8mb3 COLLATE utf8mb3_bin DEFAULT NULL,
  `BUSINESS_STATUS_` varchar(255) CHARACTER SET utf8mb3 COLLATE utf8mb3_bin DEFAULT NULL,
  PRIMARY KEY (`ID_`) USING BTREE
) ENGINE=InnoDB DEFAULT CHARSET=utf8mb3 COLLATE=utf8mb3_bin ROW_FORMAT=DYNAMIC COMMENT='我发起的流程';

-- ----------------------------
-- Dumping data for table `act_hi_procinst`
-- ----------------------------
INSERT INTO `act_hi_procinst` VALUES ('e9970419-10b1-11f1-ba14-e8b0c5b428ba', 2, 'e9970419-10b1-11f1-ba14-e8b0c5b428ba', '28', 'release_prod:1:09117590-0f2d-11f1-ac97-e8b0c5b428ba', '2026-02-23 20:19:33.944', '2026-02-23 20:19:56.455', 22511, '1', 'startEvent', 'endEvent', NULL, NULL, '', NULL, NULL, NULL, NULL, NULL, NULL, NULL);

-- ----------------------------
-- Table structure for `act_hi_taskinst`
-- ----------------------------
DROP TABLE IF EXISTS `act_hi_taskinst`;
CREATE TABLE `act_hi_taskinst` (
  `ID_` varchar(64) CHARACTER SET utf8mb3 COLLATE utf8mb3_bin NOT NULL,
  `REV_` int DEFAULT '1',
  `PROC_DEF_ID_` varchar(64) CHARACTER SET utf8mb3 COLLATE utf8mb3_bin DEFAULT NULL,
  `TASK_DEF_KEY_` varchar(255) CHARACTER SET utf8mb3 COLLATE utf8mb3_bin DEFAULT NULL,
  `PROC_INST_ID_` varchar(64) CHARACTER SET utf8mb3 COLLATE utf8mb3_bin DEFAULT NULL,
  `EXECUTION_ID_` varchar(64) CHARACTER SET utf8mb3 COLLATE utf8mb3_bin DEFAULT NULL,
  `SCOPE_ID_` varchar(255) CHARACTER SET utf8mb3 COLLATE utf8mb3_bin DEFAULT NULL,
  `SUB_SCOPE_ID_` varchar(255) CHARACTER SET utf8mb3 COLLATE utf8mb3_bin DEFAULT NULL,
  `SCOPE_TYPE_` varchar(255) CHARACTER SET utf8mb3 COLLATE utf8mb3_bin DEFAULT NULL,
  `SCOPE_DEFINITION_ID_` varchar(255) CHARACTER SET utf8mb3 COLLATE utf8mb3_bin DEFAULT NULL,
  `PROPAGATED_STAGE_INST_ID_` varchar(255) CHARACTER SET utf8mb3 COLLATE utf8mb3_bin DEFAULT NULL,
  `NAME_` varchar(255) CHARACTER SET utf8mb3 COLLATE utf8mb3_bin DEFAULT NULL,
  `PARENT_TASK_ID_` varchar(64) CHARACTER SET utf8mb3 COLLATE utf8mb3_bin DEFAULT NULL,
  `DESCRIPTION_` varchar(4000) CHARACTER SET utf8mb3 COLLATE utf8mb3_bin DEFAULT NULL,
  `OWNER_` varchar(255) CHARACTER SET utf8mb3 COLLATE utf8mb3_bin DEFAULT NULL,
  `ASSIGNEE_` varchar(255) CHARACTER SET utf8mb3 COLLATE utf8mb3_bin DEFAULT NULL,
  `START_TIME_` timestamp(3) NOT NULL,
  `CLAIM_TIME_` timestamp(3) NULL DEFAULT NULL,
  `END_TIME_` timestamp(3) NULL DEFAULT NULL,
  `DURATION_` bigint DEFAULT NULL,
  `DELETE_REASON_` varchar(4000) CHARACTER SET utf8mb3 COLLATE utf8mb3_bin DEFAULT NULL,
  `PRIORITY_` int DEFAULT NULL,
  `DUE_DATE_` timestamp(3) NULL DEFAULT NULL,
  `FORM_KEY_` varchar(255) CHARACTER SET utf8mb3 COLLATE utf8mb3_bin DEFAULT NULL,
  `CATEGORY_` varchar(255) CHARACTER SET utf8mb3 COLLATE utf8mb3_bin DEFAULT NULL,
  `TENANT_ID_` varchar(255) CHARACTER SET utf8mb3 COLLATE utf8mb3_bin DEFAULT '',
  `LAST_UPDATED_TIME_` timestamp(3) NULL DEFAULT NULL,
  `TASK_DEF_ID_` varchar(64) CHARACTER SET utf8mb3 COLLATE utf8mb3_bin DEFAULT NULL,
  `TRANSACTION_ORDER_` int DEFAULT '1',
  PRIMARY KEY (`ID_`) USING BTREE
) ENGINE=InnoDB DEFAULT CHARSET=utf8mb3 COLLATE=utf8mb3_bin ROW_FORMAT=DYNAMIC;

-- ----------------------------
-- Dumping data for table `act_hi_taskinst`
-- ----------------------------
INSERT INTO `act_hi_taskinst` VALUES ('19517687-0f2d-11f1-ac97-e8b0c5b428ba', 1, 'release_prod:1:09117590-0f2d-11f1-ac97-e8b0c5b428ba', 'step_1', '19358a11-0f2d-11f1-ac97-e8b0c5b428ba', '1937d403-0f2d-11f1-ac97-e8b0c5b428ba', NULL, NULL, NULL, NULL, NULL, '第1步', NULL, NULL, NULL, 'ejsp', '2026-02-21 21:56:19.659', NULL, NULL, NULL, NULL, 50, NULL, NULL, NULL, '', '2026-02-21 21:56:19.796', NULL, 1);
INSERT INTO `act_hi_taskinst` VALUES ('5ce9306a-0cc6-11f1-bd69-e8b0c5b428ba', 1, 'release_100_prod:4:5cbd8c84-0cc6-11f1-bd69-e8b0c5b428ba', 'step_1', '5ce8bb35-0cc6-11f1-bd69-e8b0c5b428ba', '5ce90956-0cc6-11f1-bd69-e8b0c5b428ba', NULL, NULL, NULL, NULL, NULL, 'Approval Step 1', NULL, NULL, NULL, NULL, '2026-02-18 20:35:52.703', NULL, NULL, NULL, NULL, 50, NULL, NULL, NULL, '', '2026-02-18 20:35:52.704', NULL, 1);
INSERT INTO `act_hi_taskinst` VALUES ('d40f0b08-10b0-11f1-a843-e8b0c5b428ba', 1, 'release_prod:1:09117590-0f2d-11f1-ac97-e8b0c5b428ba', 'step_1', 'd3f149d2-10b0-11f1-a843-e8b0c5b428ba', 'd3f4a534-10b0-11f1-a843-e8b0c5b428ba', NULL, NULL, NULL, NULL, NULL, '第1步', NULL, NULL, NULL, 'ejsp', '2026-02-23 20:11:48.191', NULL, NULL, NULL, NULL, 50, NULL, NULL, NULL, '', '2026-02-23 20:11:48.329', NULL, 1);
INSERT INTO `act_hi_taskinst` VALUES ('e43f72f0-0cc5-11f1-bd69-e8b0c5b428ba', 1, 'release_100_prod:3:e3cdec6a-0cc5-11f1-bd69-e8b0c5b428ba', 'step_1', 'e421b1bb-0cc5-11f1-bd69-e8b0c5b428ba', 'e422ea3c-0cc5-11f1-bd69-e8b0c5b428ba', NULL, NULL, NULL, NULL, NULL, 'Approval Step 1', NULL, NULL, NULL, NULL, '2026-02-18 20:32:30.149', NULL, NULL, NULL, NULL, 50, NULL, NULL, NULL, '', '2026-02-18 20:32:30.272', NULL, 1);
INSERT INTO `act_hi_taskinst` VALUES ('e9b7ab7f-10b1-11f1-ba14-e8b0c5b428ba', 2, 'release_prod:1:09117590-0f2d-11f1-ac97-e8b0c5b428ba', 'step_1', 'e9970419-10b1-11f1-ba14-e8b0c5b428ba', 'e99afbbb-10b1-11f1-ba14-e8b0c5b428ba', NULL, NULL, NULL, NULL, NULL, '第1步', NULL, NULL, NULL, 'ejsp', '2026-02-23 20:19:34.008', NULL, '2026-02-23 20:19:55.999', 21991, NULL, 50, NULL, NULL, NULL, '', '2026-02-23 20:19:55.999', NULL, 1);
INSERT INTO `act_hi_taskinst` VALUES ('fb9373d2-10ac-11f1-a966-e8b0c5b428ba', 1, 'release_prod:1:09117590-0f2d-11f1-ac97-e8b0c5b428ba', 'step_1', 'fb77393c-10ac-11f1-a966-e8b0c5b428ba', 'fb7ae2be-10ac-11f1-a966-e8b0c5b428ba', NULL, NULL, NULL, NULL, NULL, '第1步', NULL, NULL, NULL, 'ejsp', '2026-02-23 19:44:16.513', NULL, NULL, NULL, NULL, 50, NULL, NULL, NULL, '', '2026-02-23 19:44:16.641', NULL, 1);

-- ----------------------------
-- Table structure for `act_hi_varinst`
-- ----------------------------
DROP TABLE IF EXISTS `act_hi_varinst`;
CREATE TABLE `act_hi_varinst` (
  `ID_` varchar(64) CHARACTER SET utf8mb3 COLLATE utf8mb3_bin NOT NULL,
  `REV_` int DEFAULT '1',
  `PROC_INST_ID_` varchar(64) CHARACTER SET utf8mb3 COLLATE utf8mb3_bin DEFAULT NULL,
  `EXECUTION_ID_` varchar(64) CHARACTER SET utf8mb3 COLLATE utf8mb3_bin DEFAULT NULL,
  `TASK_ID_` varchar(64) CHARACTER SET utf8mb3 COLLATE utf8mb3_bin DEFAULT NULL,
  `NAME_` varchar(255) CHARACTER SET utf8mb3 COLLATE utf8mb3_bin NOT NULL,
  `VAR_TYPE_` varchar(100) CHARACTER SET utf8mb3 COLLATE utf8mb3_bin DEFAULT NULL,
  `SCOPE_ID_` varchar(255) CHARACTER SET utf8mb3 COLLATE utf8mb3_bin DEFAULT NULL,
  `SUB_SCOPE_ID_` varchar(255) CHARACTER SET utf8mb3 COLLATE utf8mb3_bin DEFAULT NULL,
  `SCOPE_TYPE_` varchar(255) CHARACTER SET utf8mb3 COLLATE utf8mb3_bin DEFAULT NULL,
  `BYTEARRAY_ID_` varchar(64) CHARACTER SET utf8mb3 COLLATE utf8mb3_bin DEFAULT NULL,
  `DOUBLE_` double DEFAULT NULL,
  `LONG_` bigint DEFAULT NULL,
  `TEXT_` varchar(4000) CHARACTER SET utf8mb3 COLLATE utf8mb3_bin DEFAULT NULL,
  `TEXT2_` varchar(4000) CHARACTER SET utf8mb3 COLLATE utf8mb3_bin DEFAULT NULL,
  `CREATE_TIME_` timestamp(3) NULL DEFAULT NULL,
  `LAST_UPDATED_TIME_` timestamp(3) NULL DEFAULT NULL,
  `TRANSACTION_ORDER_` int DEFAULT '1',
  PRIMARY KEY (`ID_`) USING BTREE
) ENGINE=InnoDB DEFAULT CHARSET=utf8mb3 COLLATE=utf8mb3_bin ROW_FORMAT=DYNAMIC;

-- ----------------------------
-- Dumping data for table `act_hi_varinst`
-- ----------------------------

-- ----------------------------
-- Table structure for `act_procdef_info`
-- ----------------------------
DROP TABLE IF EXISTS `act_procdef_info`;
CREATE TABLE `act_procdef_info` (
  `ID_` varchar(64) CHARACTER SET utf8mb3 COLLATE utf8mb3_bin NOT NULL,
  `PROC_DEF_ID_` varchar(64) CHARACTER SET utf8mb3 COLLATE utf8mb3_bin NOT NULL,
  `REV_` int DEFAULT NULL,
  `INFO_JSON_ID_` varchar(64) CHARACTER SET utf8mb3 COLLATE utf8mb3_bin DEFAULT NULL,
  PRIMARY KEY (`ID_`) USING BTREE
) ENGINE=InnoDB DEFAULT CHARSET=utf8mb3 COLLATE=utf8mb3_bin ROW_FORMAT=DYNAMIC;

-- ----------------------------
-- Dumping data for table `act_procdef_info`
-- ----------------------------

-- ----------------------------
-- Table structure for `act_re_deployment`
-- ----------------------------
DROP TABLE IF EXISTS `act_re_deployment`;
CREATE TABLE `act_re_deployment` (
  `ID_` varchar(64) CHARACTER SET utf8mb3 COLLATE utf8mb3_bin NOT NULL,
  `NAME_` varchar(255) CHARACTER SET utf8mb3 COLLATE utf8mb3_bin DEFAULT NULL,
  `CATEGORY_` varchar(255) CHARACTER SET utf8mb3 COLLATE utf8mb3_bin DEFAULT NULL,
  `KEY_` varchar(255) CHARACTER SET utf8mb3 COLLATE utf8mb3_bin DEFAULT NULL,
  `TENANT_ID_` varchar(255) CHARACTER SET utf8mb3 COLLATE utf8mb3_bin DEFAULT '',
  `DEPLOY_TIME_` timestamp(3) NULL DEFAULT NULL,
  `DERIVED_FROM_` varchar(64) CHARACTER SET utf8mb3 COLLATE utf8mb3_bin DEFAULT NULL,
  `DERIVED_FROM_ROOT_` varchar(64) CHARACTER SET utf8mb3 COLLATE utf8mb3_bin DEFAULT NULL,
  `PARENT_DEPLOYMENT_ID_` varchar(255) CHARACTER SET utf8mb3 COLLATE utf8mb3_bin DEFAULT NULL,
  `ENGINE_VERSION_` varchar(255) CHARACTER SET utf8mb3 COLLATE utf8mb3_bin DEFAULT NULL,
  PRIMARY KEY (`ID_`) USING BTREE
) ENGINE=InnoDB DEFAULT CHARSET=utf8mb3 COLLATE=utf8mb3_bin ROW_FORMAT=DYNAMIC;

-- ----------------------------
-- Dumping data for table `act_re_deployment`
-- ----------------------------
INSERT INTO `act_re_deployment` VALUES ('08cccb6d-0f2d-11f1-ac97-e8b0c5b428ba', '全局默认-prod发布审批', NULL, NULL, '', '2026-02-21 21:55:52.078', NULL, NULL, '08cccb6d-0f2d-11f1-ac97-e8b0c5b428ba', NULL);

-- ----------------------------
-- Table structure for `act_re_model`
-- ----------------------------
DROP TABLE IF EXISTS `act_re_model`;
CREATE TABLE `act_re_model` (
  `ID_` varchar(64) CHARACTER SET utf8mb3 COLLATE utf8mb3_bin NOT NULL,
  `REV_` int DEFAULT NULL,
  `NAME_` varchar(255) CHARACTER SET utf8mb3 COLLATE utf8mb3_bin DEFAULT NULL,
  `KEY_` varchar(255) CHARACTER SET utf8mb3 COLLATE utf8mb3_bin DEFAULT NULL,
  `CATEGORY_` varchar(255) CHARACTER SET utf8mb3 COLLATE utf8mb3_bin DEFAULT NULL,
  `CREATE_TIME_` timestamp(3) NULL DEFAULT NULL,
  `LAST_UPDATE_TIME_` timestamp(3) NULL DEFAULT NULL,
  `VERSION_` int DEFAULT NULL,
  `META_INFO_` varchar(4000) CHARACTER SET utf8mb3 COLLATE utf8mb3_bin DEFAULT NULL,
  `DEPLOYMENT_ID_` varchar(64) CHARACTER SET utf8mb3 COLLATE utf8mb3_bin DEFAULT NULL,
  `EDITOR_SOURCE_VALUE_ID_` varchar(64) CHARACTER SET utf8mb3 COLLATE utf8mb3_bin DEFAULT NULL,
  `EDITOR_SOURCE_EXTRA_VALUE_ID_` varchar(64) CHARACTER SET utf8mb3 COLLATE utf8mb3_bin DEFAULT NULL,
  `TENANT_ID_` varchar(255) CHARACTER SET utf8mb3 COLLATE utf8mb3_bin DEFAULT '',
  PRIMARY KEY (`ID_`) USING BTREE
) ENGINE=InnoDB DEFAULT CHARSET=utf8mb3 COLLATE=utf8mb3_bin ROW_FORMAT=DYNAMIC;

-- ----------------------------
-- Dumping data for table `act_re_model`
-- ----------------------------

-- ----------------------------
-- Table structure for `act_re_procdef`
-- ----------------------------
DROP TABLE IF EXISTS `act_re_procdef`;
CREATE TABLE `act_re_procdef` (
  `ID_` varchar(64) CHARACTER SET utf8mb3 COLLATE utf8mb3_bin NOT NULL,
  `REV_` int DEFAULT NULL,
  `CATEGORY_` varchar(255) CHARACTER SET utf8mb3 COLLATE utf8mb3_bin DEFAULT NULL,
  `NAME_` varchar(255) CHARACTER SET utf8mb3 COLLATE utf8mb3_bin DEFAULT NULL,
  `KEY_` varchar(255) CHARACTER SET utf8mb3 COLLATE utf8mb3_bin NOT NULL,
  `VERSION_` int NOT NULL,
  `DEPLOYMENT_ID_` varchar(64) CHARACTER SET utf8mb3 COLLATE utf8mb3_bin DEFAULT NULL,
  `RESOURCE_NAME_` varchar(4000) CHARACTER SET utf8mb3 COLLATE utf8mb3_bin DEFAULT NULL,
  `DGRM_RESOURCE_NAME_` varchar(4000) CHARACTER SET utf8mb3 COLLATE utf8mb3_bin DEFAULT NULL,
  `DESCRIPTION_` varchar(4000) CHARACTER SET utf8mb3 COLLATE utf8mb3_bin DEFAULT NULL,
  `HAS_START_FORM_KEY_` tinyint DEFAULT NULL,
  `HAS_GRAPHICAL_NOTATION_` tinyint DEFAULT NULL,
  `SUSPENSION_STATE_` int DEFAULT NULL,
  `TENANT_ID_` varchar(255) CHARACTER SET utf8mb3 COLLATE utf8mb3_bin DEFAULT '',
  `ENGINE_VERSION_` varchar(255) CHARACTER SET utf8mb3 COLLATE utf8mb3_bin DEFAULT NULL,
  `DERIVED_FROM_` varchar(64) CHARACTER SET utf8mb3 COLLATE utf8mb3_bin DEFAULT NULL,
  `DERIVED_FROM_ROOT_` varchar(64) CHARACTER SET utf8mb3 COLLATE utf8mb3_bin DEFAULT NULL,
  `DERIVED_VERSION_` int NOT NULL DEFAULT '0',
  PRIMARY KEY (`ID_`) USING BTREE
) ENGINE=InnoDB DEFAULT CHARSET=utf8mb3 COLLATE=utf8mb3_bin ROW_FORMAT=DYNAMIC;

-- ----------------------------
-- Dumping data for table `act_re_procdef`
-- ----------------------------
INSERT INTO `act_re_procdef` VALUES ('release_prod:1:09117590-0f2d-11f1-ac97-e8b0c5b428ba', 1, 'http://www.flowable.org/processdef', '全局默认-prod发布审批', 'release_prod', 1, '08cccb6d-0f2d-11f1-ac97-e8b0c5b428ba', 'release_prod.bpmn20.xml', 'release_prod.release_prod.png', NULL, 0, 1, 1, '', NULL, NULL, NULL, 0);

-- ----------------------------
-- Table structure for `act_ru_actinst`
-- ----------------------------
DROP TABLE IF EXISTS `act_ru_actinst`;
CREATE TABLE `act_ru_actinst` (
  `ID_` varchar(64) CHARACTER SET utf8mb3 COLLATE utf8mb3_bin NOT NULL,
  `REV_` int DEFAULT '1',
  `PROC_DEF_ID_` varchar(64) CHARACTER SET utf8mb3 COLLATE utf8mb3_bin NOT NULL,
  `PROC_INST_ID_` varchar(64) CHARACTER SET utf8mb3 COLLATE utf8mb3_bin NOT NULL,
  `EXECUTION_ID_` varchar(64) CHARACTER SET utf8mb3 COLLATE utf8mb3_bin NOT NULL,
  `ACT_ID_` varchar(255) CHARACTER SET utf8mb3 COLLATE utf8mb3_bin NOT NULL,
  `TASK_ID_` varchar(64) CHARACTER SET utf8mb3 COLLATE utf8mb3_bin DEFAULT NULL,
  `CALL_PROC_INST_ID_` varchar(64) CHARACTER SET utf8mb3 COLLATE utf8mb3_bin DEFAULT NULL,
  `ACT_NAME_` varchar(255) CHARACTER SET utf8mb3 COLLATE utf8mb3_bin DEFAULT NULL,
  `ACT_TYPE_` varchar(255) CHARACTER SET utf8mb3 COLLATE utf8mb3_bin NOT NULL,
  `ASSIGNEE_` varchar(255) CHARACTER SET utf8mb3 COLLATE utf8mb3_bin DEFAULT NULL,
  `START_TIME_` timestamp(3) NOT NULL,
  `END_TIME_` timestamp(3) NULL DEFAULT NULL,
  `DURATION_` bigint DEFAULT NULL,
  `DELETE_REASON_` varchar(4000) CHARACTER SET utf8mb3 COLLATE utf8mb3_bin DEFAULT NULL,
  `TENANT_ID_` varchar(255) CHARACTER SET utf8mb3 COLLATE utf8mb3_bin DEFAULT '',
  `TRANSACTION_ORDER_` int DEFAULT '1',
  PRIMARY KEY (`ID_`) USING BTREE
) ENGINE=InnoDB DEFAULT CHARSET=utf8mb3 COLLATE=utf8mb3_bin ROW_FORMAT=DYNAMIC;

-- ----------------------------
-- Dumping data for table `act_ru_actinst`
-- ----------------------------
INSERT INTO `act_ru_actinst` VALUES ('1937fb14-0f2d-11f1-ac97-e8b0c5b428ba', 1, 'release_prod:1:09117590-0f2d-11f1-ac97-e8b0c5b428ba', '19358a11-0f2d-11f1-ac97-e8b0c5b428ba', '1937d403-0f2d-11f1-ac97-e8b0c5b428ba', 'startEvent', NULL, NULL, NULL, 'startEvent', NULL, '2026-02-21 21:56:19.624', '2026-02-21 21:56:19.644', 20, NULL, '', 1);
INSERT INTO `act_ru_actinst` VALUES ('193d0425-0f2d-11f1-ac97-e8b0c5b428ba', 1, 'release_prod:1:09117590-0f2d-11f1-ac97-e8b0c5b428ba', '19358a11-0f2d-11f1-ac97-e8b0c5b428ba', '1937d403-0f2d-11f1-ac97-e8b0c5b428ba', 'flow_start_step1', NULL, NULL, NULL, 'sequenceFlow', NULL, '2026-02-21 21:56:19.657', '2026-02-21 21:56:19.657', 0, NULL, '', 2);
INSERT INTO `act_ru_actinst` VALUES ('193d2b36-0f2d-11f1-ac97-e8b0c5b428ba', 1, 'release_prod:1:09117590-0f2d-11f1-ac97-e8b0c5b428ba', '19358a11-0f2d-11f1-ac97-e8b0c5b428ba', '1937d403-0f2d-11f1-ac97-e8b0c5b428ba', 'step_1', '19517687-0f2d-11f1-ac97-e8b0c5b428ba', NULL, '第1步', 'userTask', 'ejsp', '2026-02-21 21:56:19.658', NULL, NULL, NULL, '', 3);
INSERT INTO `act_ru_actinst` VALUES ('d3f4cc45-10b0-11f1-a843-e8b0c5b428ba', 1, 'release_prod:1:09117590-0f2d-11f1-ac97-e8b0c5b428ba', 'd3f149d2-10b0-11f1-a843-e8b0c5b428ba', 'd3f4a534-10b0-11f1-a843-e8b0c5b428ba', 'startEvent', NULL, NULL, NULL, 'startEvent', NULL, '2026-02-23 20:11:48.153', '2026-02-23 20:11:48.177', 24, NULL, '', 1);
INSERT INTO `act_ru_actinst` VALUES ('d3fa98a6-10b0-11f1-a843-e8b0c5b428ba', 1, 'release_prod:1:09117590-0f2d-11f1-ac97-e8b0c5b428ba', 'd3f149d2-10b0-11f1-a843-e8b0c5b428ba', 'd3f4a534-10b0-11f1-a843-e8b0c5b428ba', 'flow_start_step1', NULL, NULL, NULL, 'sequenceFlow', NULL, '2026-02-23 20:11:48.191', '2026-02-23 20:11:48.191', 0, NULL, '', 2);
INSERT INTO `act_ru_actinst` VALUES ('d3fabfb7-10b0-11f1-a843-e8b0c5b428ba', 1, 'release_prod:1:09117590-0f2d-11f1-ac97-e8b0c5b428ba', 'd3f149d2-10b0-11f1-a843-e8b0c5b428ba', 'd3f4a534-10b0-11f1-a843-e8b0c5b428ba', 'step_1', 'd40f0b08-10b0-11f1-a843-e8b0c5b428ba', NULL, '第1步', 'userTask', 'ejsp', '2026-02-23 20:11:48.191', NULL, NULL, NULL, '', 3);
INSERT INTO `act_ru_actinst` VALUES ('fb7b09cf-10ac-11f1-a966-e8b0c5b428ba', 1, 'release_prod:1:09117590-0f2d-11f1-ac97-e8b0c5b428ba', 'fb77393c-10ac-11f1-a966-e8b0c5b428ba', 'fb7ae2be-10ac-11f1-a966-e8b0c5b428ba', 'startEvent', NULL, NULL, NULL, 'startEvent', NULL, '2026-02-23 19:44:16.476', '2026-02-23 19:44:16.499', 23, NULL, '', 1);
INSERT INTO `act_ru_actinst` VALUES ('fb806100-10ac-11f1-a966-e8b0c5b428ba', 1, 'release_prod:1:09117590-0f2d-11f1-ac97-e8b0c5b428ba', 'fb77393c-10ac-11f1-a966-e8b0c5b428ba', 'fb7ae2be-10ac-11f1-a966-e8b0c5b428ba', 'flow_start_step1', NULL, NULL, NULL, 'sequenceFlow', NULL, '2026-02-23 19:44:16.511', '2026-02-23 19:44:16.511', 0, NULL, '', 2);
INSERT INTO `act_ru_actinst` VALUES ('fb806101-10ac-11f1-a966-e8b0c5b428ba', 1, 'release_prod:1:09117590-0f2d-11f1-ac97-e8b0c5b428ba', 'fb77393c-10ac-11f1-a966-e8b0c5b428ba', 'fb7ae2be-10ac-11f1-a966-e8b0c5b428ba', 'step_1', 'fb9373d2-10ac-11f1-a966-e8b0c5b428ba', NULL, '第1步', 'userTask', 'ejsp', '2026-02-23 19:44:16.511', NULL, NULL, NULL, '', 3);

-- ----------------------------
-- Table structure for `act_ru_deadletter_job`
-- ----------------------------
DROP TABLE IF EXISTS `act_ru_deadletter_job`;
CREATE TABLE `act_ru_deadletter_job` (
  `ID_` varchar(64) CHARACTER SET utf8mb3 COLLATE utf8mb3_bin NOT NULL,
  `REV_` int DEFAULT NULL,
  `TYPE_` varchar(255) CHARACTER SET utf8mb3 COLLATE utf8mb3_bin NOT NULL,
  `EXCLUSIVE_` tinyint(1) DEFAULT NULL,
  `EXECUTION_ID_` varchar(64) CHARACTER SET utf8mb3 COLLATE utf8mb3_bin DEFAULT NULL,
  `PROCESS_INSTANCE_ID_` varchar(64) CHARACTER SET utf8mb3 COLLATE utf8mb3_bin DEFAULT NULL,
  `PROC_DEF_ID_` varchar(64) CHARACTER SET utf8mb3 COLLATE utf8mb3_bin DEFAULT NULL,
  `ELEMENT_ID_` varchar(255) CHARACTER SET utf8mb3 COLLATE utf8mb3_bin DEFAULT NULL,
  `ELEMENT_NAME_` varchar(255) CHARACTER SET utf8mb3 COLLATE utf8mb3_bin DEFAULT NULL,
  `SCOPE_ID_` varchar(255) CHARACTER SET utf8mb3 COLLATE utf8mb3_bin DEFAULT NULL,
  `SUB_SCOPE_ID_` varchar(255) CHARACTER SET utf8mb3 COLLATE utf8mb3_bin DEFAULT NULL,
  `SCOPE_TYPE_` varchar(255) CHARACTER SET utf8mb3 COLLATE utf8mb3_bin DEFAULT NULL,
  `SCOPE_DEFINITION_ID_` varchar(255) CHARACTER SET utf8mb3 COLLATE utf8mb3_bin DEFAULT NULL,
  `EXCEPTION_STACK_ID_` varchar(64) CHARACTER SET utf8mb3 COLLATE utf8mb3_bin DEFAULT NULL,
  `EXCEPTION_MSG_` varchar(4000) CHARACTER SET utf8mb3 COLLATE utf8mb3_bin DEFAULT NULL,
  `DUEDATE_` timestamp(3) NULL DEFAULT NULL,
  `REPEAT_` varchar(255) CHARACTER SET utf8mb3 COLLATE utf8mb3_bin DEFAULT NULL,
  `HANDLER_TYPE_` varchar(255) CHARACTER SET utf8mb3 COLLATE utf8mb3_bin DEFAULT NULL,
  `HANDLER_CFG_` varchar(4000) CHARACTER SET utf8mb3 COLLATE utf8mb3_bin DEFAULT NULL,
  `CUSTOM_VALUES_ID_` varchar(64) CHARACTER SET utf8mb3 COLLATE utf8mb3_bin DEFAULT NULL,
  `CREATE_TIME_` timestamp(3) NULL DEFAULT NULL,
  `TENANT_ID_` varchar(255) CHARACTER SET utf8mb3 COLLATE utf8mb3_bin DEFAULT '',
  PRIMARY KEY (`ID_`) USING BTREE
) ENGINE=InnoDB DEFAULT CHARSET=utf8mb3 COLLATE=utf8mb3_bin ROW_FORMAT=DYNAMIC;

-- ----------------------------
-- Dumping data for table `act_ru_deadletter_job`
-- ----------------------------

-- ----------------------------
-- Table structure for `act_ru_event_subscr`
-- ----------------------------
DROP TABLE IF EXISTS `act_ru_event_subscr`;
CREATE TABLE `act_ru_event_subscr` (
  `ID_` varchar(64) CHARACTER SET utf8mb3 COLLATE utf8mb3_bin NOT NULL,
  `REV_` int DEFAULT NULL,
  `EVENT_TYPE_` varchar(255) CHARACTER SET utf8mb3 COLLATE utf8mb3_bin NOT NULL,
  `EVENT_NAME_` varchar(255) CHARACTER SET utf8mb3 COLLATE utf8mb3_bin DEFAULT NULL,
  `EXECUTION_ID_` varchar(64) CHARACTER SET utf8mb3 COLLATE utf8mb3_bin DEFAULT NULL,
  `PROC_INST_ID_` varchar(64) CHARACTER SET utf8mb3 COLLATE utf8mb3_bin DEFAULT NULL,
  `ACTIVITY_ID_` varchar(64) CHARACTER SET utf8mb3 COLLATE utf8mb3_bin DEFAULT NULL,
  `CONFIGURATION_` varchar(255) CHARACTER SET utf8mb3 COLLATE utf8mb3_bin DEFAULT NULL,
  `CREATED_` timestamp(3) NOT NULL DEFAULT CURRENT_TIMESTAMP(3),
  `PROC_DEF_ID_` varchar(64) CHARACTER SET utf8mb3 COLLATE utf8mb3_bin DEFAULT NULL,
  `TENANT_ID_` varchar(255) CHARACTER SET utf8mb3 COLLATE utf8mb3_bin DEFAULT '',
  PRIMARY KEY (`ID_`) USING BTREE,
  KEY `ACT_IDX_EVENT_SUBSCR_CONFIG_` (`CONFIGURATION_`) USING BTREE
) ENGINE=InnoDB DEFAULT CHARSET=utf8mb3 COLLATE=utf8mb3_bin ROW_FORMAT=DYNAMIC;

-- ----------------------------
-- Dumping data for table `act_ru_event_subscr`
-- ----------------------------

-- ----------------------------
-- Table structure for `act_ru_execution`
-- ----------------------------
DROP TABLE IF EXISTS `act_ru_execution`;
CREATE TABLE `act_ru_execution` (
  `ID_` varchar(64) CHARACTER SET utf8mb3 COLLATE utf8mb3_bin NOT NULL,
  `REV_` int DEFAULT NULL,
  `PROC_INST_ID_` varchar(64) CHARACTER SET utf8mb3 COLLATE utf8mb3_bin DEFAULT NULL,
  `BUSINESS_KEY_` varchar(255) CHARACTER SET utf8mb3 COLLATE utf8mb3_bin DEFAULT NULL,
  `PARENT_ID_` varchar(64) CHARACTER SET utf8mb3 COLLATE utf8mb3_bin DEFAULT NULL,
  `PROC_DEF_ID_` varchar(64) CHARACTER SET utf8mb3 COLLATE utf8mb3_bin DEFAULT NULL,
  `SUPER_EXEC_` varchar(64) CHARACTER SET utf8mb3 COLLATE utf8mb3_bin DEFAULT NULL,
  `ROOT_PROC_INST_ID_` varchar(64) CHARACTER SET utf8mb3 COLLATE utf8mb3_bin DEFAULT NULL,
  `ACT_ID_` varchar(255) CHARACTER SET utf8mb3 COLLATE utf8mb3_bin DEFAULT NULL,
  `IS_ACTIVE_` tinyint DEFAULT NULL,
  `IS_CONCURRENT_` tinyint DEFAULT NULL,
  `IS_SCOPE_` tinyint DEFAULT NULL,
  `IS_EVENT_SCOPE_` tinyint DEFAULT NULL,
  `IS_MI_ROOT_` tinyint DEFAULT NULL,
  `SUSPENSION_STATE_` int DEFAULT NULL,
  `CACHED_ENT_STATE_` int DEFAULT NULL,
  `TENANT_ID_` varchar(255) CHARACTER SET utf8mb3 COLLATE utf8mb3_bin DEFAULT '',
  `NAME_` varchar(255) CHARACTER SET utf8mb3 COLLATE utf8mb3_bin DEFAULT NULL,
  `START_ACT_ID_` varchar(255) CHARACTER SET utf8mb3 COLLATE utf8mb3_bin DEFAULT NULL,
  `START_TIME_` timestamp(3) NULL DEFAULT NULL,
  `START_USER_ID_` varchar(255) CHARACTER SET utf8mb3 COLLATE utf8mb3_bin DEFAULT NULL,
  `LOCK_TIME_` timestamp(3) NULL DEFAULT NULL,
  `IS_COUNT_ENABLED_` tinyint DEFAULT NULL,
  `EVT_SUBSCR_COUNT_` int DEFAULT NULL,
  `TASK_COUNT_` int DEFAULT NULL,
  `JOB_COUNT_` int DEFAULT NULL,
  `TIMER_JOB_COUNT_` int DEFAULT NULL,
  `SUSP_JOB_COUNT_` int DEFAULT NULL,
  `DEADLETTER_JOB_COUNT_` int DEFAULT NULL,
  `VAR_COUNT_` int DEFAULT NULL,
  `ID_LINK_COUNT_` int DEFAULT NULL,
  `CALLBACK_ID_` varchar(255) CHARACTER SET utf8mb3 COLLATE utf8mb3_bin DEFAULT NULL,
  `CALLBACK_TYPE_` varchar(255) CHARACTER SET utf8mb3 COLLATE utf8mb3_bin DEFAULT NULL,
  `REFERENCE_ID_` varchar(255) CHARACTER SET utf8mb3 COLLATE utf8mb3_bin DEFAULT NULL,
  `REFERENCE_TYPE_` varchar(255) CHARACTER SET utf8mb3 COLLATE utf8mb3_bin DEFAULT NULL,
  `PROPAGATED_STAGE_INST_ID_` varchar(255) CHARACTER SET utf8mb3 COLLATE utf8mb3_bin DEFAULT NULL,
  `BUSINESS_STATUS_` varchar(255) CHARACTER SET utf8mb3 COLLATE utf8mb3_bin DEFAULT NULL,
  `EXTERNAL_WORKER_JOB_COUNT_` int DEFAULT '0',
  `LOCK_OWNER_` varchar(255) CHARACTER SET utf8mb3 COLLATE utf8mb3_bin DEFAULT NULL,
  PRIMARY KEY (`ID_`) USING BTREE,
  KEY `ACT_IDX_EXEC_BUSKEY` (`BUSINESS_KEY_`) USING BTREE,
  KEY `ACT_IDX_EXEC_ROOT` (`ROOT_PROC_INST_ID_`) USING BTREE
) ENGINE=InnoDB DEFAULT CHARSET=utf8mb3 COLLATE=utf8mb3_bin ROW_FORMAT=DYNAMIC;

-- ----------------------------
-- Dumping data for table `act_ru_execution`
-- ----------------------------
INSERT INTO `act_ru_execution` VALUES ('19358a11-0f2d-11f1-ac97-e8b0c5b428ba', 1, '19358a11-0f2d-11f1-ac97-e8b0c5b428ba', '25', NULL, 'release_prod:1:09117590-0f2d-11f1-ac97-e8b0c5b428ba', NULL, '19358a11-0f2d-11f1-ac97-e8b0c5b428ba', NULL, 1, 0, 1, 0, 0, 1, NULL, '', NULL, 'startEvent', '2026-02-21 21:56:19.608', '1', NULL, 1, 0, 0, 0, 0, 0, 0, 0, 0, NULL, NULL, NULL, NULL, NULL, NULL, 0, NULL);
INSERT INTO `act_ru_execution` VALUES ('1937d403-0f2d-11f1-ac97-e8b0c5b428ba', 1, '19358a11-0f2d-11f1-ac97-e8b0c5b428ba', NULL, '19358a11-0f2d-11f1-ac97-e8b0c5b428ba', 'release_prod:1:09117590-0f2d-11f1-ac97-e8b0c5b428ba', NULL, '19358a11-0f2d-11f1-ac97-e8b0c5b428ba', 'step_1', 1, 0, 0, 0, 0, 1, NULL, '', NULL, NULL, '2026-02-21 21:56:19.623', NULL, NULL, 1, 0, 1, 0, 0, 0, 0, 0, 0, NULL, NULL, NULL, NULL, NULL, NULL, 0, NULL);
INSERT INTO `act_ru_execution` VALUES ('d3f149d2-10b0-11f1-a843-e8b0c5b428ba', 1, 'd3f149d2-10b0-11f1-a843-e8b0c5b428ba', '27', NULL, 'release_prod:1:09117590-0f2d-11f1-ac97-e8b0c5b428ba', NULL, 'd3f149d2-10b0-11f1-a843-e8b0c5b428ba', NULL, 1, 0, 1, 0, 0, 1, NULL, '', NULL, 'startEvent', '2026-02-23 20:11:48.129', '1', NULL, 1, 0, 0, 0, 0, 0, 0, 0, 0, NULL, NULL, NULL, NULL, NULL, NULL, 0, NULL);
INSERT INTO `act_ru_execution` VALUES ('d3f4a534-10b0-11f1-a843-e8b0c5b428ba', 1, 'd3f149d2-10b0-11f1-a843-e8b0c5b428ba', NULL, 'd3f149d2-10b0-11f1-a843-e8b0c5b428ba', 'release_prod:1:09117590-0f2d-11f1-ac97-e8b0c5b428ba', NULL, 'd3f149d2-10b0-11f1-a843-e8b0c5b428ba', 'step_1', 1, 0, 0, 0, 0, 1, NULL, '', NULL, NULL, '2026-02-23 20:11:48.151', NULL, NULL, 1, 0, 1, 0, 0, 0, 0, 0, 0, NULL, NULL, NULL, NULL, NULL, NULL, 0, NULL);
INSERT INTO `act_ru_execution` VALUES ('fb77393c-10ac-11f1-a966-e8b0c5b428ba', 1, 'fb77393c-10ac-11f1-a966-e8b0c5b428ba', '26', NULL, 'release_prod:1:09117590-0f2d-11f1-ac97-e8b0c5b428ba', NULL, 'fb77393c-10ac-11f1-a966-e8b0c5b428ba', NULL, 1, 0, 1, 0, 0, 1, NULL, '', NULL, 'startEvent', '2026-02-23 19:44:16.451', '1', NULL, 1, 0, 0, 0, 0, 0, 0, 0, 0, NULL, NULL, NULL, NULL, NULL, NULL, 0, NULL);
INSERT INTO `act_ru_execution` VALUES ('fb7ae2be-10ac-11f1-a966-e8b0c5b428ba', 1, 'fb77393c-10ac-11f1-a966-e8b0c5b428ba', NULL, 'fb77393c-10ac-11f1-a966-e8b0c5b428ba', 'release_prod:1:09117590-0f2d-11f1-ac97-e8b0c5b428ba', NULL, 'fb77393c-10ac-11f1-a966-e8b0c5b428ba', 'step_1', 1, 0, 0, 0, 0, 1, NULL, '', NULL, NULL, '2026-02-23 19:44:16.475', NULL, NULL, 1, 0, 1, 0, 0, 0, 0, 0, 0, NULL, NULL, NULL, NULL, NULL, NULL, 0, NULL);

-- ----------------------------
-- Table structure for `act_ru_external_job`
-- ----------------------------
DROP TABLE IF EXISTS `act_ru_external_job`;
CREATE TABLE `act_ru_external_job` (
  `ID_` varchar(64) CHARACTER SET utf8mb3 COLLATE utf8mb3_bin NOT NULL,
  `REV_` int DEFAULT NULL,
  `CATEGORY_` varchar(255) CHARACTER SET utf8mb3 COLLATE utf8mb3_bin DEFAULT NULL,
  `TYPE_` varchar(255) CHARACTER SET utf8mb3 COLLATE utf8mb3_bin NOT NULL,
  `LOCK_EXP_TIME_` timestamp(3) NULL DEFAULT NULL,
  `LOCK_OWNER_` varchar(255) CHARACTER SET utf8mb3 COLLATE utf8mb3_bin DEFAULT NULL,
  `EXCLUSIVE_` tinyint(1) DEFAULT NULL,
  `EXECUTION_ID_` varchar(64) CHARACTER SET utf8mb3 COLLATE utf8mb3_bin DEFAULT NULL,
  `PROCESS_INSTANCE_ID_` varchar(64) CHARACTER SET utf8mb3 COLLATE utf8mb3_bin DEFAULT NULL,
  `PROC_DEF_ID_` varchar(64) CHARACTER SET utf8mb3 COLLATE utf8mb3_bin DEFAULT NULL,
  `ELEMENT_ID_` varchar(255) CHARACTER SET utf8mb3 COLLATE utf8mb3_bin DEFAULT NULL,
  `ELEMENT_NAME_` varchar(255) CHARACTER SET utf8mb3 COLLATE utf8mb3_bin DEFAULT NULL,
  `SCOPE_ID_` varchar(255) CHARACTER SET utf8mb3 COLLATE utf8mb3_bin DEFAULT NULL,
  `SUB_SCOPE_ID_` varchar(255) CHARACTER SET utf8mb3 COLLATE utf8mb3_bin DEFAULT NULL,
  `SCOPE_TYPE_` varchar(255) CHARACTER SET utf8mb3 COLLATE utf8mb3_bin DEFAULT NULL,
  `SCOPE_DEFINITION_ID_` varchar(255) CHARACTER SET utf8mb3 COLLATE utf8mb3_bin DEFAULT NULL,
  `RETRIES_` int DEFAULT NULL,
  `EXCEPTION_STACK_ID_` varchar(64) CHARACTER SET utf8mb3 COLLATE utf8mb3_bin DEFAULT NULL,
  `EXCEPTION_MSG_` varchar(4000) CHARACTER SET utf8mb3 COLLATE utf8mb3_bin DEFAULT NULL,
  `DUEDATE_` timestamp(3) NULL DEFAULT NULL,
  `REPEAT_` varchar(255) CHARACTER SET utf8mb3 COLLATE utf8mb3_bin DEFAULT NULL,
  `HANDLER_TYPE_` varchar(255) CHARACTER SET utf8mb3 COLLATE utf8mb3_bin DEFAULT NULL,
  `HANDLER_CFG_` varchar(4000) CHARACTER SET utf8mb3 COLLATE utf8mb3_bin DEFAULT NULL,
  `CUSTOM_VALUES_ID_` varchar(64) CHARACTER SET utf8mb3 COLLATE utf8mb3_bin DEFAULT NULL,
  `CREATE_TIME_` timestamp(3) NULL DEFAULT NULL,
  `TENANT_ID_` varchar(255) CHARACTER SET utf8mb3 COLLATE utf8mb3_bin DEFAULT '',
  PRIMARY KEY (`ID_`) USING BTREE,
  KEY `ACT_FK_EXTERNAL_JOB_EXCEPTION` (`EXCEPTION_STACK_ID_`) USING BTREE,
  CONSTRAINT `ACT_FK_EXTERNAL_JOB_EXCEPTION` FOREIGN KEY (`EXCEPTION_STACK_ID_`) REFERENCES `act_ge_bytearray` (`ID_`) ON DELETE RESTRICT ON UPDATE RESTRICT
) ENGINE=InnoDB DEFAULT CHARSET=utf8mb3 COLLATE=utf8mb3_bin ROW_FORMAT=DYNAMIC;

-- ----------------------------
-- Dumping data for table `act_ru_external_job`
-- ----------------------------

-- ----------------------------
-- Table structure for `act_ru_history_job`
-- ----------------------------
DROP TABLE IF EXISTS `act_ru_history_job`;
CREATE TABLE `act_ru_history_job` (
  `ID_` varchar(64) CHARACTER SET utf8mb3 COLLATE utf8mb3_bin NOT NULL,
  `REV_` int DEFAULT NULL,
  `LOCK_EXP_TIME_` timestamp(3) NULL DEFAULT NULL,
  `LOCK_OWNER_` varchar(255) CHARACTER SET utf8mb3 COLLATE utf8mb3_bin DEFAULT NULL,
  `RETRIES_` int DEFAULT NULL,
  `EXCEPTION_STACK_ID_` varchar(64) CHARACTER SET utf8mb3 COLLATE utf8mb3_bin DEFAULT NULL,
  `EXCEPTION_MSG_` varchar(4000) CHARACTER SET utf8mb3 COLLATE utf8mb3_bin DEFAULT NULL,
  `HANDLER_TYPE_` varchar(255) CHARACTER SET utf8mb3 COLLATE utf8mb3_bin DEFAULT NULL,
  `HANDLER_CFG_` varchar(4000) CHARACTER SET utf8mb3 COLLATE utf8mb3_bin DEFAULT NULL,
  `CUSTOM_VALUES_ID_` varchar(64) CHARACTER SET utf8mb3 COLLATE utf8mb3_bin DEFAULT NULL,
  `ADV_HANDLER_CFG_ID_` varchar(64) CHARACTER SET utf8mb3 COLLATE utf8mb3_bin DEFAULT NULL,
  `CREATE_TIME_` timestamp(3) NULL DEFAULT NULL,
  `SCOPE_TYPE_` varchar(255) CHARACTER SET utf8mb3 COLLATE utf8mb3_bin DEFAULT NULL,
  `TENANT_ID_` varchar(255) CHARACTER SET utf8mb3 COLLATE utf8mb3_bin DEFAULT '',
  PRIMARY KEY (`ID_`) USING BTREE
) ENGINE=InnoDB DEFAULT CHARSET=utf8mb3 COLLATE=utf8mb3_bin ROW_FORMAT=DYNAMIC;

-- ----------------------------
-- Dumping data for table `act_ru_history_job`
-- ----------------------------

-- ----------------------------
-- Table structure for `act_ru_identitylink`
-- ----------------------------
DROP TABLE IF EXISTS `act_ru_identitylink`;
CREATE TABLE `act_ru_identitylink` (
  `ID_` varchar(64) CHARACTER SET utf8mb3 COLLATE utf8mb3_bin NOT NULL,
  `REV_` int DEFAULT NULL,
  `GROUP_ID_` varchar(255) CHARACTER SET utf8mb3 COLLATE utf8mb3_bin DEFAULT NULL,
  `TYPE_` varchar(255) CHARACTER SET utf8mb3 COLLATE utf8mb3_bin DEFAULT NULL,
  `USER_ID_` varchar(255) CHARACTER SET utf8mb3 COLLATE utf8mb3_bin DEFAULT NULL,
  `TASK_ID_` varchar(64) CHARACTER SET utf8mb3 COLLATE utf8mb3_bin DEFAULT NULL,
  `PROC_INST_ID_` varchar(64) CHARACTER SET utf8mb3 COLLATE utf8mb3_bin DEFAULT NULL,
  `PROC_DEF_ID_` varchar(64) CHARACTER SET utf8mb3 COLLATE utf8mb3_bin DEFAULT NULL,
  `SCOPE_ID_` varchar(255) CHARACTER SET utf8mb3 COLLATE utf8mb3_bin DEFAULT NULL,
  `SUB_SCOPE_ID_` varchar(255) CHARACTER SET utf8mb3 COLLATE utf8mb3_bin DEFAULT NULL,
  `SCOPE_TYPE_` varchar(255) CHARACTER SET utf8mb3 COLLATE utf8mb3_bin DEFAULT NULL,
  `SCOPE_DEFINITION_ID_` varchar(255) CHARACTER SET utf8mb3 COLLATE utf8mb3_bin DEFAULT NULL,
  PRIMARY KEY (`ID_`) USING BTREE,
  KEY `ACT_IDX_IDENT_LNK_SCOPE` (`SCOPE_ID_`,`SCOPE_TYPE_`) USING BTREE,
  KEY `ACT_IDX_IDENT_LNK_SCOPE_DEF` (`SCOPE_DEFINITION_ID_`,`SCOPE_TYPE_`) USING BTREE
) ENGINE=InnoDB DEFAULT CHARSET=utf8mb3 COLLATE=utf8mb3_bin ROW_FORMAT=DYNAMIC;

-- ----------------------------
-- Dumping data for table `act_ru_identitylink`
-- ----------------------------
INSERT INTO `act_ru_identitylink` VALUES ('19362652-0f2d-11f1-ac97-e8b0c5b428ba', 1, NULL, 'starter', '1', NULL, '19358a11-0f2d-11f1-ac97-e8b0c5b428ba', NULL, NULL, NULL, NULL, NULL);
INSERT INTO `act_ru_identitylink` VALUES ('195287f9-0f2d-11f1-ac97-e8b0c5b428ba', 1, NULL, 'participant', 'ejsp', NULL, '19358a11-0f2d-11f1-ac97-e8b0c5b428ba', NULL, NULL, NULL, NULL, NULL);
INSERT INTO `act_ru_identitylink` VALUES ('d3f1e613-10b0-11f1-a843-e8b0c5b428ba', 1, NULL, 'starter', '1', NULL, 'd3f149d2-10b0-11f1-a843-e8b0c5b428ba', NULL, NULL, NULL, NULL, NULL);
INSERT INTO `act_ru_identitylink` VALUES ('d40ff56a-10b0-11f1-a843-e8b0c5b428ba', 1, NULL, 'participant', 'ejsp', NULL, 'd3f149d2-10b0-11f1-a843-e8b0c5b428ba', NULL, NULL, NULL, NULL, NULL);
INSERT INTO `act_ru_identitylink` VALUES ('fb77fc8d-10ac-11f1-a966-e8b0c5b428ba', 1, NULL, 'starter', '1', NULL, 'fb77393c-10ac-11f1-a966-e8b0c5b428ba', NULL, NULL, NULL, NULL, NULL);
INSERT INTO `act_ru_identitylink` VALUES ('fb945e34-10ac-11f1-a966-e8b0c5b428ba', 1, NULL, 'participant', 'ejsp', NULL, 'fb77393c-10ac-11f1-a966-e8b0c5b428ba', NULL, NULL, NULL, NULL, NULL);

-- ----------------------------
-- Table structure for `act_ru_job`
-- ----------------------------
DROP TABLE IF EXISTS `act_ru_job`;
CREATE TABLE `act_ru_job` (
  `ID_` varchar(64) CHARACTER SET utf8mb3 COLLATE utf8mb3_bin NOT NULL,
  `REV_` int DEFAULT NULL,
  `TYPE_` varchar(255) CHARACTER SET utf8mb3 COLLATE utf8mb3_bin NOT NULL,
  `LOCK_EXP_TIME_` timestamp(3) NULL DEFAULT NULL,
  `LOCK_OWNER_` varchar(255) CHARACTER SET utf8mb3 COLLATE utf8mb3_bin DEFAULT NULL,
  `EXCLUSIVE_` tinyint(1) DEFAULT NULL,
  `EXECUTION_ID_` varchar(64) CHARACTER SET utf8mb3 COLLATE utf8mb3_bin DEFAULT NULL,
  `PROCESS_INSTANCE_ID_` varchar(64) CHARACTER SET utf8mb3 COLLATE utf8mb3_bin DEFAULT NULL,
  `PROC_DEF_ID_` varchar(64) CHARACTER SET utf8mb3 COLLATE utf8mb3_bin DEFAULT NULL,
  `ELEMENT_ID_` varchar(255) CHARACTER SET utf8mb3 COLLATE utf8mb3_bin DEFAULT NULL,
  `ELEMENT_NAME_` varchar(255) CHARACTER SET utf8mb3 COLLATE utf8mb3_bin DEFAULT NULL,
  `SCOPE_ID_` varchar(255) CHARACTER SET utf8mb3 COLLATE utf8mb3_bin DEFAULT NULL,
  `SUB_SCOPE_ID_` varchar(255) CHARACTER SET utf8mb3 COLLATE utf8mb3_bin DEFAULT NULL,
  `SCOPE_TYPE_` varchar(255) CHARACTER SET utf8mb3 COLLATE utf8mb3_bin DEFAULT NULL,
  `SCOPE_DEFINITION_ID_` varchar(255) CHARACTER SET utf8mb3 COLLATE utf8mb3_bin DEFAULT NULL,
  `RETRIES_` int DEFAULT NULL,
  `EXCEPTION_STACK_ID_` varchar(64) CHARACTER SET utf8mb3 COLLATE utf8mb3_bin DEFAULT NULL,
  `EXCEPTION_MSG_` varchar(4000) CHARACTER SET utf8mb3 COLLATE utf8mb3_bin DEFAULT NULL,
  `DUEDATE_` timestamp(3) NULL DEFAULT NULL,
  `REPEAT_` varchar(255) CHARACTER SET utf8mb3 COLLATE utf8mb3_bin DEFAULT NULL,
  `HANDLER_TYPE_` varchar(255) CHARACTER SET utf8mb3 COLLATE utf8mb3_bin DEFAULT NULL,
  `HANDLER_CFG_` varchar(4000) CHARACTER SET utf8mb3 COLLATE utf8mb3_bin DEFAULT NULL,
  `CUSTOM_VALUES_ID_` varchar(64) CHARACTER SET utf8mb3 COLLATE utf8mb3_bin DEFAULT NULL,
  `CREATE_TIME_` timestamp(3) NULL DEFAULT NULL,
  `TENANT_ID_` varchar(255) CHARACTER SET utf8mb3 COLLATE utf8mb3_bin DEFAULT '',
  PRIMARY KEY (`ID_`) USING BTREE
) ENGINE=InnoDB DEFAULT CHARSET=utf8mb3 COLLATE=utf8mb3_bin ROW_FORMAT=DYNAMIC;

-- ----------------------------
-- Dumping data for table `act_ru_job`
-- ----------------------------

-- ----------------------------
-- Table structure for `act_ru_suspended_job`
-- ----------------------------
DROP TABLE IF EXISTS `act_ru_suspended_job`;
CREATE TABLE `act_ru_suspended_job` (
  `ID_` varchar(64) CHARACTER SET utf8mb3 COLLATE utf8mb3_bin NOT NULL,
  `REV_` int DEFAULT NULL,
  `TYPE_` varchar(255) CHARACTER SET utf8mb3 COLLATE utf8mb3_bin NOT NULL,
  `EXCLUSIVE_` tinyint(1) DEFAULT NULL,
  `EXECUTION_ID_` varchar(64) CHARACTER SET utf8mb3 COLLATE utf8mb3_bin DEFAULT NULL,
  `PROCESS_INSTANCE_ID_` varchar(64) CHARACTER SET utf8mb3 COLLATE utf8mb3_bin DEFAULT NULL,
  `PROC_DEF_ID_` varchar(64) CHARACTER SET utf8mb3 COLLATE utf8mb3_bin DEFAULT NULL,
  `ELEMENT_ID_` varchar(255) CHARACTER SET utf8mb3 COLLATE utf8mb3_bin DEFAULT NULL,
  `ELEMENT_NAME_` varchar(255) CHARACTER SET utf8mb3 COLLATE utf8mb3_bin DEFAULT NULL,
  `SCOPE_ID_` varchar(255) CHARACTER SET utf8mb3 COLLATE utf8mb3_bin DEFAULT NULL,
  `SUB_SCOPE_ID_` varchar(255) CHARACTER SET utf8mb3 COLLATE utf8mb3_bin DEFAULT NULL,
  `SCOPE_TYPE_` varchar(255) CHARACTER SET utf8mb3 COLLATE utf8mb3_bin DEFAULT NULL,
  `SCOPE_DEFINITION_ID_` varchar(255) CHARACTER SET utf8mb3 COLLATE utf8mb3_bin DEFAULT NULL,
  `RETRIES_` int DEFAULT NULL,
  `EXCEPTION_STACK_ID_` varchar(64) CHARACTER SET utf8mb3 COLLATE utf8mb3_bin DEFAULT NULL,
  `EXCEPTION_MSG_` varchar(4000) CHARACTER SET utf8mb3 COLLATE utf8mb3_bin DEFAULT NULL,
  `DUEDATE_` timestamp(3) NULL DEFAULT NULL,
  `REPEAT_` varchar(255) CHARACTER SET utf8mb3 COLLATE utf8mb3_bin DEFAULT NULL,
  `HANDLER_TYPE_` varchar(255) CHARACTER SET utf8mb3 COLLATE utf8mb3_bin DEFAULT NULL,
  `HANDLER_CFG_` varchar(4000) CHARACTER SET utf8mb3 COLLATE utf8mb3_bin DEFAULT NULL,
  `CUSTOM_VALUES_ID_` varchar(64) CHARACTER SET utf8mb3 COLLATE utf8mb3_bin DEFAULT NULL,
  `CREATE_TIME_` timestamp(3) NULL DEFAULT NULL,
  `TENANT_ID_` varchar(255) CHARACTER SET utf8mb3 COLLATE utf8mb3_bin DEFAULT '',
  PRIMARY KEY (`ID_`) USING BTREE
) ENGINE=InnoDB DEFAULT CHARSET=utf8mb3 COLLATE=utf8mb3_bin ROW_FORMAT=DYNAMIC;

-- ----------------------------
-- Dumping data for table `act_ru_suspended_job`
-- ----------------------------

-- ----------------------------
-- Table structure for `act_ru_task`
-- ----------------------------
DROP TABLE IF EXISTS `act_ru_task`;
CREATE TABLE `act_ru_task` (
  `ID_` varchar(64) CHARACTER SET utf8mb3 COLLATE utf8mb3_bin NOT NULL,
  `REV_` int DEFAULT NULL,
  `EXECUTION_ID_` varchar(64) CHARACTER SET utf8mb3 COLLATE utf8mb3_bin DEFAULT NULL,
  `PROC_INST_ID_` varchar(64) CHARACTER SET utf8mb3 COLLATE utf8mb3_bin DEFAULT NULL,
  `PROC_DEF_ID_` varchar(64) CHARACTER SET utf8mb3 COLLATE utf8mb3_bin DEFAULT NULL,
  `NAME_` varchar(255) CHARACTER SET utf8mb3 COLLATE utf8mb3_bin DEFAULT NULL,
  `PARENT_TASK_ID_` varchar(64) CHARACTER SET utf8mb3 COLLATE utf8mb3_bin DEFAULT NULL,
  `DESCRIPTION_` varchar(4000) CHARACTER SET utf8mb3 COLLATE utf8mb3_bin DEFAULT NULL,
  `TASK_DEF_KEY_` varchar(255) CHARACTER SET utf8mb3 COLLATE utf8mb3_bin DEFAULT NULL,
  `OWNER_` varchar(255) CHARACTER SET utf8mb3 COLLATE utf8mb3_bin DEFAULT NULL,
  `ASSIGNEE_` varchar(255) CHARACTER SET utf8mb3 COLLATE utf8mb3_bin DEFAULT NULL,
  `DELEGATION_` varchar(64) CHARACTER SET utf8mb3 COLLATE utf8mb3_bin DEFAULT NULL,
  `PRIORITY_` int DEFAULT NULL,
  `CREATE_TIME_` timestamp(3) NULL DEFAULT NULL,
  `DUE_DATE_` timestamp(3) NULL DEFAULT NULL,
  `CATEGORY_` varchar(255) CHARACTER SET utf8mb3 COLLATE utf8mb3_bin DEFAULT NULL,
  `SUSPENSION_STATE_` int DEFAULT NULL,
  `TENANT_ID_` varchar(255) CHARACTER SET utf8mb3 COLLATE utf8mb3_bin DEFAULT '',
  `FORM_KEY_` varchar(255) CHARACTER SET utf8mb3 COLLATE utf8mb3_bin DEFAULT NULL,
  `CLAIM_TIME_` timestamp(3) NULL DEFAULT NULL,
  `IS_COUNT_ENABLED_` tinyint DEFAULT NULL,
  `VAR_COUNT_` int DEFAULT NULL,
  `ID_LINK_COUNT_` int DEFAULT NULL,
  `SUB_TASK_COUNT_` int DEFAULT NULL,
  `SCOPE_ID_` varchar(255) CHARACTER SET utf8mb3 COLLATE utf8mb3_bin DEFAULT NULL,
  `SUB_SCOPE_ID_` varchar(255) CHARACTER SET utf8mb3 COLLATE utf8mb3_bin DEFAULT NULL,
  `SCOPE_TYPE_` varchar(255) CHARACTER SET utf8mb3 COLLATE utf8mb3_bin DEFAULT NULL,
  `SCOPE_DEFINITION_ID_` varchar(255) CHARACTER SET utf8mb3 COLLATE utf8mb3_bin DEFAULT NULL,
  `PROPAGATED_STAGE_INST_ID_` varchar(255) CHARACTER SET utf8mb3 COLLATE utf8mb3_bin DEFAULT NULL,
  `TASK_DEF_ID_` varchar(64) CHARACTER SET utf8mb3 COLLATE utf8mb3_bin DEFAULT NULL,
  `TRANSACTION_ORDER_` int DEFAULT '1',
  PRIMARY KEY (`ID_`) USING BTREE
) ENGINE=InnoDB DEFAULT CHARSET=utf8mb3 COLLATE=utf8mb3_bin ROW_FORMAT=DYNAMIC;

-- ----------------------------
-- Dumping data for table `act_ru_task`
-- ----------------------------
INSERT INTO `act_ru_task` VALUES ('19517687-0f2d-11f1-ac97-e8b0c5b428ba', 1, '1937d403-0f2d-11f1-ac97-e8b0c5b428ba', '19358a11-0f2d-11f1-ac97-e8b0c5b428ba', 'release_prod:1:09117590-0f2d-11f1-ac97-e8b0c5b428ba', '第1步', NULL, NULL, 'step_1', NULL, 'ejsp', NULL, 50, '2026-02-21 21:56:19.659', NULL, NULL, 1, '', NULL, NULL, 1, 0, 0, 0, NULL, NULL, NULL, NULL, NULL, NULL, 1);
INSERT INTO `act_ru_task` VALUES ('d40f0b08-10b0-11f1-a843-e8b0c5b428ba', 1, 'd3f4a534-10b0-11f1-a843-e8b0c5b428ba', 'd3f149d2-10b0-11f1-a843-e8b0c5b428ba', 'release_prod:1:09117590-0f2d-11f1-ac97-e8b0c5b428ba', '第1步', NULL, NULL, 'step_1', NULL, 'ejsp', NULL, 50, '2026-02-23 20:11:48.191', NULL, NULL, 1, '', NULL, NULL, 1, 0, 0, 0, NULL, NULL, NULL, NULL, NULL, NULL, 1);
INSERT INTO `act_ru_task` VALUES ('fb9373d2-10ac-11f1-a966-e8b0c5b428ba', 1, 'fb7ae2be-10ac-11f1-a966-e8b0c5b428ba', 'fb77393c-10ac-11f1-a966-e8b0c5b428ba', 'release_prod:1:09117590-0f2d-11f1-ac97-e8b0c5b428ba', '第1步', NULL, NULL, 'step_1', NULL, 'ejsp', NULL, 50, '2026-02-23 19:44:16.513', NULL, NULL, 1, '', NULL, NULL, 1, 0, 0, 0, NULL, NULL, NULL, NULL, NULL, NULL, 1);

-- ----------------------------
-- Table structure for `act_ru_timer_job`
-- ----------------------------
DROP TABLE IF EXISTS `act_ru_timer_job`;
CREATE TABLE `act_ru_timer_job` (
  `ID_` varchar(64) CHARACTER SET utf8mb3 COLLATE utf8mb3_bin NOT NULL,
  `REV_` int DEFAULT NULL,
  `TYPE_` varchar(255) CHARACTER SET utf8mb3 COLLATE utf8mb3_bin NOT NULL,
  `LOCK_EXP_TIME_` timestamp(3) NULL DEFAULT NULL,
  `LOCK_OWNER_` varchar(255) CHARACTER SET utf8mb3 COLLATE utf8mb3_bin DEFAULT NULL,
  `EXCLUSIVE_` tinyint(1) DEFAULT NULL,
  `EXECUTION_ID_` varchar(64) CHARACTER SET utf8mb3 COLLATE utf8mb3_bin DEFAULT NULL,
  `PROCESS_INSTANCE_ID_` varchar(64) CHARACTER SET utf8mb3 COLLATE utf8mb3_bin DEFAULT NULL,
  `PROC_DEF_ID_` varchar(64) CHARACTER SET utf8mb3 COLLATE utf8mb3_bin DEFAULT NULL,
  `ELEMENT_ID_` varchar(255) CHARACTER SET utf8mb3 COLLATE utf8mb3_bin DEFAULT NULL,
  `ELEMENT_NAME_` varchar(255) CHARACTER SET utf8mb3 COLLATE utf8mb3_bin DEFAULT NULL,
  `SCOPE_ID_` varchar(255) CHARACTER SET utf8mb3 COLLATE utf8mb3_bin DEFAULT NULL,
  `SUB_SCOPE_ID_` varchar(255) CHARACTER SET utf8mb3 COLLATE utf8mb3_bin DEFAULT NULL,
  `SCOPE_TYPE_` varchar(255) CHARACTER SET utf8mb3 COLLATE utf8mb3_bin DEFAULT NULL,
  `SCOPE_DEFINITION_ID_` varchar(255) CHARACTER SET utf8mb3 COLLATE utf8mb3_bin DEFAULT NULL,
  `RETRIES_` int DEFAULT NULL,
  `EXCEPTION_STACK_ID_` varchar(64) CHARACTER SET utf8mb3 COLLATE utf8mb3_bin DEFAULT NULL,
  `EXCEPTION_MSG_` varchar(4000) CHARACTER SET utf8mb3 COLLATE utf8mb3_bin DEFAULT NULL,
  `DUEDATE_` timestamp(3) NULL DEFAULT NULL,
  `REPEAT_` varchar(255) CHARACTER SET utf8mb3 COLLATE utf8mb3_bin DEFAULT NULL,
  `HANDLER_TYPE_` varchar(255) CHARACTER SET utf8mb3 COLLATE utf8mb3_bin DEFAULT NULL,
  `HANDLER_CFG_` varchar(4000) CHARACTER SET utf8mb3 COLLATE utf8mb3_bin DEFAULT NULL,
  `CUSTOM_VALUES_ID_` varchar(64) CHARACTER SET utf8mb3 COLLATE utf8mb3_bin DEFAULT NULL,
  `CREATE_TIME_` timestamp(3) NULL DEFAULT NULL,
  `TENANT_ID_` varchar(255) CHARACTER SET utf8mb3 COLLATE utf8mb3_bin DEFAULT '',
  PRIMARY KEY (`ID_`) USING BTREE
) ENGINE=InnoDB DEFAULT CHARSET=utf8mb3 COLLATE=utf8mb3_bin ROW_FORMAT=DYNAMIC;

-- ----------------------------
-- Dumping data for table `act_ru_timer_job`
-- ----------------------------

-- ----------------------------
-- Table structure for `act_ru_variable`
-- ----------------------------
DROP TABLE IF EXISTS `act_ru_variable`;
CREATE TABLE `act_ru_variable` (
  `ID_` varchar(64) CHARACTER SET utf8mb3 COLLATE utf8mb3_bin NOT NULL,
  `REV_` int DEFAULT NULL,
  `TYPE_` varchar(255) CHARACTER SET utf8mb3 COLLATE utf8mb3_bin NOT NULL,
  `NAME_` varchar(255) CHARACTER SET utf8mb3 COLLATE utf8mb3_bin NOT NULL,
  `EXECUTION_ID_` varchar(64) CHARACTER SET utf8mb3 COLLATE utf8mb3_bin DEFAULT NULL,
  `PROC_INST_ID_` varchar(64) CHARACTER SET utf8mb3 COLLATE utf8mb3_bin DEFAULT NULL,
  `TASK_ID_` varchar(64) CHARACTER SET utf8mb3 COLLATE utf8mb3_bin DEFAULT NULL,
  `SCOPE_ID_` varchar(255) CHARACTER SET utf8mb3 COLLATE utf8mb3_bin DEFAULT NULL,
  `SUB_SCOPE_ID_` varchar(255) CHARACTER SET utf8mb3 COLLATE utf8mb3_bin DEFAULT NULL,
  `SCOPE_TYPE_` varchar(255) CHARACTER SET utf8mb3 COLLATE utf8mb3_bin DEFAULT NULL,
  `BYTEARRAY_ID_` varchar(64) CHARACTER SET utf8mb3 COLLATE utf8mb3_bin DEFAULT NULL,
  `DOUBLE_` double DEFAULT NULL,
  `LONG_` bigint DEFAULT NULL,
  `TEXT_` varchar(4000) CHARACTER SET utf8mb3 COLLATE utf8mb3_bin DEFAULT NULL,
  `TEXT2_` varchar(4000) CHARACTER SET utf8mb3 COLLATE utf8mb3_bin DEFAULT NULL,
  `TRANSACTION_ORDER_` int DEFAULT '1',
  PRIMARY KEY (`ID_`) USING BTREE
) ENGINE=InnoDB DEFAULT CHARSET=utf8mb3 COLLATE=utf8mb3_bin ROW_FORMAT=DYNAMIC;

-- ----------------------------
-- Dumping data for table `act_ru_variable`
-- ----------------------------

-- ----------------------------
-- Table structure for `flw_channel_definition`
-- ----------------------------
DROP TABLE IF EXISTS `flw_channel_definition`;
CREATE TABLE `flw_channel_definition` (
  `ID_` varchar(255) CHARACTER SET utf8mb4 COLLATE utf8mb4_0900_ai_ci NOT NULL,
  `NAME_` varchar(255) CHARACTER SET utf8mb4 COLLATE utf8mb4_0900_ai_ci DEFAULT NULL,
  `VERSION_` int DEFAULT NULL,
  `KEY_` varchar(255) CHARACTER SET utf8mb4 COLLATE utf8mb4_0900_ai_ci DEFAULT NULL,
  `CATEGORY_` varchar(255) CHARACTER SET utf8mb4 COLLATE utf8mb4_0900_ai_ci DEFAULT NULL,
  `DEPLOYMENT_ID_` varchar(255) CHARACTER SET utf8mb4 COLLATE utf8mb4_0900_ai_ci DEFAULT NULL,
  `CREATE_TIME_` datetime(3) DEFAULT NULL,
  `TENANT_ID_` varchar(255) CHARACTER SET utf8mb4 COLLATE utf8mb4_0900_ai_ci DEFAULT NULL,
  `RESOURCE_NAME_` varchar(255) CHARACTER SET utf8mb4 COLLATE utf8mb4_0900_ai_ci DEFAULT NULL,
  `DESCRIPTION_` varchar(255) CHARACTER SET utf8mb4 COLLATE utf8mb4_0900_ai_ci DEFAULT NULL,
  `TYPE_` varchar(255) CHARACTER SET utf8mb4 COLLATE utf8mb4_0900_ai_ci DEFAULT NULL,
  `IMPLEMENTATION_` varchar(255) CHARACTER SET utf8mb4 COLLATE utf8mb4_0900_ai_ci DEFAULT NULL,
  PRIMARY KEY (`ID_`) USING BTREE,
  UNIQUE KEY `ACT_IDX_CHANNEL_DEF_UNIQ` (`KEY_`,`VERSION_`,`TENANT_ID_`) USING BTREE
) ENGINE=InnoDB DEFAULT CHARSET=utf8mb4 COLLATE=utf8mb4_0900_ai_ci ROW_FORMAT=DYNAMIC;

-- ----------------------------
-- Dumping data for table `flw_channel_definition`
-- ----------------------------

-- ----------------------------
-- Table structure for `flw_ev_databasechangelog`
-- ----------------------------
DROP TABLE IF EXISTS `flw_ev_databasechangelog`;
CREATE TABLE `flw_ev_databasechangelog` (
  `ID` varchar(255) CHARACTER SET utf8mb4 COLLATE utf8mb4_0900_ai_ci NOT NULL,
  `AUTHOR` varchar(255) CHARACTER SET utf8mb4 COLLATE utf8mb4_0900_ai_ci NOT NULL,
  `FILENAME` varchar(255) CHARACTER SET utf8mb4 COLLATE utf8mb4_0900_ai_ci NOT NULL,
  `DATEEXECUTED` datetime NOT NULL,
  `ORDEREXECUTED` int NOT NULL,
  `EXECTYPE` varchar(10) CHARACTER SET utf8mb4 COLLATE utf8mb4_0900_ai_ci NOT NULL,
  `MD5SUM` varchar(35) CHARACTER SET utf8mb4 COLLATE utf8mb4_0900_ai_ci DEFAULT NULL,
  `DESCRIPTION` varchar(255) CHARACTER SET utf8mb4 COLLATE utf8mb4_0900_ai_ci DEFAULT NULL,
  `COMMENTS` varchar(255) CHARACTER SET utf8mb4 COLLATE utf8mb4_0900_ai_ci DEFAULT NULL,
  `TAG` varchar(255) CHARACTER SET utf8mb4 COLLATE utf8mb4_0900_ai_ci DEFAULT NULL,
  `LIQUIBASE` varchar(20) CHARACTER SET utf8mb4 COLLATE utf8mb4_0900_ai_ci DEFAULT NULL,
  `CONTEXTS` varchar(255) CHARACTER SET utf8mb4 COLLATE utf8mb4_0900_ai_ci DEFAULT NULL,
  `LABELS` varchar(255) CHARACTER SET utf8mb4 COLLATE utf8mb4_0900_ai_ci DEFAULT NULL,
  `DEPLOYMENT_ID` varchar(10) CHARACTER SET utf8mb4 COLLATE utf8mb4_0900_ai_ci DEFAULT NULL
) ENGINE=InnoDB DEFAULT CHARSET=utf8mb4 COLLATE=utf8mb4_0900_ai_ci ROW_FORMAT=DYNAMIC;

-- ----------------------------
-- Dumping data for table `flw_ev_databasechangelog`
-- ----------------------------

-- ----------------------------
-- Table structure for `flw_ev_databasechangeloglock`
-- ----------------------------
DROP TABLE IF EXISTS `flw_ev_databasechangeloglock`;
CREATE TABLE `flw_ev_databasechangeloglock` (
  `ID` int NOT NULL,
  `LOCKED` bit(1) NOT NULL,
  `LOCKGRANTED` datetime DEFAULT NULL,
  `LOCKEDBY` varchar(255) CHARACTER SET utf8mb4 COLLATE utf8mb4_0900_ai_ci DEFAULT NULL,
  PRIMARY KEY (`ID`) USING BTREE
) ENGINE=InnoDB DEFAULT CHARSET=utf8mb4 COLLATE=utf8mb4_0900_ai_ci ROW_FORMAT=DYNAMIC;

-- ----------------------------
-- Dumping data for table `flw_ev_databasechangeloglock`
-- ----------------------------
INSERT INTO `flw_ev_databasechangeloglock` VALUES (1, 'false', NULL, NULL);

-- ----------------------------
-- Table structure for `flw_event_definition`
-- ----------------------------
DROP TABLE IF EXISTS `flw_event_definition`;
CREATE TABLE `flw_event_definition` (
  `ID_` varchar(255) CHARACTER SET utf8mb4 COLLATE utf8mb4_0900_ai_ci NOT NULL,
  `NAME_` varchar(255) CHARACTER SET utf8mb4 COLLATE utf8mb4_0900_ai_ci DEFAULT NULL,
  `VERSION_` int DEFAULT NULL,
  `KEY_` varchar(255) CHARACTER SET utf8mb4 COLLATE utf8mb4_0900_ai_ci DEFAULT NULL,
  `CATEGORY_` varchar(255) CHARACTER SET utf8mb4 COLLATE utf8mb4_0900_ai_ci DEFAULT NULL,
  `DEPLOYMENT_ID_` varchar(255) CHARACTER SET utf8mb4 COLLATE utf8mb4_0900_ai_ci DEFAULT NULL,
  `TENANT_ID_` varchar(255) CHARACTER SET utf8mb4 COLLATE utf8mb4_0900_ai_ci DEFAULT NULL,
  `RESOURCE_NAME_` varchar(255) CHARACTER SET utf8mb4 COLLATE utf8mb4_0900_ai_ci DEFAULT NULL,
  `DESCRIPTION_` varchar(255) CHARACTER SET utf8mb4 COLLATE utf8mb4_0900_ai_ci DEFAULT NULL,
  PRIMARY KEY (`ID_`) USING BTREE,
  UNIQUE KEY `ACT_IDX_EVENT_DEF_UNIQ` (`KEY_`,`VERSION_`,`TENANT_ID_`) USING BTREE
) ENGINE=InnoDB DEFAULT CHARSET=utf8mb4 COLLATE=utf8mb4_0900_ai_ci ROW_FORMAT=DYNAMIC;

-- ----------------------------
-- Dumping data for table `flw_event_definition`
-- ----------------------------

-- ----------------------------
-- Table structure for `flw_event_deployment`
-- ----------------------------
DROP TABLE IF EXISTS `flw_event_deployment`;
CREATE TABLE `flw_event_deployment` (
  `ID_` varchar(255) CHARACTER SET utf8mb4 COLLATE utf8mb4_0900_ai_ci NOT NULL,
  `NAME_` varchar(255) CHARACTER SET utf8mb4 COLLATE utf8mb4_0900_ai_ci DEFAULT NULL,
  `CATEGORY_` varchar(255) CHARACTER SET utf8mb4 COLLATE utf8mb4_0900_ai_ci DEFAULT NULL,
  `DEPLOY_TIME_` datetime(3) DEFAULT NULL,
  `TENANT_ID_` varchar(255) CHARACTER SET utf8mb4 COLLATE utf8mb4_0900_ai_ci DEFAULT NULL,
  `PARENT_DEPLOYMENT_ID_` varchar(255) CHARACTER SET utf8mb4 COLLATE utf8mb4_0900_ai_ci DEFAULT NULL,
  PRIMARY KEY (`ID_`) USING BTREE
) ENGINE=InnoDB DEFAULT CHARSET=utf8mb4 COLLATE=utf8mb4_0900_ai_ci ROW_FORMAT=DYNAMIC;

-- ----------------------------
-- Dumping data for table `flw_event_deployment`
-- ----------------------------

-- ----------------------------
-- Table structure for `flw_event_resource`
-- ----------------------------
DROP TABLE IF EXISTS `flw_event_resource`;
CREATE TABLE `flw_event_resource` (
  `ID_` varchar(255) CHARACTER SET utf8mb4 COLLATE utf8mb4_0900_ai_ci NOT NULL,
  `NAME_` varchar(255) CHARACTER SET utf8mb4 COLLATE utf8mb4_0900_ai_ci DEFAULT NULL,
  `DEPLOYMENT_ID_` varchar(255) CHARACTER SET utf8mb4 COLLATE utf8mb4_0900_ai_ci DEFAULT NULL,
  `RESOURCE_BYTES_` longblob,
  PRIMARY KEY (`ID_`) USING BTREE
) ENGINE=InnoDB DEFAULT CHARSET=utf8mb4 COLLATE=utf8mb4_0900_ai_ci ROW_FORMAT=DYNAMIC;

-- ----------------------------
-- Dumping data for table `flw_event_resource`
-- ----------------------------

-- ----------------------------
-- Table structure for `gen_table`
-- ----------------------------
DROP TABLE IF EXISTS `gen_table`;
CREATE TABLE `gen_table` (
  `table_id` bigint NOT NULL AUTO_INCREMENT COMMENT '编号',
  `table_name` varchar(200) CHARACTER SET utf8mb4 COLLATE utf8mb4_0900_ai_ci DEFAULT '' COMMENT '表名称',
  `table_comment` varchar(500) CHARACTER SET utf8mb4 COLLATE utf8mb4_0900_ai_ci DEFAULT '' COMMENT '表描述',
  `sub_table_name` varchar(64) CHARACTER SET utf8mb4 COLLATE utf8mb4_0900_ai_ci DEFAULT NULL COMMENT '关联子表的表名',
  `sub_table_fk_name` varchar(64) CHARACTER SET utf8mb4 COLLATE utf8mb4_0900_ai_ci DEFAULT NULL COMMENT '子表关联的外键名',
  `class_name` varchar(100) CHARACTER SET utf8mb4 COLLATE utf8mb4_0900_ai_ci DEFAULT '' COMMENT '实体类名称',
  `tpl_category` varchar(200) CHARACTER SET utf8mb4 COLLATE utf8mb4_0900_ai_ci DEFAULT 'crud' COMMENT '使用的模板（crud单表操作 tree树表操作）',
  `tpl_web_type` varchar(30) CHARACTER SET utf8mb4 COLLATE utf8mb4_0900_ai_ci DEFAULT '' COMMENT '前端模板类型（element-ui模版 element-plus模版）',
  `package_name` varchar(100) CHARACTER SET utf8mb4 COLLATE utf8mb4_0900_ai_ci DEFAULT NULL COMMENT '生成包路径',
  `module_name` varchar(30) CHARACTER SET utf8mb4 COLLATE utf8mb4_0900_ai_ci DEFAULT NULL COMMENT '生成模块名',
  `business_name` varchar(30) CHARACTER SET utf8mb4 COLLATE utf8mb4_0900_ai_ci DEFAULT NULL COMMENT '生成业务名',
  `function_name` varchar(50) CHARACTER SET utf8mb4 COLLATE utf8mb4_0900_ai_ci DEFAULT NULL COMMENT '生成功能名',
  `function_author` varchar(50) CHARACTER SET utf8mb4 COLLATE utf8mb4_0900_ai_ci DEFAULT NULL COMMENT '生成功能作者',
  `gen_type` char(1) CHARACTER SET utf8mb4 COLLATE utf8mb4_0900_ai_ci DEFAULT '0' COMMENT '生成代码方式（0zip压缩包 1自定义路径）',
  `gen_path` varchar(200) CHARACTER SET utf8mb4 COLLATE utf8mb4_0900_ai_ci DEFAULT '/' COMMENT '生成路径（不填默认项目路径）',
  `options` varchar(1000) CHARACTER SET utf8mb4 COLLATE utf8mb4_0900_ai_ci DEFAULT NULL COMMENT '其它生成选项',
  `create_by` varchar(64) CHARACTER SET utf8mb4 COLLATE utf8mb4_0900_ai_ci DEFAULT '' COMMENT '创建者',
  `create_time` datetime DEFAULT NULL COMMENT '创建时间',
  `update_by` varchar(64) CHARACTER SET utf8mb4 COLLATE utf8mb4_0900_ai_ci DEFAULT '' COMMENT '更新者',
  `update_time` datetime DEFAULT NULL COMMENT '更新时间',
  `remark` varchar(500) CHARACTER SET utf8mb4 COLLATE utf8mb4_0900_ai_ci DEFAULT NULL COMMENT '备注',
  PRIMARY KEY (`table_id`) USING BTREE
) ENGINE=InnoDB DEFAULT CHARSET=utf8mb4 COLLATE=utf8mb4_0900_ai_ci ROW_FORMAT=DYNAMIC COMMENT='代码生成业务表';

-- ----------------------------
-- Dumping data for table `gen_table`
-- ----------------------------

-- ----------------------------
-- Table structure for `gen_table_column`
-- ----------------------------
DROP TABLE IF EXISTS `gen_table_column`;
CREATE TABLE `gen_table_column` (
  `column_id` bigint NOT NULL AUTO_INCREMENT COMMENT '编号',
  `table_id` bigint DEFAULT NULL COMMENT '归属表编号',
  `column_name` varchar(200) CHARACTER SET utf8mb4 COLLATE utf8mb4_0900_ai_ci DEFAULT NULL COMMENT '列名称',
  `column_comment` varchar(500) CHARACTER SET utf8mb4 COLLATE utf8mb4_0900_ai_ci DEFAULT NULL COMMENT '列描述',
  `column_type` varchar(100) CHARACTER SET utf8mb4 COLLATE utf8mb4_0900_ai_ci DEFAULT NULL COMMENT '列类型',
  `java_type` varchar(500) CHARACTER SET utf8mb4 COLLATE utf8mb4_0900_ai_ci DEFAULT NULL COMMENT 'JAVA类型',
  `java_field` varchar(200) CHARACTER SET utf8mb4 COLLATE utf8mb4_0900_ai_ci DEFAULT NULL COMMENT 'JAVA字段名',
  `is_pk` char(1) CHARACTER SET utf8mb4 COLLATE utf8mb4_0900_ai_ci DEFAULT NULL COMMENT '是否主键（1是）',
  `is_increment` char(1) CHARACTER SET utf8mb4 COLLATE utf8mb4_0900_ai_ci DEFAULT NULL COMMENT '是否自增（1是）',
  `is_required` char(1) CHARACTER SET utf8mb4 COLLATE utf8mb4_0900_ai_ci DEFAULT NULL COMMENT '是否必填（1是）',
  `is_insert` char(1) CHARACTER SET utf8mb4 COLLATE utf8mb4_0900_ai_ci DEFAULT NULL COMMENT '是否为插入字段（1是）',
  `is_edit` char(1) CHARACTER SET utf8mb4 COLLATE utf8mb4_0900_ai_ci DEFAULT NULL COMMENT '是否编辑字段（1是）',
  `is_list` char(1) CHARACTER SET utf8mb4 COLLATE utf8mb4_0900_ai_ci DEFAULT NULL COMMENT '是否列表字段（1是）',
  `is_query` char(1) CHARACTER SET utf8mb4 COLLATE utf8mb4_0900_ai_ci DEFAULT NULL COMMENT '是否查询字段（1是）',
  `query_type` varchar(200) CHARACTER SET utf8mb4 COLLATE utf8mb4_0900_ai_ci DEFAULT 'EQ' COMMENT '查询方式（等于、不等于、大于、小于、范围）',
  `html_type` varchar(200) CHARACTER SET utf8mb4 COLLATE utf8mb4_0900_ai_ci DEFAULT NULL COMMENT '显示类型（文本框、文本域、下拉框、复选框、单选框、日期控件）',
  `dict_type` varchar(200) CHARACTER SET utf8mb4 COLLATE utf8mb4_0900_ai_ci DEFAULT '' COMMENT '字典类型',
  `sort` int DEFAULT NULL COMMENT '排序',
  `create_by` varchar(64) CHARACTER SET utf8mb4 COLLATE utf8mb4_0900_ai_ci DEFAULT '' COMMENT '创建者',
  `create_time` datetime DEFAULT NULL COMMENT '创建时间',
  `update_by` varchar(64) CHARACTER SET utf8mb4 COLLATE utf8mb4_0900_ai_ci DEFAULT '' COMMENT '更新者',
  `update_time` datetime DEFAULT NULL COMMENT '更新时间',
  PRIMARY KEY (`column_id`) USING BTREE
) ENGINE=InnoDB DEFAULT CHARSET=utf8mb4 COLLATE=utf8mb4_0900_ai_ci ROW_FORMAT=DYNAMIC COMMENT='代码生成业务表字段';

-- ----------------------------
-- Dumping data for table `gen_table_column`
-- ----------------------------

-- ----------------------------
-- Table structure for `ops_deploy_doc`
-- ----------------------------
DROP TABLE IF EXISTS `ops_deploy_doc`;
CREATE TABLE `ops_deploy_doc` (
  `doc_id` bigint NOT NULL AUTO_INCREMENT COMMENT '文档ID',
  `template_id` bigint DEFAULT NULL COMMENT '模板ID',
  `version` varchar(20) CHARACTER SET utf8mb4 COLLATE utf8mb4_0900_ai_ci DEFAULT NULL COMMENT '版本号',
  `doc_name` varchar(255) CHARACTER SET utf8mb4 COLLATE utf8mb4_0900_ai_ci DEFAULT '' COMMENT '文档名称',
  `doc_path` varchar(500) CHARACTER SET utf8mb4 COLLATE utf8mb4_0900_ai_ci DEFAULT '' COMMENT '文档路径',
  `doc_type` varchar(20) CHARACTER SET utf8mb4 COLLATE utf8mb4_0900_ai_ci DEFAULT '' COMMENT '文档类型(pdf,docx,md)',
  `file_size` bigint DEFAULT '0' COMMENT '文件大小',
  `create_by` varchar(64) CHARACTER SET utf8mb4 COLLATE utf8mb4_0900_ai_ci DEFAULT '' COMMENT '创建者',
  `create_time` datetime DEFAULT NULL COMMENT '创建时间',
  `update_by` varchar(64) CHARACTER SET utf8mb4 COLLATE utf8mb4_0900_ai_ci DEFAULT '' COMMENT '更新者',
  `update_time` datetime DEFAULT NULL COMMENT '更新时间',
  `remark` varchar(500) CHARACTER SET utf8mb4 COLLATE utf8mb4_0900_ai_ci DEFAULT NULL COMMENT '备注',
  PRIMARY KEY (`doc_id`) USING BTREE
) ENGINE=InnoDB AUTO_INCREMENT=101 DEFAULT CHARSET=utf8mb4 COLLATE=utf8mb4_0900_ai_ci ROW_FORMAT=DYNAMIC COMMENT='部署模板文档表';

-- ----------------------------
-- Dumping data for table `ops_deploy_doc`
-- ----------------------------
INSERT INTO `ops_deploy_doc` VALUES (100, 1, 'v1.0.13', '附件3-1-1-2_人民银行征信系统数据采集规范 个人基本信息.pdf', '/profile/upload/2026/02/18/附件3-1-1-2_人民银行征信系统数据采集规范 个人基本信息_20260218112116A001.pdf', 'pdf', 2271991, 'admin', '2026-02-18T11:21:16', '', NULL, NULL);

-- ----------------------------
-- Table structure for `ops_deploy_record`
-- ----------------------------
DROP TABLE IF EXISTS `ops_deploy_record`;
CREATE TABLE `ops_deploy_record` (
  `id` bigint NOT NULL AUTO_INCREMENT COMMENT '主键ID',
  `app_id` bigint NOT NULL COMMENT '应用ID',
  `template_version_id` bigint DEFAULT NULL COMMENT '使用的模板版本ID',
  `oper_log_id` bigint DEFAULT NULL COMMENT '关联的操作日志ID',
  `status` char(1) CHARACTER SET utf8mb4 COLLATE utf8mb4_0900_ai_ci DEFAULT '0' COMMENT '状态(0成功 1失败)',
  `error_msg` text CHARACTER SET utf8mb4 COLLATE utf8mb4_0900_ai_ci COMMENT '异常信息',
  `start_time` datetime DEFAULT NULL COMMENT '开始时间',
  `end_time` datetime DEFAULT NULL COMMENT '结束时间',
  `duration` bigint DEFAULT '0' COMMENT '耗时(ms)',
  `json_result` text CHARACTER SET utf8mb4 COLLATE utf8mb4_0900_ai_ci COMMENT '执行结果JSON',
  `create_by` varchar(64) CHARACTER SET utf8mb4 COLLATE utf8mb4_0900_ai_ci DEFAULT '' COMMENT '创建人',
  `create_time` datetime DEFAULT NULL COMMENT '创建时间',
  PRIMARY KEY (`id`) USING BTREE,
  KEY `idx_app_id` (`app_id`) USING BTREE
) ENGINE=InnoDB AUTO_INCREMENT=11 DEFAULT CHARSET=utf8mb4 COLLATE=utf8mb4_0900_ai_ci ROW_FORMAT=DYNAMIC COMMENT='应用部署记录表';

-- ----------------------------
-- Dumping data for table `ops_deploy_record`
-- ----------------------------
INSERT INTO `ops_deploy_record` VALUES (1, 100, 1, NULL, '0', NULL, '2026-02-18T09:34:26', '2026-02-18T09:34:28', 2000, '{"status": "success", "steps": ["pull", "stop", "backup", "replace", "start", "health_check"]}', 'admin', '2026-02-18T09:34:26');
INSERT INTO `ops_deploy_record` VALUES (2, 100, 5, NULL, '1', 'connection is closed by foreign host', '2026-02-18T09:54:34', '2026-02-18T09:54:40', 0, NULL, 'admin', '2026-02-18T09:54:34');
INSERT INTO `ops_deploy_record` VALUES (3, 100, 8, NULL, '1', 'connection is closed by foreign host', '2026-02-18T09:57:33', '2026-02-18T09:57:38', 0, NULL, 'admin', '2026-02-18T09:57:33');
INSERT INTO `ops_deploy_record` VALUES (4, 100, 12, NULL, '1', 'connection is closed by foreign host', '2026-02-18T10:13:19', '2026-02-18T10:13:24', 0, NULL, 'admin', '2026-02-18T10:13:19');
INSERT INTO `ops_deploy_record` VALUES (5, 100, 13, NULL, '1', 'connection is closed by foreign host', '2026-02-18T10:36:52', '2026-02-18T10:36:57', 0, NULL, 'admin', '2026-02-18T10:36:52');
INSERT INTO `ops_deploy_record` VALUES (6, 100, 14, NULL, '1', 'connection is closed by foreign host', '2026-02-18T11:24:01', '2026-02-18T11:24:06', 0, NULL, 'admin', '2026-02-18T11:24:01');
INSERT INTO `ops_deploy_record` VALUES (7, 100, 14, NULL, '1', 'connection is closed by foreign host', '2026-02-18T13:23:41', '2026-02-18T13:23:46', 0, NULL, 'admin', '2026-02-18T13:23:41');
INSERT INTO `ops_deploy_record` VALUES (8, 100, 14, NULL, '1', 'connection is closed by foreign host', '2026-02-18T13:30:53', '2026-02-18T13:30:58', 0, NULL, 'admin', '2026-02-18T13:30:53');
INSERT INTO `ops_deploy_record` VALUES (9, 100, 14, NULL, '1', 'connection is closed by foreign host', '2026-02-18T13:34:52', '2026-02-18T13:34:58', 0, NULL, 'admin', '2026-02-18T13:34:52');
INSERT INTO `ops_deploy_record` VALUES (10, 100, 14, NULL, '1', 'connection is closed by foreign host', '2026-02-18T21:00:35', '2026-02-18T21:00:40', 0, NULL, 'test', '2026-02-18T21:00:35');

-- ----------------------------
-- Table structure for `ops_deploy_template`
-- ----------------------------
DROP TABLE IF EXISTS `ops_deploy_template`;
CREATE TABLE `ops_deploy_template` (
  `id` bigint NOT NULL AUTO_INCREMENT COMMENT '主键ID',
  `template_name` varchar(100) CHARACTER SET utf8mb4 COLLATE utf8mb4_0900_ai_ci NOT NULL COMMENT '模板名称',
  `app_type` varchar(50) CHARACTER SET utf8mb4 COLLATE utf8mb4_0900_ai_ci NOT NULL COMMENT '适用应用类型(Java/Node/Python/Static)',
  `script_content` text CHARACTER SET utf8mb4 COLLATE utf8mb4_0900_ai_ci NOT NULL COMMENT '脚本内容(YAML)',
  `version` varchar(20) CHARACTER SET utf8mb4 COLLATE utf8mb4_0900_ai_ci NOT NULL DEFAULT 'v1.0.0' COMMENT '当前版本',
  `built_in` char(1) CHARACTER SET utf8mb4 COLLATE utf8mb4_0900_ai_ci DEFAULT '0' COMMENT '内置标志(1是 0否)',
  `status` char(1) CHARACTER SET utf8mb4 COLLATE utf8mb4_0900_ai_ci DEFAULT '0' COMMENT '状态(0正常 1停用)',
  `sha256` varchar(64) CHARACTER SET utf8mb4 COLLATE utf8mb4_0900_ai_ci DEFAULT '' COMMENT '脚本SHA256',
  `remark` varchar(500) CHARACTER SET utf8mb4 COLLATE utf8mb4_0900_ai_ci DEFAULT '' COMMENT '备注',
  `creator` varchar(64) CHARACTER SET utf8mb4 COLLATE utf8mb4_0900_ai_ci DEFAULT '' COMMENT '创建人',
  `create_time` datetime DEFAULT NULL COMMENT '创建时间',
  `update_by` varchar(64) CHARACTER SET utf8mb4 COLLATE utf8mb4_0900_ai_ci DEFAULT '' COMMENT '更新人',
  `update_time` datetime DEFAULT NULL COMMENT '更新时间',
  `guide_content` text CHARACTER SET utf8mb4 COLLATE utf8mb4_0900_ai_ci COMMENT '使用指南(Markdown)',
  `parameter_config` text CHARACTER SET utf8mb4 COLLATE utf8mb4_0900_ai_ci COMMENT '参数配置JSON',
  PRIMARY KEY (`id`) USING BTREE,
  UNIQUE KEY `uk_name_version` (`template_name`,`version`) USING BTREE,
  KEY `idx_app_type_status` (`app_type`,`status`) USING BTREE
) ENGINE=InnoDB AUTO_INCREMENT=2 DEFAULT CHARSET=utf8mb4 COLLATE=utf8mb4_0900_ai_ci ROW_FORMAT=DYNAMIC COMMENT='部署模板表';

-- ----------------------------
-- Dumping data for table `ops_deploy_template`
-- ----------------------------
INSERT INTO `ops_deploy_template` VALUES (1, 'Java标准部署模板', 'Java', 'steps:\n  - name: pull_code\n    command: git pull\n  - name: stop_app\n    command: ./stop.sh\n  - name: backup\n    command: cp -r app app_backup_${timestamp}\n  - name: replace_jar\n    command: cp target/*.jar app/\n  - name: start_app\n    command: ./start.sh\n  - name: health_check\n    url: ${health_check_url}\n    timeout: 30\n    retry: 3', 'v1.0.13', '1', '0', 'e3b0c44298fc1c149afbf4c8996fb92427ae41e4649b934ca495991b7852b855', '系统内置Java应用标准部署流程', 'admin', '2026-02-17T23:27:59', 'admin', '2026-02-18T10:48:43', NULL, '[]');

-- ----------------------------
-- Table structure for `ops_deploy_template_version`
-- ----------------------------
DROP TABLE IF EXISTS `ops_deploy_template_version`;
CREATE TABLE `ops_deploy_template_version` (
  `id` bigint NOT NULL AUTO_INCREMENT COMMENT '主键ID',
  `template_id` bigint NOT NULL COMMENT '模板ID',
  `version` varchar(20) CHARACTER SET utf8mb4 COLLATE utf8mb4_0900_ai_ci NOT NULL COMMENT '版本号',
  `script_content` text CHARACTER SET utf8mb4 COLLATE utf8mb4_0900_ai_ci NOT NULL COMMENT '脚本内容',
  `sha256` varchar(64) CHARACTER SET utf8mb4 COLLATE utf8mb4_0900_ai_ci DEFAULT '' COMMENT '脚本SHA256',
  `change_log` varchar(500) CHARACTER SET utf8mb4 COLLATE utf8mb4_0900_ai_ci DEFAULT '' COMMENT '变更日志',
  `creator` varchar(64) CHARACTER SET utf8mb4 COLLATE utf8mb4_0900_ai_ci DEFAULT '' COMMENT '创建人',
  `create_time` datetime DEFAULT NULL COMMENT '创建时间',
  `guide_content` text CHARACTER SET utf8mb4 COLLATE utf8mb4_0900_ai_ci COMMENT '使用指南(Markdown)',
  PRIMARY KEY (`id`) USING BTREE,
  KEY `idx_template_version` (`template_id`,`version`) USING BTREE
) ENGINE=InnoDB AUTO_INCREMENT=15 DEFAULT CHARSET=utf8mb4 COLLATE=utf8mb4_0900_ai_ci ROW_FORMAT=DYNAMIC COMMENT='部署模板版本历史表';

-- ----------------------------
-- Dumping data for table `ops_deploy_template_version`
-- ----------------------------
INSERT INTO `ops_deploy_template_version` VALUES (1, 1, 'v1.0.0', 'steps:\n  - name: pull_code\n    command: git pull\n  - name: stop_app\n    command: ./stop.sh\n  - name: backup\n    command: cp -r app app_backup_${timestamp}\n  - name: replace_jar\n    command: cp target/*.jar app/\n  - name: start_app\n    command: ./start.sh\n  - name: health_check\n    url: ${health_check_url}\n    timeout: 30\n    retry: 3', 'e3b0c44298fc1c149afbf4c8996fb92427ae41e4649b934ca495991b7852b855', '初始化创建', 'admin', '2026-02-17T23:27:59', NULL);
INSERT INTO `ops_deploy_template_version` VALUES (2, 1, 'v1.0.1', 'steps:\n  - name: pull_code\n    command: git pull\n  - name: stop_app\n    command: ./stop.sh\n  - name: backup\n    command: cp -r app app_backup_${timestamp}\n  - name: replace_jar\n    command: cp target/*.jar app/\n  - name: start_app\n    command: ./start.sh\n  - name: health_check\n    url: ${health_check_url}\n    timeout: 30\n    retry: 3', 'e3b0c44298fc1c149afbf4c8996fb92427ae41e4649b934ca495991b7852b855', 'Update template', 'admin', '2026-02-18T09:42:58', NULL);
INSERT INTO `ops_deploy_template_version` VALUES (3, 1, 'v1.0.2', 'steps:\n  - name: pull_code\n    command: git pull\n  - name: stop_app\n    command: ./stop.sh\n  - name: backup\n    command: cp -r app app_backup_${timestamp}\n  - name: replace_jar\n    command: cp target/*.jar app/\n  - name: start_app\n    command: ./start.sh\n  - name: health_check\n    url: ${health_check_url}\n    timeout: 30\n    retry: 3', 'e3b0c44298fc1c149afbf4c8996fb92427ae41e4649b934ca495991b7852b855', 'Rollback to version v1.0.0', 'admin', '2026-02-18T09:43:02', NULL);
INSERT INTO `ops_deploy_template_version` VALUES (4, 1, 'v1.0.3', 'steps:\n  - name: pull_code\n    command: git pull\n  - name: stop_app\n    command: ./stop.sh\n  - name: backup\n    command: cp -r app app_backup_${timestamp}\n  - name: replace_jar\n    command: cp target/*.jar app/\n  - name: start_app\n    command: ./start.sh\n  - name: health_check\n    url: ${health_check_url}\n    timeout: 30\n    retry: 3', 'e3b0c44298fc1c149afbf4c8996fb92427ae41e4649b934ca495991b7852b855', 'Update template', 'admin', '2026-02-18T09:43:10', NULL);
INSERT INTO `ops_deploy_template_version` VALUES (5, 1, 'v1.0.4', 'steps:\n  - name: pull_code\n    command: git pull\n  - name: stop_app\n    command: ./stop.sh\n  - name: backup\n    command: cp -r app app_backup_${timestamp}\n  - name: replace_jar\n    command: cp target/*.jar app/\n  - name: start_app\n    command: ./start.sh\n  - name: health_check\n    url: ${health_check_url}\n    timeout: 30\n    retry: 3', 'e3b0c44298fc1c149afbf4c8996fb92427ae41e4649b934ca495991b7852b855', 'Rollback to version v1.0.0', 'admin', '2026-02-18T09:43:17', NULL);
INSERT INTO `ops_deploy_template_version` VALUES (6, 1, 'v1.0.5', 'steps:\n  - name: pull_code\n    command: git pull\n  - name: stop_app\n    command: ./stop.sh\n  - name: backup\n    command: cp -r app app_backup_${timestamp}\n  - name: replace_jar\n    command: cp target/*.jar app/\n  - name: start_app\n    command: ./start.sh\n  - name: health_check\n    url: ${health_check_url}\n    timeout: 30\n    retry: 3', 'e3b0c44298fc1c149afbf4c8996fb92427ae41e4649b934ca495991b7852b855', 'Update template', 'admin', '2026-02-18T09:56:48', NULL);
INSERT INTO `ops_deploy_template_version` VALUES (7, 1, 'v1.0.6', 'steps:\n  - name: pull_code\n    command: git pull\n  - name: stop_app\n    command: ./stop.sh\n  - name: backup\n    command: cp -r app app_backup_${timestamp}\n  - name: replace_jar\n    command: cp target/*.jar app/\n  - name: start_app\n    command: ./start.sh\n  - name: health_check\n    url: ${health_check_url}\n    timeout: 30\n    retry: 3', 'e3b0c44298fc1c149afbf4c8996fb92427ae41e4649b934ca495991b7852b855', 'Update template', 'admin', '2026-02-18T09:57:03', NULL);
INSERT INTO `ops_deploy_template_version` VALUES (8, 1, 'v1.0.7', 'steps:\n  - name: pull_code\n    command: git pull\n  - name: stop_app\n    command: ./stop.sh\n  - name: backup\n    command: cp -r app app_backup_${timestamp}\n  - name: replace_jar\n    command: cp target/*.jar app/\n  - name: start_app\n    command: ./start.sh\n  - name: health_check\n    url: ${health_check_url}\n    timeout: 30\n    retry: 3', 'e3b0c44298fc1c149afbf4c8996fb92427ae41e4649b934ca495991b7852b855', 'Update template', 'admin', '2026-02-18T09:57:24', NULL);
INSERT INTO `ops_deploy_template_version` VALUES (9, 1, 'v1.0.8', 'steps:\n  - name: pull_code\n    command: git pull\n  - name: stop_app\n    command: ./stop.sh\n  - name: backup\n    command: cp -r app app_backup_${timestamp}\n  - name: replace_jar\n    command: cp target/*.jar app/\n  - name: start_app\n    command: ./start.sh\n  - name: health_check\n    url: ${health_check_url}\n    timeout: 30\n    retry: 3', 'e3b0c44298fc1c149afbf4c8996fb92427ae41e4649b934ca495991b7852b855', 'Update template', 'admin', '2026-02-18T09:58:29', NULL);
INSERT INTO `ops_deploy_template_version` VALUES (10, 1, 'v1.0.9', 'steps:\n  - name: pull_code\n    command: git pull\n  - name: stop_app\n    command: ./stop.sh\n  - name: backup\n    command: cp -r app app_backup_${timestamp}\n  - name: replace_jar\n    command: cp target/*.jar app/\n  - name: start_app\n    command: ./start.sh\n  - name: health_check\n    url: ${health_check_url}\n    timeout: 30\n    retry: 3', 'e3b0c44298fc1c149afbf4c8996fb92427ae41e4649b934ca495991b7852b855', 'Update template', 'admin', '2026-02-18T10:10:28', NULL);
INSERT INTO `ops_deploy_template_version` VALUES (11, 1, 'v1.0.10', 'steps:\n  - name: pull_code\n    command: git pull\n  - name: stop_app\n    command: ./stop.sh\n  - name: backup\n    command: cp -r app app_backup_${timestamp}\n  - name: replace_jar\n    command: cp target/*.jar app/\n  - name: start_app\n    command: ./start.sh\n  - name: health_check\n    url: ${health_check_url}\n    timeout: 30\n    retry: 3', 'e3b0c44298fc1c149afbf4c8996fb92427ae41e4649b934ca495991b7852b855', 'Update template', 'admin', '2026-02-18T10:13:04', NULL);
INSERT INTO `ops_deploy_template_version` VALUES (12, 1, 'v1.0.11', 'steps:\n  - name: pull_code\n    command: git pull\n  - name: stop_app\n    command: ./stop.sh\n  - name: backup\n    command: cp -r app app_backup_${timestamp}\n  - name: replace_jar\n    command: cp target/*.jar app/\n  - name: start_app\n    command: ./start.sh\n  - name: health_check\n    url: ${health_check_url}\n    timeout: 30\n    retry: 3', 'e3b0c44298fc1c149afbf4c8996fb92427ae41e4649b934ca495991b7852b855', 'Update template', 'admin', '2026-02-18T10:13:09', NULL);
INSERT INTO `ops_deploy_template_version` VALUES (13, 1, 'v1.0.12', 'steps:\n  - name: pull_code\n    command: git pull\n  - name: stop_app\n    command: ./stop.sh\n  - name: backup\n    command: cp -r app app_backup_${timestamp}\n  - name: replace_jar\n    command: cp target/*.jar app/\n  - name: start_app\n    command: ./start.sh\n  - name: health_check\n    url: ${health_check_url}\n    timeout: 30\n    retry: 3', 'e3b0c44298fc1c149afbf4c8996fb92427ae41e4649b934ca495991b7852b855', 'Update template', 'admin', '2026-02-18T10:36:47', NULL);
INSERT INTO `ops_deploy_template_version` VALUES (14, 1, 'v1.0.13', 'steps:\n  - name: pull_code\n    command: git pull\n  - name: stop_app\n    command: ./stop.sh\n  - name: backup\n    command: cp -r app app_backup_${timestamp}\n  - name: replace_jar\n    command: cp target/*.jar app/\n  - name: start_app\n    command: ./start.sh\n  - name: health_check\n    url: ${health_check_url}\n    timeout: 30\n    retry: 3', 'e3b0c44298fc1c149afbf4c8996fb92427ae41e4649b934ca495991b7852b855', 'Update template', 'admin', '2026-02-18T10:48:43', NULL);

-- ----------------------------
-- Table structure for `ops_doc_feedback`
-- ----------------------------
DROP TABLE IF EXISTS `ops_doc_feedback`;
CREATE TABLE `ops_doc_feedback` (
  `id` bigint NOT NULL AUTO_INCREMENT COMMENT '主键',
  `template_id` bigint NOT NULL COMMENT '模板ID',
  `user_id` bigint NOT NULL COMMENT '用户ID',
  `rating` int DEFAULT NULL COMMENT '评分(1-5)',
  `comment` varchar(500) CHARACTER SET utf8mb4 COLLATE utf8mb4_0900_ai_ci DEFAULT NULL COMMENT '建议',
  `create_time` datetime DEFAULT NULL COMMENT '创建时间',
  PRIMARY KEY (`id`) USING BTREE
) ENGINE=InnoDB DEFAULT CHARSET=utf8mb4 COLLATE=utf8mb4_0900_ai_ci ROW_FORMAT=DYNAMIC COMMENT='文档反馈表';

-- ----------------------------
-- Dumping data for table `ops_doc_feedback`
-- ----------------------------

-- ----------------------------
-- Table structure for `ops_environment`
-- ----------------------------
DROP TABLE IF EXISTS `ops_environment`;
CREATE TABLE `ops_environment` (
  `id` bigint NOT NULL AUTO_INCREMENT COMMENT '环境ID',
  `name` varchar(50) CHARACTER SET utf8mb4 COLLATE utf8mb4_0900_ai_ci DEFAULT NULL COMMENT '环境名称',
  `code` varchar(20) CHARACTER SET utf8mb4 COLLATE utf8mb4_0900_ai_ci DEFAULT NULL COMMENT '环境代码(dev,test,prod)',
  `sort` int DEFAULT '0' COMMENT '显示顺序',
  `status` char(1) CHARACTER SET utf8mb4 COLLATE utf8mb4_0900_ai_ci DEFAULT '0' COMMENT '状态(0正常 1停用)',
  `need_approval` char(1) CHARACTER SET utf8mb4 COLLATE utf8mb4_0900_ai_ci DEFAULT '1' COMMENT '是否需要审批(0否 1是)',
  `approval_process_key` varchar(100) CHARACTER SET utf8mb4 COLLATE utf8mb4_0900_ai_ci DEFAULT NULL COMMENT '审批流程Key',
  `create_by` varchar(64) CHARACTER SET utf8mb4 COLLATE utf8mb4_0900_ai_ci DEFAULT '' COMMENT '创建者',
  `create_time` datetime DEFAULT NULL COMMENT '创建时间',
  `update_by` varchar(64) CHARACTER SET utf8mb4 COLLATE utf8mb4_0900_ai_ci DEFAULT '' COMMENT '更新者',
  `update_time` datetime DEFAULT NULL COMMENT '更新时间',
  `remark` varchar(500) CHARACTER SET utf8mb4 COLLATE utf8mb4_0900_ai_ci DEFAULT NULL COMMENT '备注',
  PRIMARY KEY (`id`) USING BTREE
) ENGINE=InnoDB AUTO_INCREMENT=7 DEFAULT CHARSET=utf8mb4 COLLATE=utf8mb4_0900_ai_ci ROW_FORMAT=DYNAMIC COMMENT='环境配置表';

-- ----------------------------
-- Dumping data for table `ops_environment`
-- ----------------------------
INSERT INTO `ops_environment` VALUES (4, '开发环境', 'dev', 1, '0', '0', NULL, 'admin', '2026-02-21T21:24:38', '', NULL, NULL);
INSERT INTO `ops_environment` VALUES (5, '测试环境', 'test', 2, '0', '0', NULL, 'admin', '2026-02-21T21:24:45', '', NULL, NULL);
INSERT INTO `ops_environment` VALUES (6, '生产环境', 'prod', 3, '0', '1', 'release_prod', 'admin', '2026-02-21T21:24:51', '', NULL, NULL);

-- ----------------------------
-- Table structure for `ops_release_apply`
-- ----------------------------
DROP TABLE IF EXISTS `ops_release_apply`;
CREATE TABLE `ops_release_apply` (
  `id` bigint NOT NULL AUTO_INCREMENT COMMENT '发布申请ID',
  `app_id` bigint NOT NULL COMMENT '应用ID',
  `template_id` bigint NOT NULL COMMENT '部署模板ID',
  `version` varchar(50) CHARACTER SET utf8mb4 COLLATE utf8mb4_0900_ai_ci NOT NULL COMMENT '发布版本',
  `title` varchar(100) CHARACTER SET utf8mb4 COLLATE utf8mb4_0900_ai_ci NOT NULL COMMENT '发布标题',
  `description` text CHARACTER SET utf8mb4 COLLATE utf8mb4_0900_ai_ci COMMENT '发布说明',
  `risks` text CHARACTER SET utf8mb4 COLLATE utf8mb4_0900_ai_ci COMMENT '风险点',
  `rollback_plan` text CHARACTER SET utf8mb4 COLLATE utf8mb4_0900_ai_ci COMMENT '回滚方案',
  `requirement_ids` varchar(255) CHARACTER SET utf8mb4 COLLATE utf8mb4_0900_ai_ci DEFAULT NULL COMMENT '关联需求ID',
  `bug_ids` varchar(255) CHARACTER SET utf8mb4 COLLATE utf8mb4_0900_ai_ci DEFAULT NULL COMMENT '关联BugID',
  `status` char(1) CHARACTER SET utf8mb4 COLLATE utf8mb4_0900_ai_ci DEFAULT '0' COMMENT '状态（0草稿 1待审批 2已通过 3已驳回 4已发布 5发布失败）',
  `schedule_time` datetime DEFAULT NULL COMMENT '定时发布时间',
  `apply_user_id` bigint DEFAULT NULL COMMENT '申请人ID',
  `audit_user_id` bigint DEFAULT NULL COMMENT '审批人ID',
  `audit_time` datetime DEFAULT NULL COMMENT '审批时间',
  `audit_reason` varchar(500) CHARACTER SET utf8mb4 COLLATE utf8mb4_0900_ai_ci DEFAULT NULL COMMENT '审批意见',
  `create_by` varchar(64) CHARACTER SET utf8mb4 COLLATE utf8mb4_0900_ai_ci DEFAULT '' COMMENT '创建者',
  `create_time` datetime DEFAULT NULL COMMENT '创建时间',
  `update_by` varchar(64) CHARACTER SET utf8mb4 COLLATE utf8mb4_0900_ai_ci DEFAULT '' COMMENT '更新者',
  `update_time` datetime DEFAULT NULL COMMENT '更新时间',
  `remark` varchar(500) CHARACTER SET utf8mb4 COLLATE utf8mb4_0900_ai_ci DEFAULT NULL COMMENT '备注',
  `script_content` text CHARACTER SET utf8mb4 COLLATE utf8mb4_0900_ai_ci COMMENT 'Script Content',
  `current_step` int DEFAULT '1' COMMENT '当前审批节点',
  `total_steps` int DEFAULT '0' COMMENT '总审批节点',
  `approval_status` varchar(1) CHARACTER SET utf8mb4 COLLATE utf8mb4_0900_ai_ci DEFAULT '0' COMMENT '审批状态:0-未开始,1-审批中,2-通过,3-驳回',
  `environment` varchar(20) CHARACTER SET utf8mb4 COLLATE utf8mb4_0900_ai_ci DEFAULT 'prod' COMMENT 'Environment',
  `process_instance_id` varchar(64) CHARACTER SET utf8mb4 COLLATE utf8mb4_0900_ai_ci DEFAULT NULL COMMENT 'Process Instance ID',
  PRIMARY KEY (`id`) USING BTREE
) ENGINE=InnoDB AUTO_INCREMENT=29 DEFAULT CHARSET=utf8mb4 COLLATE=utf8mb4_0900_ai_ci ROW_FORMAT=DYNAMIC COMMENT='发布申请表';

-- ----------------------------
-- Dumping data for table `ops_release_apply`
-- ----------------------------
INSERT INTO `ops_release_apply` VALUES (28, 100, 1, 'v1771849169667', 'Java标准部署模板 - 发布 - 2026年2月23日 下午8:19:29', '', NULL, NULL, NULL, NULL, '2', NULL, 1, 101, '2026-02-23T20:19:57', '', 'admin', '2026-02-23T20:19:33', '', '2026-02-23T20:19:57', NULL, 'steps:\n  - name: pull_code\n    command: git pull\n  - name: stop_app\n    command: ./stop.sh\n  - name: backup\n    command: cp -r app app_backup_${timestamp}\n  - name: replace_jar\n    command: cp target/*.jar app/\n  - name: start_app\n    command: ./start.sh\n  - name: health_check\n    url: ${health_check_url}\n    timeout: 30\n    retry: 3', 1, 1, '2', 'prod', 'e9970419-10b1-11f1-ba14-e8b0c5b428ba');

-- ----------------------------
-- Table structure for `qrtz_blob_triggers`
-- ----------------------------
DROP TABLE IF EXISTS `qrtz_blob_triggers`;
CREATE TABLE `qrtz_blob_triggers` (
  `sched_name` varchar(120) CHARACTER SET utf8mb4 COLLATE utf8mb4_0900_ai_ci NOT NULL COMMENT '调度名称',
  `trigger_name` varchar(200) CHARACTER SET utf8mb4 COLLATE utf8mb4_0900_ai_ci NOT NULL COMMENT 'qrtz_triggers表trigger_name的外键',
  `trigger_group` varchar(200) CHARACTER SET utf8mb4 COLLATE utf8mb4_0900_ai_ci NOT NULL COMMENT 'qrtz_triggers表trigger_group的外键',
  `blob_data` blob COMMENT '存放持久化Trigger对象',
  PRIMARY KEY (`sched_name`,`trigger_name`,`trigger_group`) USING BTREE,
  CONSTRAINT `qrtz_blob_triggers_ibfk_1` FOREIGN KEY (`sched_name`, `trigger_name`, `trigger_group`) REFERENCES `qrtz_triggers` (`sched_name`, `trigger_name`, `trigger_group`) ON DELETE RESTRICT ON UPDATE RESTRICT
) ENGINE=InnoDB DEFAULT CHARSET=utf8mb4 COLLATE=utf8mb4_0900_ai_ci ROW_FORMAT=DYNAMIC COMMENT='Blob类型的触发器表';

-- ----------------------------
-- Dumping data for table `qrtz_blob_triggers`
-- ----------------------------

-- ----------------------------
-- Table structure for `qrtz_calendars`
-- ----------------------------
DROP TABLE IF EXISTS `qrtz_calendars`;
CREATE TABLE `qrtz_calendars` (
  `sched_name` varchar(120) CHARACTER SET utf8mb4 COLLATE utf8mb4_0900_ai_ci NOT NULL COMMENT '调度名称',
  `calendar_name` varchar(200) CHARACTER SET utf8mb4 COLLATE utf8mb4_0900_ai_ci NOT NULL COMMENT '日历名称',
  `calendar` blob NOT NULL COMMENT '存放持久化calendar对象',
  PRIMARY KEY (`sched_name`,`calendar_name`) USING BTREE
) ENGINE=InnoDB DEFAULT CHARSET=utf8mb4 COLLATE=utf8mb4_0900_ai_ci ROW_FORMAT=DYNAMIC COMMENT='日历信息表';

-- ----------------------------
-- Dumping data for table `qrtz_calendars`
-- ----------------------------

-- ----------------------------
-- Table structure for `qrtz_cron_triggers`
-- ----------------------------
DROP TABLE IF EXISTS `qrtz_cron_triggers`;
CREATE TABLE `qrtz_cron_triggers` (
  `sched_name` varchar(120) CHARACTER SET utf8mb4 COLLATE utf8mb4_0900_ai_ci NOT NULL COMMENT '调度名称',
  `trigger_name` varchar(200) CHARACTER SET utf8mb4 COLLATE utf8mb4_0900_ai_ci NOT NULL COMMENT 'qrtz_triggers表trigger_name的外键',
  `trigger_group` varchar(200) CHARACTER SET utf8mb4 COLLATE utf8mb4_0900_ai_ci NOT NULL COMMENT 'qrtz_triggers表trigger_group的外键',
  `cron_expression` varchar(200) CHARACTER SET utf8mb4 COLLATE utf8mb4_0900_ai_ci NOT NULL COMMENT 'cron表达式',
  `time_zone_id` varchar(80) CHARACTER SET utf8mb4 COLLATE utf8mb4_0900_ai_ci DEFAULT NULL COMMENT '时区',
  PRIMARY KEY (`sched_name`,`trigger_name`,`trigger_group`) USING BTREE,
  CONSTRAINT `qrtz_cron_triggers_ibfk_1` FOREIGN KEY (`sched_name`, `trigger_name`, `trigger_group`) REFERENCES `qrtz_triggers` (`sched_name`, `trigger_name`, `trigger_group`) ON DELETE RESTRICT ON UPDATE RESTRICT
) ENGINE=InnoDB DEFAULT CHARSET=utf8mb4 COLLATE=utf8mb4_0900_ai_ci ROW_FORMAT=DYNAMIC COMMENT='Cron类型的触发器表';

-- ----------------------------
-- Dumping data for table `qrtz_cron_triggers`
-- ----------------------------

-- ----------------------------
-- Table structure for `qrtz_fired_triggers`
-- ----------------------------
DROP TABLE IF EXISTS `qrtz_fired_triggers`;
CREATE TABLE `qrtz_fired_triggers` (
  `sched_name` varchar(120) CHARACTER SET utf8mb4 COLLATE utf8mb4_0900_ai_ci NOT NULL COMMENT '调度名称',
  `entry_id` varchar(95) CHARACTER SET utf8mb4 COLLATE utf8mb4_0900_ai_ci NOT NULL COMMENT '调度器实例id',
  `trigger_name` varchar(200) CHARACTER SET utf8mb4 COLLATE utf8mb4_0900_ai_ci NOT NULL COMMENT 'qrtz_triggers表trigger_name的外键',
  `trigger_group` varchar(200) CHARACTER SET utf8mb4 COLLATE utf8mb4_0900_ai_ci NOT NULL COMMENT 'qrtz_triggers表trigger_group的外键',
  `instance_name` varchar(200) CHARACTER SET utf8mb4 COLLATE utf8mb4_0900_ai_ci NOT NULL COMMENT '调度器实例名',
  `fired_time` bigint NOT NULL COMMENT '触发的时间',
  `sched_time` bigint NOT NULL COMMENT '定时器制定的时间',
  `priority` int NOT NULL COMMENT '优先级',
  `state` varchar(16) CHARACTER SET utf8mb4 COLLATE utf8mb4_0900_ai_ci NOT NULL COMMENT '状态',
  `job_name` varchar(200) CHARACTER SET utf8mb4 COLLATE utf8mb4_0900_ai_ci DEFAULT NULL COMMENT '任务名称',
  `job_group` varchar(200) CHARACTER SET utf8mb4 COLLATE utf8mb4_0900_ai_ci DEFAULT NULL COMMENT '任务组名',
  `is_nonconcurrent` varchar(1) CHARACTER SET utf8mb4 COLLATE utf8mb4_0900_ai_ci DEFAULT NULL COMMENT '是否并发',
  `requests_recovery` varchar(1) CHARACTER SET utf8mb4 COLLATE utf8mb4_0900_ai_ci DEFAULT NULL COMMENT '是否接受恢复执行',
  PRIMARY KEY (`sched_name`,`entry_id`) USING BTREE
) ENGINE=InnoDB DEFAULT CHARSET=utf8mb4 COLLATE=utf8mb4_0900_ai_ci ROW_FORMAT=DYNAMIC COMMENT='已触发的触发器表';

-- ----------------------------
-- Dumping data for table `qrtz_fired_triggers`
-- ----------------------------

-- ----------------------------
-- Table structure for `qrtz_job_details`
-- ----------------------------
DROP TABLE IF EXISTS `qrtz_job_details`;
CREATE TABLE `qrtz_job_details` (
  `sched_name` varchar(120) CHARACTER SET utf8mb4 COLLATE utf8mb4_0900_ai_ci NOT NULL COMMENT '调度名称',
  `job_name` varchar(200) CHARACTER SET utf8mb4 COLLATE utf8mb4_0900_ai_ci NOT NULL COMMENT '任务名称',
  `job_group` varchar(200) CHARACTER SET utf8mb4 COLLATE utf8mb4_0900_ai_ci NOT NULL COMMENT '任务组名',
  `description` varchar(250) CHARACTER SET utf8mb4 COLLATE utf8mb4_0900_ai_ci DEFAULT NULL COMMENT '相关介绍',
  `job_class_name` varchar(250) CHARACTER SET utf8mb4 COLLATE utf8mb4_0900_ai_ci NOT NULL COMMENT '执行任务类名称',
  `is_durable` varchar(1) CHARACTER SET utf8mb4 COLLATE utf8mb4_0900_ai_ci NOT NULL COMMENT '是否持久化',
  `is_nonconcurrent` varchar(1) CHARACTER SET utf8mb4 COLLATE utf8mb4_0900_ai_ci NOT NULL COMMENT '是否并发',
  `is_update_data` varchar(1) CHARACTER SET utf8mb4 COLLATE utf8mb4_0900_ai_ci NOT NULL COMMENT '是否更新数据',
  `requests_recovery` varchar(1) CHARACTER SET utf8mb4 COLLATE utf8mb4_0900_ai_ci NOT NULL COMMENT '是否接受恢复执行',
  `job_data` blob COMMENT '存放持久化job对象',
  PRIMARY KEY (`sched_name`,`job_name`,`job_group`) USING BTREE
) ENGINE=InnoDB DEFAULT CHARSET=utf8mb4 COLLATE=utf8mb4_0900_ai_ci ROW_FORMAT=DYNAMIC COMMENT='任务详细信息表';

-- ----------------------------
-- Dumping data for table `qrtz_job_details`
-- ----------------------------

-- ----------------------------
-- Table structure for `qrtz_locks`
-- ----------------------------
DROP TABLE IF EXISTS `qrtz_locks`;
CREATE TABLE `qrtz_locks` (
  `sched_name` varchar(120) CHARACTER SET utf8mb4 COLLATE utf8mb4_0900_ai_ci NOT NULL COMMENT '调度名称',
  `lock_name` varchar(40) CHARACTER SET utf8mb4 COLLATE utf8mb4_0900_ai_ci NOT NULL COMMENT '悲观锁名称',
  PRIMARY KEY (`sched_name`,`lock_name`) USING BTREE
) ENGINE=InnoDB DEFAULT CHARSET=utf8mb4 COLLATE=utf8mb4_0900_ai_ci ROW_FORMAT=DYNAMIC COMMENT='存储的悲观锁信息表';

-- ----------------------------
-- Dumping data for table `qrtz_locks`
-- ----------------------------

-- ----------------------------
-- Table structure for `qrtz_paused_trigger_grps`
-- ----------------------------
DROP TABLE IF EXISTS `qrtz_paused_trigger_grps`;
CREATE TABLE `qrtz_paused_trigger_grps` (
  `sched_name` varchar(120) CHARACTER SET utf8mb4 COLLATE utf8mb4_0900_ai_ci NOT NULL COMMENT '调度名称',
  `trigger_group` varchar(200) CHARACTER SET utf8mb4 COLLATE utf8mb4_0900_ai_ci NOT NULL COMMENT 'qrtz_triggers表trigger_group的外键',
  PRIMARY KEY (`sched_name`,`trigger_group`) USING BTREE
) ENGINE=InnoDB DEFAULT CHARSET=utf8mb4 COLLATE=utf8mb4_0900_ai_ci ROW_FORMAT=DYNAMIC COMMENT='暂停的触发器表';

-- ----------------------------
-- Dumping data for table `qrtz_paused_trigger_grps`
-- ----------------------------

-- ----------------------------
-- Table structure for `qrtz_scheduler_state`
-- ----------------------------
DROP TABLE IF EXISTS `qrtz_scheduler_state`;
CREATE TABLE `qrtz_scheduler_state` (
  `sched_name` varchar(120) CHARACTER SET utf8mb4 COLLATE utf8mb4_0900_ai_ci NOT NULL COMMENT '调度名称',
  `instance_name` varchar(200) CHARACTER SET utf8mb4 COLLATE utf8mb4_0900_ai_ci NOT NULL COMMENT '实例名称',
  `last_checkin_time` bigint NOT NULL COMMENT '上次检查时间',
  `checkin_interval` bigint NOT NULL COMMENT '检查间隔时间',
  PRIMARY KEY (`sched_name`,`instance_name`) USING BTREE
) ENGINE=InnoDB DEFAULT CHARSET=utf8mb4 COLLATE=utf8mb4_0900_ai_ci ROW_FORMAT=DYNAMIC COMMENT='调度器状态表';

-- ----------------------------
-- Dumping data for table `qrtz_scheduler_state`
-- ----------------------------

-- ----------------------------
-- Table structure for `qrtz_simple_triggers`
-- ----------------------------
DROP TABLE IF EXISTS `qrtz_simple_triggers`;
CREATE TABLE `qrtz_simple_triggers` (
  `sched_name` varchar(120) CHARACTER SET utf8mb4 COLLATE utf8mb4_0900_ai_ci NOT NULL COMMENT '调度名称',
  `trigger_name` varchar(200) CHARACTER SET utf8mb4 COLLATE utf8mb4_0900_ai_ci NOT NULL COMMENT 'qrtz_triggers表trigger_name的外键',
  `trigger_group` varchar(200) CHARACTER SET utf8mb4 COLLATE utf8mb4_0900_ai_ci NOT NULL COMMENT 'qrtz_triggers表trigger_group的外键',
  `repeat_count` bigint NOT NULL COMMENT '重复的次数统计',
  `repeat_interval` bigint NOT NULL COMMENT '重复的间隔时间',
  `times_triggered` bigint NOT NULL COMMENT '已经触发的次数',
  PRIMARY KEY (`sched_name`,`trigger_name`,`trigger_group`) USING BTREE,
  CONSTRAINT `qrtz_simple_triggers_ibfk_1` FOREIGN KEY (`sched_name`, `trigger_name`, `trigger_group`) REFERENCES `qrtz_triggers` (`sched_name`, `trigger_name`, `trigger_group`) ON DELETE RESTRICT ON UPDATE RESTRICT
) ENGINE=InnoDB DEFAULT CHARSET=utf8mb4 COLLATE=utf8mb4_0900_ai_ci ROW_FORMAT=DYNAMIC COMMENT='简单触发器的信息表';

-- ----------------------------
-- Dumping data for table `qrtz_simple_triggers`
-- ----------------------------

-- ----------------------------
-- Table structure for `qrtz_simprop_triggers`
-- ----------------------------
DROP TABLE IF EXISTS `qrtz_simprop_triggers`;
CREATE TABLE `qrtz_simprop_triggers` (
  `sched_name` varchar(120) CHARACTER SET utf8mb4 COLLATE utf8mb4_0900_ai_ci NOT NULL COMMENT '调度名称',
  `trigger_name` varchar(200) CHARACTER SET utf8mb4 COLLATE utf8mb4_0900_ai_ci NOT NULL COMMENT 'qrtz_triggers表trigger_name的外键',
  `trigger_group` varchar(200) CHARACTER SET utf8mb4 COLLATE utf8mb4_0900_ai_ci NOT NULL COMMENT 'qrtz_triggers表trigger_group的外键',
  `str_prop_1` varchar(512) CHARACTER SET utf8mb4 COLLATE utf8mb4_0900_ai_ci DEFAULT NULL COMMENT 'String类型的trigger的第一个参数',
  `str_prop_2` varchar(512) CHARACTER SET utf8mb4 COLLATE utf8mb4_0900_ai_ci DEFAULT NULL COMMENT 'String类型的trigger的第二个参数',
  `str_prop_3` varchar(512) CHARACTER SET utf8mb4 COLLATE utf8mb4_0900_ai_ci DEFAULT NULL COMMENT 'String类型的trigger的第三个参数',
  `int_prop_1` int DEFAULT NULL COMMENT 'int类型的trigger的第一个参数',
  `int_prop_2` int DEFAULT NULL COMMENT 'int类型的trigger的第二个参数',
  `long_prop_1` bigint DEFAULT NULL COMMENT 'long类型的trigger的第一个参数',
  `long_prop_2` bigint DEFAULT NULL COMMENT 'long类型的trigger的第二个参数',
  `dec_prop_1` decimal(13,4) DEFAULT NULL COMMENT 'decimal类型的trigger的第一个参数',
  `dec_prop_2` decimal(13,4) DEFAULT NULL COMMENT 'decimal类型的trigger的第二个参数',
  `bool_prop_1` varchar(1) CHARACTER SET utf8mb4 COLLATE utf8mb4_0900_ai_ci DEFAULT NULL COMMENT 'Boolean类型的trigger的第一个参数',
  `bool_prop_2` varchar(1) CHARACTER SET utf8mb4 COLLATE utf8mb4_0900_ai_ci DEFAULT NULL COMMENT 'Boolean类型的trigger的第二个参数',
  PRIMARY KEY (`sched_name`,`trigger_name`,`trigger_group`) USING BTREE,
  CONSTRAINT `qrtz_simprop_triggers_ibfk_1` FOREIGN KEY (`sched_name`, `trigger_name`, `trigger_group`) REFERENCES `qrtz_triggers` (`sched_name`, `trigger_name`, `trigger_group`) ON DELETE RESTRICT ON UPDATE RESTRICT
) ENGINE=InnoDB DEFAULT CHARSET=utf8mb4 COLLATE=utf8mb4_0900_ai_ci ROW_FORMAT=DYNAMIC COMMENT='同步机制的行锁表';

-- ----------------------------
-- Dumping data for table `qrtz_simprop_triggers`
-- ----------------------------

-- ----------------------------
-- Table structure for `qrtz_triggers`
-- ----------------------------
DROP TABLE IF EXISTS `qrtz_triggers`;
CREATE TABLE `qrtz_triggers` (
  `sched_name` varchar(120) CHARACTER SET utf8mb4 COLLATE utf8mb4_0900_ai_ci NOT NULL COMMENT '调度名称',
  `trigger_name` varchar(200) CHARACTER SET utf8mb4 COLLATE utf8mb4_0900_ai_ci NOT NULL COMMENT '触发器的名字',
  `trigger_group` varchar(200) CHARACTER SET utf8mb4 COLLATE utf8mb4_0900_ai_ci NOT NULL COMMENT '触发器所属组的名字',
  `job_name` varchar(200) CHARACTER SET utf8mb4 COLLATE utf8mb4_0900_ai_ci NOT NULL COMMENT 'qrtz_job_details表job_name的外键',
  `job_group` varchar(200) CHARACTER SET utf8mb4 COLLATE utf8mb4_0900_ai_ci NOT NULL COMMENT 'qrtz_job_details表job_group的外键',
  `description` varchar(250) CHARACTER SET utf8mb4 COLLATE utf8mb4_0900_ai_ci DEFAULT NULL COMMENT '相关介绍',
  `next_fire_time` bigint DEFAULT NULL COMMENT '上一次触发时间（毫秒）',
  `prev_fire_time` bigint DEFAULT NULL COMMENT '下一次触发时间（默认为-1表示不触发）',
  `priority` int DEFAULT NULL COMMENT '优先级',
  `trigger_state` varchar(16) CHARACTER SET utf8mb4 COLLATE utf8mb4_0900_ai_ci NOT NULL COMMENT '触发器状态',
  `trigger_type` varchar(8) CHARACTER SET utf8mb4 COLLATE utf8mb4_0900_ai_ci NOT NULL COMMENT '触发器的类型',
  `start_time` bigint NOT NULL COMMENT '开始时间',
  `end_time` bigint DEFAULT NULL COMMENT '结束时间',
  `calendar_name` varchar(200) CHARACTER SET utf8mb4 COLLATE utf8mb4_0900_ai_ci DEFAULT NULL COMMENT '日程表名称',
  `misfire_instr` smallint DEFAULT NULL COMMENT '补偿执行的策略',
  `job_data` blob COMMENT '存放持久化job对象',
  PRIMARY KEY (`sched_name`,`trigger_name`,`trigger_group`) USING BTREE,
  KEY `sched_name` (`sched_name`,`job_name`,`job_group`) USING BTREE,
  CONSTRAINT `qrtz_triggers_ibfk_1` FOREIGN KEY (`sched_name`, `job_name`, `job_group`) REFERENCES `qrtz_job_details` (`sched_name`, `job_name`, `job_group`) ON DELETE RESTRICT ON UPDATE RESTRICT
) ENGINE=InnoDB DEFAULT CHARSET=utf8mb4 COLLATE=utf8mb4_0900_ai_ci ROW_FORMAT=DYNAMIC COMMENT='触发器详细信息表';

-- ----------------------------
-- Dumping data for table `qrtz_triggers`
-- ----------------------------

-- ----------------------------
-- Table structure for `recover_your_data_info`
-- ----------------------------
DROP TABLE IF EXISTS `recover_your_data_info`;
CREATE TABLE `recover_your_data_info` (
  `READ_ME` text
) ENGINE=InnoDB DEFAULT CHARSET=utf8mb3;

-- ----------------------------
-- Dumping data for table `recover_your_data_info`
-- ----------------------------
INSERT INTO `recover_your_data_info` VALUES ('Dear Sir/Madam,\r\n\r\nWe hope this message finds you well.\r\n\r\nWe would like to inform you that we have backed up your databases and all files on this server (including documents, images, compressed files, etc.). We keep them for 30 days and then will be publicly disclosed and permanently delete them from our servers.\r\n\r\nWe offer two options:\r\n\r\nOption 1.: recovery service + leak protection\r\n\r\nif you want to recover your corrupted or incomplete databases/tables and you want to prevent it from being leaked, simply transfer 0.03 BTC to this address:\r\n\r\n1KcEEv3PyU1BDywiCZMVbF964JnPoxXJph\r\n\r\nThis address is assigned to your database credentials (host + user). We will know when you have paid.\r\n\r\nAfter payment confirmation, our program will restore the entire databases/tables automatically, so please do not change your database login details and make sure the database is still accessible from outside the local network. Don not worry. All your databases and tables will be restored. (If the restore fails the current field will be modified and provide links for you to download your datas). The saved files will be immediately deleted from our servers.\r\n\r\nOption 2.: leak protection only\r\n\r\nIf you don not need to restore your datas but you want to prevent it (databases, files from this server) from being leaked, send 0.015 BTC to this address:\r\n\r\n1KcEEv3PyU1BDywiCZMVbF964JnPoxXJph\r\n\r\nIn this case, your data will not be made public and will be deleted from our servers without any recovery service.\r\n\r\n-------------\r\nPlease take note of the following:\r\n\r\nAfter 30 days, we cannot After 30 days, we cannot guarantee the restoration of your data.\r\n\r\nThe only way to recover your data (and prevent it from being leaked) is by making the payment.\r\n\r\nData leaks can have serious consequences. Rest assured your data is protected.\r\n\r\nOnce your payment is completed, all your data will be deleted from our servers. Currently, government agencies, competitors, contractors, and local media remain unaware of the incident. Upon receiving your payment, we guarantee that these entities will not be contacted about this matter, ensuring your privacy and the confidentiality of the situation are maintained.\r\n\r\nIf you pay we guarantee that your data will not be sold on Darkweb resources and will not be used to attack your company, employees, or counterparties in the future, the full database dump will restore and other datas will be deleted immediately from our servers.\r\n\r\nIf you have not sent the requested amount within 30 days from the date of the incident, we will consider the transaction incomplete. Your data will then be sent to any interested parties. This is your responsibility.\r\n\r\nAfter payment confirmation, our program will restore the entire databases/tables automatically, so please do not change your database login details and make sure the database is still accessible from outside the local network.\r\n\r\n-------------\r\nThe only accepted payment method is Bitcoin. To the wallet specified above.\r\n\r\nBe advised: PayPal, WeTransfer, Alipay, credit cards, and other methods will not be accepted.\r\n\r\nIf you do not have Bitcoin, you can purchase it using a credit card from the following websites:\r\n\r\nCoinbase: https://www.coinbase.com/\r\nMoonPay: https://www.moonpay.com/buy\r\nPaybis: https://paybis.com/\r\nChangelly: https://changelly.com/buy\r\nAqua: https://aqua.net/\r\nCEX: https://cex.io/\r\nHodlHodl: https://hodlhodl.com\r\n\r\nAlternatively, you can buy Bitcoin using other payment methods from the following platforms (some of them work in China):\r\n\r\nCoinbase: https://www.coinbase.com/\r\nPaxful: https://paxful.com/\r\nBinance: https://www.binance.com/\r\nCrypto.com: https://www.crypto.com/\r\nHuobi: https://www.huobi.com/\r\nOKCoin: https://www.okcoin.com/\r\nBTCC: https://www.btcc.com/\r\nPaybis: https://paybis.com/\r\nCoinmama: https://coinmama.com/\r\nBitfinex: https://www.bitfinex.com/\r\n\r\nFor users in China, Bitcoin can be purchased with Alipay from:\r\n\r\nCoinCola: https://www.coincola.com/?lang=zh-HK\r\nBitValve: https://www.bitvalve.com/buy-bitcoin/alipay \r\n\r\nThank you for your time and consideration. Good luck.\r\n\r\n');

-- ----------------------------
-- Table structure for `sys_batch_task`
-- ----------------------------
DROP TABLE IF EXISTS `sys_batch_task`;
CREATE TABLE `sys_batch_task` (
  `task_id` bigint NOT NULL AUTO_INCREMENT COMMENT '任务ID',
  `task_name` varchar(100) CHARACTER SET utf8mb4 COLLATE utf8mb4_0900_ai_ci NOT NULL COMMENT '任务名称',
  `task_type` char(1) CHARACTER SET utf8mb4 COLLATE utf8mb4_0900_ai_ci NOT NULL DEFAULT '1' COMMENT '任务类型（1命令执行 2文件分发）',
  `command_content` text CHARACTER SET utf8mb4 COLLATE utf8mb4_0900_ai_ci COMMENT '执行命令内容',
  `source_file` varchar(500) CHARACTER SET utf8mb4 COLLATE utf8mb4_0900_ai_ci DEFAULT NULL COMMENT '源文件路径',
  `dest_path` varchar(500) CHARACTER SET utf8mb4 COLLATE utf8mb4_0900_ai_ci DEFAULT NULL COMMENT '目标路径',
  `status` char(1) CHARACTER SET utf8mb4 COLLATE utf8mb4_0900_ai_ci DEFAULT '0' COMMENT '状态（0等待 1执行中 2完成 3失败 4部分成功）',
  `total_host` int DEFAULT '0' COMMENT '总主机数',
  `success_host` int DEFAULT '0' COMMENT '成功主机数',
  `fail_host` int DEFAULT '0' COMMENT '失败主机数',
  `create_by` varchar(64) CHARACTER SET utf8mb4 COLLATE utf8mb4_0900_ai_ci DEFAULT '' COMMENT '创建者',
  `create_time` datetime DEFAULT NULL COMMENT '创建时间',
  `start_time` datetime DEFAULT NULL COMMENT '开始执行时间',
  `end_time` datetime DEFAULT NULL COMMENT '结束执行时间',
  PRIMARY KEY (`task_id`) USING BTREE
) ENGINE=InnoDB AUTO_INCREMENT=9 DEFAULT CHARSET=utf8mb4 COLLATE=utf8mb4_0900_ai_ci ROW_FORMAT=DYNAMIC COMMENT='批量任务主表';

-- ----------------------------
-- Dumping data for table `sys_batch_task`
-- ----------------------------
INSERT INTO `sys_batch_task` VALUES (1, 'test', '1', 'll', '', '', '3', 2, 0, 2, 'admin', '2026-02-13T20:35:26', '2026-02-13T20:35:26', '2026-02-13T20:35:28');
INSERT INTO `sys_batch_task` VALUES (2, 'test', '1', 'll', '', '', '3', 2, 0, 2, 'admin', '2026-02-13T20:35:56', '2026-02-13T20:35:56', '2026-02-13T20:35:58');
INSERT INTO `sys_batch_task` VALUES (3, 'test', '1', 'ls', '', '', '2', 2, 2, 0, 'admin', '2026-02-13T20:37:18', '2026-02-13T20:37:19', '2026-02-13T20:37:21');
INSERT INTO `sys_batch_task` VALUES (4, 'test2', '1', 'pwd', '', '', '2', 2, 2, 0, 'admin', '2026-02-13T20:39:03', '2026-02-13T20:39:03', '2026-02-13T20:39:06');
INSERT INTO `sys_batch_task` VALUES (5, '11', '2', '', '/profile/upload/2026/02/13/附件3-1-1-5_人民银行征信系统数据采集规范  抵（质）押物信息_20260213211248A001.pdf', '/root', '2', 1, 1, 0, 'admin', '2026-02-13T21:13:04', '2026-02-13T21:13:04', '2026-02-13T21:13:05');
INSERT INTO `sys_batch_task` VALUES (6, '11', '1', 'ls', '', '', '2', 1, 1, 0, 'admin', '2026-02-13T21:18:57', '2026-02-13T21:18:57', '2026-02-13T21:18:58');
INSERT INTO `sys_batch_task` VALUES (7, 'pwd', '1', 'pwd', '', '', '2', 1, 1, 0, 'admin', '2026-02-13T21:19:39', '2026-02-13T21:19:39', '2026-02-13T21:19:39');
INSERT INTO `sys_batch_task` VALUES (8, '11', '1', 'ls', '', '', '2', 1, 1, 0, 'admin', '2026-02-17T22:57:31', '2026-02-17T22:57:31', '2026-02-17T22:57:33');

-- ----------------------------
-- Table structure for `sys_batch_task_detail`
-- ----------------------------
DROP TABLE IF EXISTS `sys_batch_task_detail`;
CREATE TABLE `sys_batch_task_detail` (
  `detail_id` bigint NOT NULL AUTO_INCREMENT COMMENT '明细ID',
  `task_id` bigint NOT NULL COMMENT '任务ID',
  `server_id` bigint NOT NULL COMMENT '服务器ID',
  `server_name` varchar(64) CHARACTER SET utf8mb4 COLLATE utf8mb4_0900_ai_ci DEFAULT NULL COMMENT '服务器名称快照',
  `server_ip` varchar(64) CHARACTER SET utf8mb4 COLLATE utf8mb4_0900_ai_ci DEFAULT NULL COMMENT '服务器IP快照',
  `status` char(1) CHARACTER SET utf8mb4 COLLATE utf8mb4_0900_ai_ci DEFAULT '0' COMMENT '执行状态（0等待 1执行中 2成功 3失败）',
  `exit_code` int DEFAULT NULL COMMENT '退出码',
  `execution_log` longtext CHARACTER SET utf8mb4 COLLATE utf8mb4_0900_ai_ci COMMENT '执行日志',
  `start_time` datetime DEFAULT NULL COMMENT '开始时间',
  `end_time` datetime DEFAULT NULL COMMENT '结束时间',
  PRIMARY KEY (`detail_id`) USING BTREE,
  KEY `idx_task_id` (`task_id`) USING BTREE
) ENGINE=InnoDB AUTO_INCREMENT=13 DEFAULT CHARSET=utf8mb4 COLLATE=utf8mb4_0900_ai_ci ROW_FORMAT=DYNAMIC COMMENT='批量任务明细表';

-- ----------------------------
-- Dumping data for table `sys_batch_task_detail`
-- ----------------------------
INSERT INTO `sys_batch_task_detail` VALUES (1, 1, 4, '公司服务器', '124.225.88.94', '3', 127, 'ERR: bash: ll: command not found\n', '2026-02-13T20:35:26', '2026-02-13T20:35:28');
INSERT INTO `sys_batch_task_detail` VALUES (2, 1, 5, '虚拟机', '192.168.150.101', '3', 127, 'ERR: bash: ll: 未找到命令\n', '2026-02-13T20:35:26', '2026-02-13T20:35:26');
INSERT INTO `sys_batch_task_detail` VALUES (3, 2, 5, '虚拟机', '192.168.150.101', '3', 127, 'ERR: bash: ll: 未找到命令\n', '2026-02-13T20:35:56', '2026-02-13T20:35:56');
INSERT INTO `sys_batch_task_detail` VALUES (4, 2, 4, '公司服务器', '124.225.88.94', '3', 127, 'ERR: bash: ll: command not found\n', '2026-02-13T20:35:56', '2026-02-13T20:35:58');
INSERT INTO `sys_batch_task_detail` VALUES (5, 3, 4, '公司服务器', '124.225.88.94', '2', 0, 'anaconda-ks.cfg\ncsp\ncsp_table.sql\ngrafana\nobagent\nobproxy-ce\noceanbase-ce\nprometheus\nsql\nsql.tar\n', '2026-02-13T20:37:19', '2026-02-13T20:37:21');
INSERT INTO `sys_batch_task_detail` VALUES (6, 3, 5, '虚拟机', '192.168.150.101', '2', 0, 'anaconda-ks.cfg\napp.jar\nclean-docker-logs.sh\ndocker-compose.yml\nlogs\nnacos\nregistry-data\nswapfile\n', '2026-02-13T20:37:19', '2026-02-13T20:37:19');
INSERT INTO `sys_batch_task_detail` VALUES (7, 4, 4, '公司服务器', '124.225.88.94', '2', 0, '/root\n', '2026-02-13T20:39:04', '2026-02-13T20:39:05');
INSERT INTO `sys_batch_task_detail` VALUES (8, 4, 5, '虚拟机', '192.168.150.101', '2', 0, '/root\n', '2026-02-13T20:39:04', '2026-02-13T20:39:04');
INSERT INTO `sys_batch_task_detail` VALUES (9, 5, 5, '虚拟机', '192.168.150.101', '2', NULL, 'Uploading E:/ruoyi/uploadPath/upload/2026/02/13/附件3-1-1-5_人民银行征信系统数据采集规范  抵（质）押物信息_20260213211248A001.pdf to /root...\nUpload successful.\n', '2026-02-13T21:13:04', '2026-02-13T21:13:05');
INSERT INTO `sys_batch_task_detail` VALUES (10, 6, 5, '虚拟机', '192.168.150.101', '2', 0, 'anaconda-ks.cfg\napp.jar\nclean-docker-logs.sh\ndocker-compose.yml\nlogs\nnacos\nregistry-data\nswapfile\n', '2026-02-13T21:18:57', '2026-02-13T21:18:58');
INSERT INTO `sys_batch_task_detail` VALUES (11, 7, 5, '虚拟机', '192.168.150.101', '2', 0, '/root\n', '2026-02-13T21:19:39', '2026-02-13T21:19:39');
INSERT INTO `sys_batch_task_detail` VALUES (12, 8, 4, '公司服务器', '124.225.88.94', '2', 0, 'anaconda-ks.cfg\ncsp\ncsp_table.sql\ngrafana\nobagent\nobproxy-ce\noceanbase-ce\nprometheus\nsql\nsql.tar\n', '2026-02-17T22:57:31', '2026-02-17T22:57:33');

-- ----------------------------
-- Table structure for `sys_command_template`
-- ----------------------------
DROP TABLE IF EXISTS `sys_command_template`;
CREATE TABLE `sys_command_template` (
  `template_id` bigint NOT NULL AUTO_INCREMENT COMMENT '模板ID',
  `template_name` varchar(64) CHARACTER SET utf8mb4 COLLATE utf8mb4_0900_ai_ci NOT NULL COMMENT '模板名称',
  `command_content` text CHARACTER SET utf8mb4 COLLATE utf8mb4_0900_ai_ci NOT NULL COMMENT '脚本/命令内容',
  `timeout` int DEFAULT '60' COMMENT '超时时间(秒)',
  `create_by` varchar(64) CHARACTER SET utf8mb4 COLLATE utf8mb4_0900_ai_ci DEFAULT '' COMMENT '创建者',
  `create_time` datetime DEFAULT NULL COMMENT '创建时间',
  `update_by` varchar(64) CHARACTER SET utf8mb4 COLLATE utf8mb4_0900_ai_ci DEFAULT '' COMMENT '更新者',
  `update_time` datetime DEFAULT NULL COMMENT '更新时间',
  `remark` varchar(500) CHARACTER SET utf8mb4 COLLATE utf8mb4_0900_ai_ci DEFAULT NULL COMMENT '备注',
  PRIMARY KEY (`template_id`) USING BTREE
) ENGINE=InnoDB AUTO_INCREMENT=2 DEFAULT CHARSET=utf8mb4 COLLATE=utf8mb4_0900_ai_ci ROW_FORMAT=DYNAMIC COMMENT='批量命令模板表';

-- ----------------------------
-- Dumping data for table `sys_command_template`
-- ----------------------------
INSERT INTO `sys_command_template` VALUES (1, 'aa', 'test', 60, 'admin', '2026-02-13T20:40:56', '', NULL, NULL);

-- ----------------------------
-- Table structure for `sys_config`
-- ----------------------------
DROP TABLE IF EXISTS `sys_config`;
CREATE TABLE `sys_config` (
  `config_id` int NOT NULL AUTO_INCREMENT COMMENT '参数主键',
  `config_name` varchar(100) CHARACTER SET utf8mb4 COLLATE utf8mb4_0900_ai_ci DEFAULT '' COMMENT '参数名称',
  `config_key` varchar(100) CHARACTER SET utf8mb4 COLLATE utf8mb4_0900_ai_ci DEFAULT '' COMMENT '参数键名',
  `config_value` varchar(500) CHARACTER SET utf8mb4 COLLATE utf8mb4_0900_ai_ci DEFAULT '' COMMENT '参数键值',
  `config_type` char(1) CHARACTER SET utf8mb4 COLLATE utf8mb4_0900_ai_ci DEFAULT 'N' COMMENT '系统内置（Y是 N否）',
  `create_by` varchar(64) CHARACTER SET utf8mb4 COLLATE utf8mb4_0900_ai_ci DEFAULT '' COMMENT '创建者',
  `create_time` datetime DEFAULT NULL COMMENT '创建时间',
  `update_by` varchar(64) CHARACTER SET utf8mb4 COLLATE utf8mb4_0900_ai_ci DEFAULT '' COMMENT '更新者',
  `update_time` datetime DEFAULT NULL COMMENT '更新时间',
  `remark` varchar(500) CHARACTER SET utf8mb4 COLLATE utf8mb4_0900_ai_ci DEFAULT NULL COMMENT '备注',
  PRIMARY KEY (`config_id`) USING BTREE
) ENGINE=InnoDB AUTO_INCREMENT=100 DEFAULT CHARSET=utf8mb4 COLLATE=utf8mb4_0900_ai_ci ROW_FORMAT=DYNAMIC COMMENT='参数配置表';

-- ----------------------------
-- Dumping data for table `sys_config`
-- ----------------------------
INSERT INTO `sys_config` VALUES (1, '主框架页-默认皮肤样式名称', 'sys.index.skinName', 'skin-blue', 'Y', 'admin', '2026-02-12T15:13:16', '', NULL, '蓝色 skin-blue、绿色 skin-green、紫色 skin-purple、红色 skin-red、黄色 skin-yellow');
INSERT INTO `sys_config` VALUES (2, '用户管理-账号初始密码', 'sys.user.initPassword', '123456', 'Y', 'admin', '2026-02-12T15:13:16', '', NULL, '初始化密码 123456');
INSERT INTO `sys_config` VALUES (3, '主框架页-侧边栏主题', 'sys.index.sideTheme', 'theme-dark', 'Y', 'admin', '2026-02-12T15:13:16', '', NULL, '深色主题theme-dark，浅色主题theme-light');
INSERT INTO `sys_config` VALUES (4, '账号自助-验证码开关', 'sys.account.captchaEnabled', 'true', 'Y', 'admin', '2026-02-12T15:13:16', '', NULL, '是否开启验证码功能（true开启，false关闭）');
INSERT INTO `sys_config` VALUES (5, '账号自助-是否开启用户注册功能', 'sys.account.registerUser', 'false', 'Y', 'admin', '2026-02-12T15:13:16', '', NULL, '是否开启注册用户功能（true开启，false关闭）');
INSERT INTO `sys_config` VALUES (6, '用户登录-黑名单列表', 'sys.login.blackIPList', '', 'Y', 'admin', '2026-02-12T15:13:16', '', NULL, '设置登录IP黑名单限制，多个匹配项以;分隔，支持匹配（*通配、网段）');
INSERT INTO `sys_config` VALUES (7, '用户管理-初始密码修改策略', 'sys.account.initPasswordModify', '1', 'Y', 'admin', '2026-02-12T15:13:16', '', NULL, '0：初始密码修改策略关闭，没有任何提示，1：提醒用户，如果未修改初始密码，则在登录时就会提醒修改密码对话框');
INSERT INTO `sys_config` VALUES (8, '用户管理-账号密码更新周期', 'sys.account.passwordValidateDays', '0', 'Y', 'admin', '2026-02-12T15:13:16', '', NULL, '密码更新周期（填写数字，数据初始化值为0不限制，若修改必须为大于0小于365的正整数），如果超过这个周期登录系统时，则在登录时就会提醒修改密码对话框');

-- ----------------------------
-- Table structure for `sys_db_backup`
-- ----------------------------
DROP TABLE IF EXISTS `sys_db_backup`;
CREATE TABLE `sys_db_backup` (
  `backup_id` bigint NOT NULL AUTO_INCREMENT COMMENT '备份ID',
  `conn_id` bigint NOT NULL COMMENT '连接ID',
  `file_name` varchar(500) NOT NULL DEFAULT '' COMMENT '备份文件名',
  `file_path` varchar(500) CHARACTER SET utf8mb4 COLLATE utf8mb4_0900_ai_ci NOT NULL COMMENT '文件存储路径',
  `backup_type` char(1) CHARACTER SET utf8mb4 COLLATE utf8mb4_0900_ai_ci DEFAULT '0' COMMENT '备份类型（0手动 1自动）',
  `status` char(1) CHARACTER SET utf8mb4 COLLATE utf8mb4_0900_ai_ci DEFAULT '0' COMMENT '状态（0成功 1失败）',
  `log_msg` text CHARACTER SET utf8mb4 COLLATE utf8mb4_0900_ai_ci COMMENT '日志信息',
  `create_by` varchar(64) CHARACTER SET utf8mb4 COLLATE utf8mb4_0900_ai_ci DEFAULT '' COMMENT '创建者',
  `create_time` datetime DEFAULT NULL COMMENT '创建时间',
  `db_type` varchar(20) DEFAULT 'mysql' COMMENT '数据库类型(mysql/postgresql/mongodb/redis)',
  `backup_mode` varchar(20) DEFAULT 'full' COMMENT '备份方式(full全量/incremental增量/differential差异)',
  `backup_level` varchar(20) DEFAULT 'database' COMMENT '备份级别(instance实例/database数据库/table表)',
  `target_name` text COMMENT '备份目标',
  `file_size` bigint DEFAULT '0' COMMENT '文件大小(字节)',
  `file_md5` varchar(64) DEFAULT NULL COMMENT '文件MD5校验值',
  `storage_type` varchar(20) DEFAULT 'local' COMMENT '存储类型(local本地/remote远程/cloud云存储)',
  `storage_config` varchar(1000) DEFAULT NULL COMMENT '存储配置(JSON格式)',
  `verify_status` char(1) DEFAULT '0' COMMENT '验证状态(0未验证/1验证成功/2验证失败)',
  `verify_msg` varchar(500) DEFAULT NULL COMMENT '验证信息',
  `expire_time` datetime DEFAULT NULL COMMENT '过期时间',
  `is_deleted` char(1) DEFAULT '0' COMMENT '是否删除(0正常/1已删除)',
  PRIMARY KEY (`backup_id`) USING BTREE,
  KEY `idx_db_type` (`db_type`),
  KEY `idx_backup_mode` (`backup_mode`),
  KEY `idx_status` (`status`),
  KEY `idx_expire_time` (`expire_time`)
) ENGINE=InnoDB AUTO_INCREMENT=7 DEFAULT CHARSET=utf8mb4 COLLATE=utf8mb4_0900_ai_ci ROW_FORMAT=DYNAMIC COMMENT='数据库备份记录表';

-- ----------------------------
-- Dumping data for table `sys_db_backup`
-- ----------------------------
INSERT INTO `sys_db_backup` VALUES (6, 3, 'mysql_ry-vue_full_20260225_104405.sql', 'E:/package/operations_Center/ruoyi-admin/uploadPath/backup/mysql_ry-vue_full_20260225_104405.sql', '0', '2', NULL, 'admin', '2026-02-25T10:44:05', 'mysql', 'full', 'instance', '', 0, NULL, 'local', NULL, '0', NULL, NULL, '0');

-- ----------------------------
-- Table structure for `sys_db_backup_log`
-- ----------------------------
DROP TABLE IF EXISTS `sys_db_backup_log`;
CREATE TABLE `sys_db_backup_log` (
  `log_id` bigint NOT NULL AUTO_INCREMENT COMMENT '日志ID',
  `backup_id` bigint DEFAULT NULL COMMENT '备份ID',
  `strategy_id` bigint DEFAULT NULL COMMENT '策略ID',
  `conn_id` bigint NOT NULL COMMENT '连接ID',
  `db_type` varchar(20) DEFAULT 'mysql' COMMENT '数据库类型',
  `operation_type` varchar(50) NOT NULL COMMENT '操作类型(BACKUP/RESTORE/VERIFY/DELETE)',
  `operation_status` char(1) DEFAULT '0' COMMENT '状态(0成功/1失败/2进行中)',
  `start_time` datetime DEFAULT NULL COMMENT '开始时间',
  `end_time` datetime DEFAULT NULL COMMENT '结束时间',
  `duration` int DEFAULT '0' COMMENT '耗时(秒)',
  `file_size` bigint DEFAULT '0' COMMENT '文件大小',
  `message` varchar(2000) DEFAULT NULL COMMENT '详细信息',
  `error_msg` varchar(2000) DEFAULT NULL COMMENT '错误信息',
  `create_by` varchar(64) DEFAULT '' COMMENT '操作人',
  `create_time` datetime DEFAULT NULL COMMENT '创建时间',
  PRIMARY KEY (`log_id`),
  KEY `idx_backup_id` (`backup_id`),
  KEY `idx_conn_id` (`conn_id`),
  KEY `idx_create_time` (`create_time`)
) ENGINE=InnoDB DEFAULT CHARSET=utf8mb4 COLLATE=utf8mb4_0900_ai_ci COMMENT='数据库备份日志表';

-- ----------------------------
-- Dumping data for table `sys_db_backup_log`
-- ----------------------------

-- ----------------------------
-- Table structure for `sys_db_backup_strategy`
-- ----------------------------
DROP TABLE IF EXISTS `sys_db_backup_strategy`;
CREATE TABLE `sys_db_backup_strategy` (
  `strategy_id` bigint NOT NULL AUTO_INCREMENT COMMENT '策略ID',
  `strategy_name` varchar(100) NOT NULL COMMENT '策略名称',
  `conn_id` bigint NOT NULL COMMENT '连接ID',
  `db_type` varchar(20) DEFAULT 'mysql' COMMENT '数据库类型',
  `backup_mode` varchar(20) DEFAULT 'full' COMMENT '备份方式',
  `backup_level` varchar(20) DEFAULT 'database' COMMENT '备份级别',
  `target_name` text COMMENT '备份目标',
  `cron_expression` varchar(100) DEFAULT NULL COMMENT 'Cron表达式(定时备份)',
  `enabled` char(1) DEFAULT '0' COMMENT '状态(0启用/1停用)',
  `retention_days` int DEFAULT '7' COMMENT '保留天数',
  `retention_count` int DEFAULT '10' COMMENT '保留数量',
  `compress_enabled` char(1) DEFAULT '1' COMMENT '是否压缩(0否/1是)',
  `compress_type` varchar(20) DEFAULT 'gzip' COMMENT '压缩类型(gzip/bzip2)',
  `encrypt_enabled` char(1) DEFAULT '0' COMMENT '是否加密(0否/1是)',
  `storage_type` varchar(20) DEFAULT 'local' COMMENT '存储类型',
  `storage_config` varchar(1000) DEFAULT NULL COMMENT '存储配置(JSON)',
  `alert_enabled` char(1) DEFAULT '0' COMMENT '是否告警(0否/1是)',
  `alert_config` varchar(500) DEFAULT NULL COMMENT '告警配置(JSON)',
  `remark` varchar(500) DEFAULT NULL COMMENT '备注',
  `create_by` varchar(64) DEFAULT '' COMMENT '创建者',
  `create_time` datetime DEFAULT NULL COMMENT '创建时间',
  `update_by` varchar(64) DEFAULT '' COMMENT '更新者',
  `update_time` datetime DEFAULT NULL COMMENT '更新时间',
  PRIMARY KEY (`strategy_id`),
  KEY `idx_conn_id` (`conn_id`),
  KEY `idx_enabled` (`enabled`)
) ENGINE=InnoDB DEFAULT CHARSET=utf8mb4 COLLATE=utf8mb4_0900_ai_ci COMMENT='数据库备份策略表';

-- ----------------------------
-- Dumping data for table `sys_db_backup_strategy`
-- ----------------------------

-- ----------------------------
-- Table structure for `sys_db_conn`
-- ----------------------------
DROP TABLE IF EXISTS `sys_db_conn`;
CREATE TABLE `sys_db_conn` (
  `conn_id` bigint NOT NULL AUTO_INCREMENT COMMENT '连接ID',
  `conn_name` varchar(100) CHARACTER SET utf8mb4 COLLATE utf8mb4_0900_ai_ci NOT NULL COMMENT '连接名称',
  `db_type` varchar(20) CHARACTER SET utf8mb4 COLLATE utf8mb4_0900_ai_ci DEFAULT 'mysql' COMMENT '数据库类型',
  `host` varchar(100) CHARACTER SET utf8mb4 COLLATE utf8mb4_0900_ai_ci DEFAULT 'localhost' COMMENT '主机地址',
  `port` varchar(10) CHARACTER SET utf8mb4 COLLATE utf8mb4_0900_ai_ci DEFAULT '3306' COMMENT '端口',
  `username` varchar(100) CHARACTER SET utf8mb4 COLLATE utf8mb4_0900_ai_ci DEFAULT NULL COMMENT '账号',
  `password` varchar(100) CHARACTER SET utf8mb4 COLLATE utf8mb4_0900_ai_ci DEFAULT NULL COMMENT '密码',
  `db_name` varchar(100) CHARACTER SET utf8mb4 COLLATE utf8mb4_0900_ai_ci DEFAULT NULL COMMENT '数据库名',
  `status` char(1) CHARACTER SET utf8mb4 COLLATE utf8mb4_0900_ai_ci DEFAULT '0' COMMENT '状态（0正常 1停用）',
  `create_by` varchar(64) CHARACTER SET utf8mb4 COLLATE utf8mb4_0900_ai_ci DEFAULT '' COMMENT '创建者',
  `create_time` datetime DEFAULT NULL COMMENT '创建时间',
  `update_by` varchar(64) CHARACTER SET utf8mb4 COLLATE utf8mb4_0900_ai_ci DEFAULT '' COMMENT '更新者',
  `update_time` datetime DEFAULT NULL COMMENT '更新时间',
  `remark` varchar(500) CHARACTER SET utf8mb4 COLLATE utf8mb4_0900_ai_ci DEFAULT NULL COMMENT '备注',
  PRIMARY KEY (`conn_id`) USING BTREE
) ENGINE=InnoDB AUTO_INCREMENT=4 DEFAULT CHARSET=utf8mb4 COLLATE=utf8mb4_0900_ai_ci ROW_FORMAT=DYNAMIC COMMENT='数据库连接配置表';

-- ----------------------------
-- Dumping data for table `sys_db_conn`
-- ----------------------------
INSERT INTO `sys_db_conn` VALUES (1, '本地', 'mysql', 'localhost', '3306', 'root', 'zs123', 'ry-vue', '0', 'admin', '2026-02-23T22:17:34', 'admin', '2026-02-23T22:22:38', NULL);
INSERT INTO `sys_db_conn` VALUES (2, 'csp', 'mysql', 'localhost', '3306', 'root', 'zs123', 'csp', '0', 'admin', '2026-02-24T12:22:48', 'admin', '2026-02-24T12:26:43', NULL);
INSERT INTO `sys_db_conn` VALUES (3, 'tx', 'mysql', '82.157.176.188', '3306', 'root', '123456', 'ry-vue', '0', 'admin', '2026-02-25T09:52:35', '', NULL, NULL);

-- ----------------------------
-- Table structure for `sys_db_log`
-- ----------------------------
DROP TABLE IF EXISTS `sys_db_log`;
CREATE TABLE `sys_db_log` (
  `log_id` bigint NOT NULL AUTO_INCREMENT COMMENT '日志ID',
  `conn_id` bigint NOT NULL COMMENT '连接ID',
  `sql_content` text CHARACTER SET utf8mb4 COLLATE utf8mb4_0900_ai_ci COMMENT '执行语句',
  `cost_time` bigint DEFAULT '0' COMMENT '耗时(ms)',
  `status` char(1) CHARACTER SET utf8mb4 COLLATE utf8mb4_0900_ai_ci DEFAULT '0' COMMENT '状态（0成功 1失败）',
  `error_msg` text CHARACTER SET utf8mb4 COLLATE utf8mb4_0900_ai_ci COMMENT '错误信息',
  `create_by` varchar(64) CHARACTER SET utf8mb4 COLLATE utf8mb4_0900_ai_ci DEFAULT '' COMMENT '操作者',
  `create_time` datetime DEFAULT NULL COMMENT '操作时间',
  PRIMARY KEY (`log_id`) USING BTREE
) ENGINE=InnoDB AUTO_INCREMENT=153 DEFAULT CHARSET=utf8mb4 COLLATE=utf8mb4_0900_ai_ci ROW_FORMAT=DYNAMIC COMMENT='数据库操作日志表';

-- ----------------------------
-- Dumping data for table `sys_db_log`
-- ----------------------------
INSERT INTO `sys_db_log` VALUES (1, 1, 'SHOW FULL PROCESSLIST', 21, '1', 'Unknown database \'ry_vue\'', 'admin', '2026-02-23T22:18:26');
INSERT INTO `sys_db_log` VALUES (2, 1, 'SHOW FULL PROCESSLIST', 23, '1', 'Unknown database \'ry_vue\'', 'admin', '2026-02-23T22:19:15');
INSERT INTO `sys_db_log` VALUES (3, 1, 'SELECT * FROM c_customer_member LIMIT 100', 24, '1', 'Table \'ry-vue.c_customer_member\' doesn\'t exist', 'admin', '2026-02-23T22:22:51');
INSERT INTO `sys_db_log` VALUES (4, 1, 'SELECT * FROM e3_creditlimsgmt_lst LIMIT 100', 28, '1', 'Table \'ry-vue.e3_creditlimsgmt_lst\' doesn\'t exist', 'admin', '2026-02-23T22:23:14');
INSERT INTO `sys_db_log` VALUES (5, 1, 'SELECT * FROM act_ge_bytearray LIMIT 1000', 45, '0', NULL, 'admin', '2026-02-23T22:27:35');
INSERT INTO `sys_db_log` VALUES (6, 1, 'SELECT * FROM act_ge_property LIMIT 1000', 18, '0', NULL, 'admin', '2026-02-23T22:27:38');
INSERT INTO `sys_db_log` VALUES (7, 1, 'SELECT * FROM act_ru_deadletter_job LIMIT 1000', 17, '0', NULL, 'admin', '2026-02-23T22:27:46');
INSERT INTO `sys_db_log` VALUES (8, 1, 'SELECT * FROM act_hi_tsk_log LIMIT 1000', 19, '1', 'Table \'ry-vue.act_hi_tsk_log\' doesn\'t exist', 'admin', '2026-02-23T22:27:47');
INSERT INTO `sys_db_log` VALUES (9, 1, 'SELECT * FROM act_hi_varinst LIMIT 1000', 26, '0', NULL, 'admin', '2026-02-23T22:27:52');
INSERT INTO `sys_db_log` VALUES (10, 1, 'SELECT * FROM c_customer_marriage LIMIT 1000', 15, '1', 'Table \'ry-vue.c_customer_marriage\' doesn\'t exist', 'admin', '2026-02-23T22:27:55');
INSERT INTO `sys_db_log` VALUES (11, 1, 'SELECT * FROM c_customer_marriage_0722bak LIMIT 1000', 26, '1', 'Table \'ry-vue.c_customer_marriage_0722bak\' doesn\'t exist', 'admin', '2026-02-23T22:28:19');
INSERT INTO `sys_db_log` VALUES (12, 1, 'SELECT * FROM c_customer_education LIMIT 1000', 23, '1', 'Table \'ry-vue.c_customer_education\' doesn\'t exist', 'admin', '2026-02-23T22:28:20');
INSERT INTO `sys_db_log` VALUES (13, 1, 'SELECT * FROM c_credit LIMIT 1000', 24, '1', 'Table \'ry-vue.c_credit\' doesn\'t exist', 'admin', '2026-02-23T22:28:22');
INSERT INTO `sys_db_log` VALUES (14, 1, 'SELECT * FROM act_hi_taskinst LIMIT 1000', 21, '0', NULL, 'admin', '2026-02-23T22:28:23');
INSERT INTO `sys_db_log` VALUES (15, 1, 'SELECT * FROM act_hi_taskinst LIMIT 1000', 23, '0', NULL, 'admin', '2026-02-23T22:31:12');
INSERT INTO `sys_db_log` VALUES (16, 1, 'SELECT * FROM ssys_user', 22, '1', 'Table \'ry-vue.ssys_user\' doesn\'t exist', 'admin', '2026-02-23T22:31:23');
INSERT INTO `sys_db_log` VALUES (17, 1, 'SELECT * FROM sys_user', 24, '0', NULL, 'admin', '2026-02-23T22:31:28');
INSERT INTO `sys_db_log` VALUES (18, 1, 'SELECT * FROM baosong_dict LIMIT 1000', 26, '1', 'Table \'ry-vue.baosong_dict\' doesn\'t exist', 'admin', '2026-02-23T22:32:03');
INSERT INTO `sys_db_log` VALUES (19, 1, 'SELECT * FROM sys_oper_log LIMIT 1000', 26, '0', NULL, 'admin', '2026-02-23T22:33:43');
INSERT INTO `sys_db_log` VALUES (20, 1, 'SELECT * FROM sys_oper_log LIMIT 1000', 30, '0', NULL, 'admin', '2026-02-23T22:33:58');
INSERT INTO `sys_db_log` VALUES (21, 1, 'SELECT * FROM sys_oper_log LIMIT 1000', 53, '0', NULL, 'admin', '2026-02-23T22:34');
INSERT INTO `sys_db_log` VALUES (22, 1, 'SHOW FULL PROCESSLIST', 30, '0', NULL, 'admin', '2026-02-23T22:35:18');
INSERT INTO `sys_db_log` VALUES (23, 1, 'SELECT table_name, table_comment, engine, table_rows, data_length, index_length, create_time FROM information_schema.tables WHERE table_schema = DATABASE() ORDER BY data_length DESC', 30, '0', NULL, 'admin', '2026-02-23T22:35:22');
INSERT INTO `sys_db_log` VALUES (24, 1, 'SHOW FULL PROCESSLIST', 16, '0', NULL, 'admin', '2026-02-23T22:35:23');
INSERT INTO `sys_db_log` VALUES (25, 1, 'select * from sys_user', 23, '0', NULL, 'admin', '2026-02-23T22:38:01');
INSERT INTO `sys_db_log` VALUES (26, 1, 'SELECT * FROM act_ge_bytearray LIMIT 1000', 19, '0', NULL, 'admin', '2026-02-23T22:38:18');
INSERT INTO `sys_db_log` VALUES (27, 1, 'SELECT * FROM act_hi_taskinst LIMIT 1000', 19, '0', NULL, 'admin', '2026-02-23T22:38:20');
INSERT INTO `sys_db_log` VALUES (28, 1, 'SELECT * FROM act_evt_log LIMIT 1000', 15, '0', NULL, 'admin', '2026-02-23T22:48:52');
INSERT INTO `sys_db_log` VALUES (29, 1, 'SELECT * FROM act_evt_log LIMIT 1000', 17, '0', NULL, 'admin', '2026-02-23T22:48:55');
INSERT INTO `sys_db_log` VALUES (30, 1, 'select * from sys_user', 26, '0', NULL, 'admin', '2026-02-23T22:51:43');
INSERT INTO `sys_db_log` VALUES (31, 1, 'SHOW FULL PROCESSLIST', 24, '0', NULL, 'admin', '2026-02-23T22:51:49');
INSERT INTO `sys_db_log` VALUES (32, 1, 'SELECT table_name, table_comment, engine, table_rows, data_length, index_length, create_time FROM information_schema.tables WHERE table_schema = DATABASE() ORDER BY data_length DESC', 23, '0', NULL, 'admin', '2026-02-23T22:51:51');
INSERT INTO `sys_db_log` VALUES (33, 1, 'SHOW FULL PROCESSLIST', 25, '0', NULL, 'admin', '2026-02-23T22:51:51');
INSERT INTO `sys_db_log` VALUES (34, 1, 'SHOW FULL PROCESSLIST', 27, '0', NULL, 'admin', '2026-02-23T22:51:52');
INSERT INTO `sys_db_log` VALUES (35, 1, 'SELECT table_name, table_comment, engine, table_rows, data_length, index_length, create_time FROM information_schema.tables WHERE table_schema = DATABASE() ORDER BY data_length DESC', 23, '0', NULL, 'admin', '2026-02-23T22:51:53');
INSERT INTO `sys_db_log` VALUES (36, 1, 'SELECT * FROM sys_user LIMIT 1;', 28, '0', NULL, 'admin', '2026-02-23T23:06:33');
INSERT INTO `sys_db_log` VALUES (37, 1, 'SHOW FULL PROCESSLIST', 29, '0', NULL, 'admin', '2026-02-23T23:10:01');
INSERT INTO `sys_db_log` VALUES (38, 1, 'SELECT status from sys_user t1', 28, '0', NULL, 'admin', '2026-02-23T23:13:45');
INSERT INTO `sys_db_log` VALUES (39, 1, 'SHOW FULL PROCESSLIST', 27, '0', NULL, 'admin', '2026-02-23T23:13:55');
INSERT INTO `sys_db_log` VALUES (40, 1, 'SELECT * FROM `act_evt_log` LIMIT 1000', 30, '0', NULL, 'admin', '2026-02-24T12:21:42');
INSERT INTO `sys_db_log` VALUES (41, 1, 'SELECT * FROM `act_re_model` LIMIT 1000', 21, '0', NULL, 'admin', '2026-02-24T12:21:45');
INSERT INTO `sys_db_log` VALUES (42, 1, 'SELECT * from sys_user t1 WHERE t1.avatar !=null;', 31, '0', NULL, 'admin', '2026-02-24T12:22:10');
INSERT INTO `sys_db_log` VALUES (43, 1, 'SELECT * from sys_user t1 WHERE t1.avatar !=null;', 19, '0', NULL, 'admin', '2026-02-24T12:22:20');
INSERT INTO `sys_db_log` VALUES (44, 1, 'SELECT * from sys_user', 23, '0', NULL, 'admin', '2026-02-24T12:22:24');
INSERT INTO `sys_db_log` VALUES (45, 2, 'SELECT `FUN_IDCARD_18_LAST_VERIFY_CODE_CHECK`()', 43, '1', 'Incorrect number of arguments for FUNCTION csp.FUN_IDCARD_18_LAST_VERIFY_CODE_CHECK; expected 1, got 0', 'admin', '2026-02-24T12:27:09');
INSERT INTO `sys_db_log` VALUES (46, 2, 'SELECT * FROM `viw_organ` LIMIT 1000', 31, '0', NULL, 'admin', '2026-02-24T12:28:06');
INSERT INTO `sys_db_log` VALUES (47, 2, 'SELECT * FROM `viw_organ_path` LIMIT 1000', 26, '0', NULL, 'admin', '2026-02-24T12:28:08');
INSERT INTO `sys_db_log` VALUES (48, 2, 'SELECT * FROM `viw_roleresource` LIMIT 1000', 49, '0', NULL, 'admin', '2026-02-24T12:28:09');
INSERT INTO `sys_db_log` VALUES (49, 2, 'SELECT * FROM `viw_user_organ_resource` LIMIT 1000', 33, '0', NULL, 'admin', '2026-02-24T12:28:10');
INSERT INTO `sys_db_log` VALUES (50, 2, 'SELECT * FROM `bad_data` LIMIT 1000', 30, '0', NULL, 'admin', '2026-02-24T12:28:21');
INSERT INTO `sys_db_log` VALUES (51, 1, 'SELECT * FROM `act_evt_log` LIMIT 1000', 25, '0', NULL, 'admin', '2026-02-24T12:34:24');
INSERT INTO `sys_db_log` VALUES (52, 1, 'SELECT * FROM `act_evt_log` LIMIT 1000', 43, '0', NULL, 'admin', '2026-02-24T12:36:11');
INSERT INTO `sys_db_log` VALUES (53, 1, 'SELECT * FROM `act_evt_log` LIMIT 1000', 27, '0', NULL, 'admin', '2026-02-24T12:36:22');
INSERT INTO `sys_db_log` VALUES (54, 1, 'SHOW FULL PROCESSLIST', 25, '0', NULL, 'admin', '2026-02-24T12:40:36');
INSERT INTO `sys_db_log` VALUES (55, 1, 'SELECT table_name, table_comment, engine, table_rows, data_length, index_length, create_time FROM information_schema.tables WHERE table_schema = DATABASE() ORDER BY data_length DESC', 28, '0', NULL, 'admin', '2026-02-24T12:40:38');
INSERT INTO `sys_db_log` VALUES (56, 1, 'SHOW FULL PROCESSLIST', 22, '0', NULL, 'admin', '2026-02-24T12:40:38');
INSERT INTO `sys_db_log` VALUES (57, 1, 'SELECT table_name, table_comment, engine, table_rows, data_length, index_length, create_time FROM information_schema.tables WHERE table_schema = DATABASE() ORDER BY data_length DESC', 20, '0', NULL, 'admin', '2026-02-24T12:41:08');
INSERT INTO `sys_db_log` VALUES (58, 1, 'SHOW FULL PROCESSLIST', 41, '0', NULL, 'admin', '2026-02-24T12:41:08');
INSERT INTO `sys_db_log` VALUES (59, 2, 'SHOW FULL PROCESSLIST', 17, '0', NULL, 'admin', '2026-02-24T12:41:09');
INSERT INTO `sys_db_log` VALUES (60, 2, 'SHOW FULL PROCESSLIST', 21, '0', NULL, 'admin', '2026-02-24T12:41:10');
INSERT INTO `sys_db_log` VALUES (61, 1, 'SHOW FULL PROCESSLIST', 28, '0', NULL, 'admin', '2026-02-24T12:45:05');
INSERT INTO `sys_db_log` VALUES (62, 1, 'SHOW FULL PROCESSLIST', 29, '0', NULL, 'admin', '2026-02-24T12:45:31');
INSERT INTO `sys_db_log` VALUES (63, 1, 'SELECT * FROM `act_evt_log` LIMIT 1000', 30, '0', NULL, 'admin', '2026-02-24T12:48:52');
INSERT INTO `sys_db_log` VALUES (64, 1, 'SELECT * FROM `sys_batch_task` LIMIT 1000', 29, '0', NULL, 'admin', '2026-02-24T12:49:02');
INSERT INTO `sys_db_log` VALUES (65, 1, 'SELECT * FROM `sys_db_backup` LIMIT 1000', 33, '0', NULL, 'admin', '2026-02-24T12:49:12');
INSERT INTO `sys_db_log` VALUES (66, 1, 'SHOW FULL PROCESSLIST', 30, '0', NULL, 'admin', '2026-02-24T13:06:57');
INSERT INTO `sys_db_log` VALUES (67, 1, 'SELECT COUNT(*) as total FROM information_schema.PROCESSLIST', 33, '0', NULL, 'admin', '2026-02-24T13:06:57');
INSERT INTO `sys_db_log` VALUES (68, 1, 'SELECT COUNT(*) as active FROM information_schema.PROCESSLIST WHERE COMMAND != \'Sleep\'', 23, '0', NULL, 'admin', '2026-02-24T13:06:58');
INSERT INTO `sys_db_log` VALUES (69, 1, 'SHOW VARIABLES LIKE \'max_connections\'', 26, '0', NULL, 'admin', '2026-02-24T13:06:58');
INSERT INTO `sys_db_log` VALUES (70, 1, 'SELECT COUNT(*) as slow FROM information_schema.PROCESSLIST WHERE TIME > 2 AND COMMAND != \'Sleep\'', 17, '0', NULL, 'admin', '2026-02-24T13:06:58');
INSERT INTO `sys_db_log` VALUES (71, 1, 'SHOW FULL PROCESSLIST', 32, '0', NULL, 'admin', '2026-02-24T13:07:03');
INSERT INTO `sys_db_log` VALUES (72, 1, 'SELECT COUNT(*) as total FROM information_schema.PROCESSLIST', 32, '0', NULL, 'admin', '2026-02-24T13:07:03');
INSERT INTO `sys_db_log` VALUES (73, 1, 'SELECT COUNT(*) as active FROM information_schema.PROCESSLIST WHERE COMMAND != \'Sleep\'', 26, '0', NULL, 'admin', '2026-02-24T13:07:03');
INSERT INTO `sys_db_log` VALUES (74, 1, 'SHOW VARIABLES LIKE \'max_connections\'', 21, '0', NULL, 'admin', '2026-02-24T13:07:03');
INSERT INTO `sys_db_log` VALUES (75, 1, 'SELECT COUNT(*) as slow FROM information_schema.PROCESSLIST WHERE TIME > 2 AND COMMAND != \'Sleep\'', 25, '0', NULL, 'admin', '2026-02-24T13:07:03');
INSERT INTO `sys_db_log` VALUES (76, 2, 'SHOW FULL PROCESSLIST', 18, '0', NULL, 'admin', '2026-02-24T13:07:04');
INSERT INTO `sys_db_log` VALUES (77, 2, 'SELECT COUNT(*) as total FROM information_schema.PROCESSLIST', 19, '0', NULL, 'admin', '2026-02-24T13:07:04');
INSERT INTO `sys_db_log` VALUES (78, 2, 'SELECT COUNT(*) as active FROM information_schema.PROCESSLIST WHERE COMMAND != \'Sleep\'', 17, '0', NULL, 'admin', '2026-02-24T13:07:04');
INSERT INTO `sys_db_log` VALUES (79, 2, 'SHOW VARIABLES LIKE \'max_connections\'', 36, '0', NULL, 'admin', '2026-02-24T13:07:04');
INSERT INTO `sys_db_log` VALUES (80, 2, 'SELECT COUNT(*) as slow FROM information_schema.PROCESSLIST WHERE TIME > 2 AND COMMAND != \'Sleep\'', 23, '0', NULL, 'admin', '2026-02-24T13:07:04');
INSERT INTO `sys_db_log` VALUES (81, 2, 'SHOW FULL PROCESSLIST', 52, '0', NULL, 'admin', '2026-02-24T13:27:31');
INSERT INTO `sys_db_log` VALUES (82, 2, 'SELECT COUNT(*) as total FROM information_schema.PROCESSLIST', 38, '0', NULL, 'admin', '2026-02-24T13:27:31');
INSERT INTO `sys_db_log` VALUES (83, 2, 'SELECT COUNT(*) as active FROM information_schema.PROCESSLIST WHERE COMMAND != \'Sleep\'', 24, '0', NULL, 'admin', '2026-02-24T13:27:31');
INSERT INTO `sys_db_log` VALUES (84, 2, 'SHOW VARIABLES LIKE \'max_connections\'', 26, '0', NULL, 'admin', '2026-02-24T13:27:31');
INSERT INTO `sys_db_log` VALUES (85, 2, 'SELECT COUNT(*) as slow FROM information_schema.PROCESSLIST WHERE TIME > 2 AND COMMAND != \'Sleep\'', 27, '0', NULL, 'admin', '2026-02-24T13:27:31');
INSERT INTO `sys_db_log` VALUES (86, 2, 'SHOW FULL PROCESSLIST', 33, '0', NULL, 'admin', '2026-02-24T13:27:36');
INSERT INTO `sys_db_log` VALUES (87, 2, 'SELECT COUNT(*) as total FROM information_schema.PROCESSLIST', 33, '0', NULL, 'admin', '2026-02-24T13:27:36');
INSERT INTO `sys_db_log` VALUES (88, 2, 'SELECT COUNT(*) as active FROM information_schema.PROCESSLIST WHERE COMMAND != \'Sleep\'', 16, '0', NULL, 'admin', '2026-02-24T13:27:36');
INSERT INTO `sys_db_log` VALUES (89, 2, 'SHOW VARIABLES LIKE \'max_connections\'', 18, '0', NULL, 'admin', '2026-02-24T13:27:36');
INSERT INTO `sys_db_log` VALUES (90, 2, 'SELECT COUNT(*) as slow FROM information_schema.PROCESSLIST WHERE TIME > 2 AND COMMAND != \'Sleep\'', 14, '0', NULL, 'admin', '2026-02-24T13:27:36');
INSERT INTO `sys_db_log` VALUES (91, 2, 'SELECT query, db, exec_count, total_latency, avg_latency, max_latency, rows_sent_avg, rows_examined_avg, first_seen, last_seen FROM sys.statements_with_runtimes_in_95th_percentile ORDER BY total_latency DESC LIMIT 20', 64, '0', NULL, 'admin', '2026-02-24T13:27:41');
INSERT INTO `sys_db_log` VALUES (92, 2, 'SELECT COUNT(*) as total FROM information_schema.PROCESSLIST', 21, '0', NULL, 'admin', '2026-02-24T13:27:41');
INSERT INTO `sys_db_log` VALUES (93, 2, 'SELECT query, db, exec_count, total_latency, avg_latency, max_latency, rows_sent_avg, rows_examined_avg, first_seen, last_seen FROM sys.statements_with_runtimes_in_95th_percentile ORDER BY total_latency DESC LIMIT 20', 31, '0', NULL, 'admin', '2026-02-24T13:27:41');
INSERT INTO `sys_db_log` VALUES (94, 2, 'SELECT COUNT(*) as active FROM information_schema.PROCESSLIST WHERE COMMAND != \'Sleep\'', 27, '0', NULL, 'admin', '2026-02-24T13:27:41');
INSERT INTO `sys_db_log` VALUES (95, 2, 'SHOW VARIABLES LIKE \'max_connections\'', 19, '0', NULL, 'admin', '2026-02-24T13:27:41');
INSERT INTO `sys_db_log` VALUES (96, 2, 'SELECT COUNT(*) as slow FROM information_schema.PROCESSLIST WHERE TIME > 2 AND COMMAND != \'Sleep\'', 22, '0', NULL, 'admin', '2026-02-24T13:27:41');
INSERT INTO `sys_db_log` VALUES (97, 2, 'SELECT COUNT(*) as total FROM information_schema.PROCESSLIST', 29, '0', NULL, 'admin', '2026-02-24T13:27:46');
INSERT INTO `sys_db_log` VALUES (98, 2, 'SELECT query, db, exec_count, total_latency, avg_latency, max_latency, rows_sent_avg, rows_examined_avg, first_seen, last_seen FROM sys.statements_with_runtimes_in_95th_percentile ORDER BY total_latency DESC LIMIT 20', 33, '0', NULL, 'admin', '2026-02-24T13:27:46');
INSERT INTO `sys_db_log` VALUES (99, 2, 'SELECT COUNT(*) as active FROM information_schema.PROCESSLIST WHERE COMMAND != \'Sleep\'', 27, '0', NULL, 'admin', '2026-02-24T13:27:46');
INSERT INTO `sys_db_log` VALUES (100, 2, 'SHOW VARIABLES LIKE \'max_connections\'', 22, '0', NULL, 'admin', '2026-02-24T13:27:46');
INSERT INTO `sys_db_log` VALUES (101, 2, 'SELECT COUNT(*) as slow FROM information_schema.PROCESSLIST WHERE TIME > 2 AND COMMAND != \'Sleep\'', 23, '0', NULL, 'admin', '2026-02-24T13:27:46');
INSERT INTO `sys_db_log` VALUES (102, 1, 'SELECT COUNT(*) as total FROM information_schema.PROCESSLIST', 20, '0', NULL, 'admin', '2026-02-24T13:27:48');
INSERT INTO `sys_db_log` VALUES (103, 1, 'SELECT query, db, exec_count, total_latency, avg_latency, max_latency, rows_sent_avg, rows_examined_avg, first_seen, last_seen FROM sys.statements_with_runtimes_in_95th_percentile ORDER BY total_latency DESC LIMIT 20', 32, '0', NULL, 'admin', '2026-02-24T13:27:48');
INSERT INTO `sys_db_log` VALUES (104, 1, 'SELECT COUNT(*) as active FROM information_schema.PROCESSLIST WHERE COMMAND != \'Sleep\'', 24, '0', NULL, 'admin', '2026-02-24T13:27:48');
INSERT INTO `sys_db_log` VALUES (105, 1, 'SHOW VARIABLES LIKE \'max_connections\'', 17, '0', NULL, 'admin', '2026-02-24T13:27:48');
INSERT INTO `sys_db_log` VALUES (106, 1, 'SELECT COUNT(*) as slow FROM information_schema.PROCESSLIST WHERE TIME > 2 AND COMMAND != \'Sleep\'', 16, '0', NULL, 'admin', '2026-02-24T13:27:49');
INSERT INTO `sys_db_log` VALUES (107, 1, 'SELECT COUNT(*) as total FROM information_schema.PROCESSLIST', 26, '0', NULL, 'admin', '2026-02-24T13:27:49');
INSERT INTO `sys_db_log` VALUES (108, 1, 'SELECT query, db, exec_count, total_latency, avg_latency, max_latency, rows_sent_avg, rows_examined_avg, first_seen, last_seen FROM sys.statements_with_runtimes_in_95th_percentile ORDER BY total_latency DESC LIMIT 20', 34, '0', NULL, 'admin', '2026-02-24T13:27:49');
INSERT INTO `sys_db_log` VALUES (109, 1, 'SELECT COUNT(*) as active FROM information_schema.PROCESSLIST WHERE COMMAND != \'Sleep\'', 16, '0', NULL, 'admin', '2026-02-24T13:27:49');
INSERT INTO `sys_db_log` VALUES (110, 1, 'SHOW VARIABLES LIKE \'max_connections\'', 21, '0', NULL, 'admin', '2026-02-24T13:27:49');
INSERT INTO `sys_db_log` VALUES (111, 1, 'SELECT COUNT(*) as slow FROM information_schema.PROCESSLIST WHERE TIME > 2 AND COMMAND != \'Sleep\'', 24, '0', NULL, 'admin', '2026-02-24T13:27:49');
INSERT INTO `sys_db_log` VALUES (112, 1, 'SELECT table_name, table_comment, engine, table_rows, data_length, index_length, create_time, (data_length + index_length) as total_length FROM information_schema.tables WHERE table_schema = DATABASE() ORDER BY data_length DESC', 26, '0', NULL, 'admin', '2026-02-24T13:27:51');
INSERT INTO `sys_db_log` VALUES (113, 1, 'SELECT COUNT(*) as total FROM information_schema.PROCESSLIST', 28, '0', NULL, 'admin', '2026-02-24T13:27:51');
INSERT INTO `sys_db_log` VALUES (114, 1, 'SELECT table_name, table_comment, engine, table_rows, data_length, index_length, create_time, (data_length + index_length) as total_length FROM information_schema.tables WHERE table_schema = DATABASE() ORDER BY data_length DESC', 31, '0', NULL, 'admin', '2026-02-24T13:27:51');
INSERT INTO `sys_db_log` VALUES (115, 1, 'SELECT COUNT(*) as active FROM information_schema.PROCESSLIST WHERE COMMAND != \'Sleep\'', 25, '0', NULL, 'admin', '2026-02-24T13:27:51');
INSERT INTO `sys_db_log` VALUES (116, 1, 'SHOW VARIABLES LIKE \'max_connections\'', 24, '0', NULL, 'admin', '2026-02-24T13:27:51');
INSERT INTO `sys_db_log` VALUES (117, 1, 'SELECT COUNT(*) as slow FROM information_schema.PROCESSLIST WHERE TIME > 2 AND COMMAND != \'Sleep\'', 21, '0', NULL, 'admin', '2026-02-24T13:27:51');
INSERT INTO `sys_db_log` VALUES (118, 1, 'SELECT query, db, exec_count, errors, warnings, total_latency, avg_latency, rows_sent, rows_examined, tmp_tables, tmp_disk_tables FROM sys.statement_analysis ORDER BY total_latency DESC LIMIT 20', 22, '1', 'Unknown column \'errors\' in \'field list\'', 'admin', '2026-02-24T13:27:54');
INSERT INTO `sys_db_log` VALUES (119, 1, 'SELECT DIGEST_TEXT as query, SCHEMA_NAME as db, COUNT_STAR as exec_count, SUM_ERRORS as errors, SUM_WARNINGS as warnings, ROUND(SUM_TIMER_WAIT/1000000000000, 2) as total_latency, ROUND(AVG_TIMER_WAIT/1000000000000, 2) as avg_latency, SUM_ROWS_SENT as rows_sent, SUM_ROWS_EXAMINED as rows_examined, SUM_CREATED_TMP_TABLES as tmp_tables, SUM_CREATED_TMP_DISK_TABLES as tmp_disk_tables FROM performance_schema.events_statements_summary_by_digest WHERE SCHEMA_NAME IS NOT NULL ORDER BY SUM_TIMER_WAIT DESC LIMIT 20', 23, '0', NULL, 'admin', '2026-02-24T13:27:54');
INSERT INTO `sys_db_log` VALUES (120, 1, 'SELECT query, db, exec_count, errors, warnings, total_latency, avg_latency, rows_sent, rows_examined, tmp_tables, tmp_disk_tables FROM sys.statement_analysis ORDER BY total_latency DESC LIMIT 10', 26, '1', 'Unknown column \'errors\' in \'field list\'', 'admin', '2026-02-24T13:27:56');
INSERT INTO `sys_db_log` VALUES (121, 1, 'SELECT DIGEST_TEXT as query, SCHEMA_NAME as db, COUNT_STAR as exec_count, SUM_ERRORS as errors, SUM_WARNINGS as warnings, ROUND(SUM_TIMER_WAIT/1000000000000, 2) as total_latency, ROUND(AVG_TIMER_WAIT/1000000000000, 2) as avg_latency, SUM_ROWS_SENT as rows_sent, SUM_ROWS_EXAMINED as rows_examined, SUM_CREATED_TMP_TABLES as tmp_tables, SUM_CREATED_TMP_DISK_TABLES as tmp_disk_tables FROM performance_schema.events_statements_summary_by_digest WHERE SCHEMA_NAME IS NOT NULL ORDER BY SUM_TIMER_WAIT DESC LIMIT 10', 21, '0', NULL, 'admin', '2026-02-24T13:27:56');
INSERT INTO `sys_db_log` VALUES (122, 1, 'SELECT COUNT(*) as total FROM information_schema.PROCESSLIST', 23, '0', NULL, 'admin', '2026-02-24T13:27:56');
INSERT INTO `sys_db_log` VALUES (123, 1, 'SELECT query, db, exec_count, errors, warnings, total_latency, avg_latency, rows_sent, rows_examined, tmp_tables, tmp_disk_tables FROM sys.statement_analysis ORDER BY total_latency DESC LIMIT 10', 22, '1', 'Unknown column \'errors\' in \'field list\'', 'admin', '2026-02-24T13:27:56');
INSERT INTO `sys_db_log` VALUES (124, 1, 'SELECT COUNT(*) as active FROM information_schema.PROCESSLIST WHERE COMMAND != \'Sleep\'', 24, '0', NULL, 'admin', '2026-02-24T13:27:56');
INSERT INTO `sys_db_log` VALUES (125, 1, 'SELECT DIGEST_TEXT as query, SCHEMA_NAME as db, COUNT_STAR as exec_count, SUM_ERRORS as errors, SUM_WARNINGS as warnings, ROUND(SUM_TIMER_WAIT/1000000000000, 2) as total_latency, ROUND(AVG_TIMER_WAIT/1000000000000, 2) as avg_latency, SUM_ROWS_SENT as rows_sent, SUM_ROWS_EXAMINED as rows_examined, SUM_CREATED_TMP_TABLES as tmp_tables, SUM_CREATED_TMP_DISK_TABLES as tmp_disk_tables FROM performance_schema.events_statements_summary_by_digest WHERE SCHEMA_NAME IS NOT NULL ORDER BY SUM_TIMER_WAIT DESC LIMIT 10', 25, '0', NULL, 'admin', '2026-02-24T13:27:56');
INSERT INTO `sys_db_log` VALUES (126, 1, 'SHOW VARIABLES LIKE \'max_connections\'', 21, '0', NULL, 'admin', '2026-02-24T13:27:56');
INSERT INTO `sys_db_log` VALUES (127, 1, 'SELECT COUNT(*) as slow FROM information_schema.PROCESSLIST WHERE TIME > 2 AND COMMAND != \'Sleep\'', 21, '0', NULL, 'admin', '2026-02-24T13:27:56');
INSERT INTO `sys_db_log` VALUES (128, 1, 'SELECT query, db, exec_count, errors, warnings, total_latency, avg_latency, rows_sent, rows_examined, tmp_tables, tmp_disk_tables FROM sys.statement_analysis ORDER BY total_latency DESC LIMIT 20', 18, '1', 'Unknown column \'errors\' in \'field list\'', 'admin', '2026-02-24T13:27:57');
INSERT INTO `sys_db_log` VALUES (129, 1, 'SELECT DIGEST_TEXT as query, SCHEMA_NAME as db, COUNT_STAR as exec_count, SUM_ERRORS as errors, SUM_WARNINGS as warnings, ROUND(SUM_TIMER_WAIT/1000000000000, 2) as total_latency, ROUND(AVG_TIMER_WAIT/1000000000000, 2) as avg_latency, SUM_ROWS_SENT as rows_sent, SUM_ROWS_EXAMINED as rows_examined, SUM_CREATED_TMP_TABLES as tmp_tables, SUM_CREATED_TMP_DISK_TABLES as tmp_disk_tables FROM performance_schema.events_statements_summary_by_digest WHERE SCHEMA_NAME IS NOT NULL ORDER BY SUM_TIMER_WAIT DESC LIMIT 20', 19, '0', NULL, 'admin', '2026-02-24T13:27:57');
INSERT INTO `sys_db_log` VALUES (130, 1, 'SELECT COUNT(*) as total FROM information_schema.PROCESSLIST', 23, '0', NULL, 'admin', '2026-02-24T13:28:01');
INSERT INTO `sys_db_log` VALUES (131, 1, 'SELECT COUNT(*) as active FROM information_schema.PROCESSLIST WHERE COMMAND != \'Sleep\'', 19, '0', NULL, 'admin', '2026-02-24T13:28:01');
INSERT INTO `sys_db_log` VALUES (132, 1, 'SHOW VARIABLES LIKE \'max_connections\'', 23, '0', NULL, 'admin', '2026-02-24T13:28:01');
INSERT INTO `sys_db_log` VALUES (133, 1, 'SELECT COUNT(*) as slow FROM information_schema.PROCESSLIST WHERE TIME > 2 AND COMMAND != \'Sleep\'', 23, '0', NULL, 'admin', '2026-02-24T13:28:01');
INSERT INTO `sys_db_log` VALUES (134, 1, 'SELECT query, db, exec_count, errors, warnings, total_latency, avg_latency, rows_sent, rows_examined, tmp_tables, tmp_disk_tables FROM sys.statement_analysis ORDER BY total_latency DESC LIMIT 20', 21, '1', 'Unknown column \'errors\' in \'field list\'', 'admin', '2026-02-24T13:28:03');
INSERT INTO `sys_db_log` VALUES (135, 1, 'SELECT DIGEST_TEXT as query, SCHEMA_NAME as db, COUNT_STAR as exec_count, SUM_ERRORS as errors, SUM_WARNINGS as warnings, ROUND(SUM_TIMER_WAIT/1000000000000, 2) as total_latency, ROUND(AVG_TIMER_WAIT/1000000000000, 2) as avg_latency, SUM_ROWS_SENT as rows_sent, SUM_ROWS_EXAMINED as rows_examined, SUM_CREATED_TMP_TABLES as tmp_tables, SUM_CREATED_TMP_DISK_TABLES as tmp_disk_tables FROM performance_schema.events_statements_summary_by_digest WHERE SCHEMA_NAME IS NOT NULL ORDER BY SUM_TIMER_WAIT DESC LIMIT 20', 20, '0', NULL, 'admin', '2026-02-24T13:28:03');
INSERT INTO `sys_db_log` VALUES (136, 1, 'SELECT COUNT(*) as total FROM information_schema.PROCESSLIST', 25, '0', NULL, 'admin', '2026-02-24T13:28:06');
INSERT INTO `sys_db_log` VALUES (137, 1, 'SELECT query, db, exec_count, errors, warnings, total_latency, avg_latency, rows_sent, rows_examined, tmp_tables, tmp_disk_tables FROM sys.statement_analysis ORDER BY total_latency DESC LIMIT 20', 25, '1', 'Unknown column \'errors\' in \'field list\'', 'admin', '2026-02-24T13:28:06');
INSERT INTO `sys_db_log` VALUES (138, 1, 'SELECT COUNT(*) as active FROM information_schema.PROCESSLIST WHERE COMMAND != \'Sleep\'', 21, '0', NULL, 'admin', '2026-02-24T13:28:06');
INSERT INTO `sys_db_log` VALUES (139, 1, 'SELECT DIGEST_TEXT as query, SCHEMA_NAME as db, COUNT_STAR as exec_count, SUM_ERRORS as errors, SUM_WARNINGS as warnings, ROUND(SUM_TIMER_WAIT/1000000000000, 2) as total_latency, ROUND(AVG_TIMER_WAIT/1000000000000, 2) as avg_latency, SUM_ROWS_SENT as rows_sent, SUM_ROWS_EXAMINED as rows_examined, SUM_CREATED_TMP_TABLES as tmp_tables, SUM_CREATED_TMP_DISK_TABLES as tmp_disk_tables FROM performance_schema.events_statements_summary_by_digest WHERE SCHEMA_NAME IS NOT NULL ORDER BY SUM_TIMER_WAIT DESC LIMIT 20', 19, '0', NULL, 'admin', '2026-02-24T13:28:06');
INSERT INTO `sys_db_log` VALUES (140, 1, 'SHOW VARIABLES LIKE \'max_connections\'', 17, '0', NULL, 'admin', '2026-02-24T13:28:06');
INSERT INTO `sys_db_log` VALUES (141, 1, 'SELECT COUNT(*) as slow FROM information_schema.PROCESSLIST WHERE TIME > 2 AND COMMAND != \'Sleep\'', 22, '0', NULL, 'admin', '2026-02-24T13:28:06');
INSERT INTO `sys_db_log` VALUES (142, 1, 'SELECT table_name, table_comment, engine, table_rows, data_length, index_length, create_time, (data_length + index_length) as total_length FROM information_schema.tables WHERE table_schema = DATABASE() ORDER BY data_length DESC', 23, '0', NULL, 'admin', '2026-02-24T13:28:08');
INSERT INTO `sys_db_log` VALUES (143, 1, 'SELECT query, db, exec_count, total_latency, avg_latency, max_latency, rows_sent_avg, rows_examined_avg, first_seen, last_seen FROM sys.statements_with_runtimes_in_95th_percentile ORDER BY total_latency DESC LIMIT 20', 34, '0', NULL, 'admin', '2026-02-24T13:28:09');
INSERT INTO `sys_db_log` VALUES (144, 1, 'SELECT COUNT(*) as total FROM information_schema.PROCESSLIST', 19, '0', NULL, 'admin', '2026-02-24T13:28:11');
INSERT INTO `sys_db_log` VALUES (145, 1, 'SELECT query, db, exec_count, total_latency, avg_latency, max_latency, rows_sent_avg, rows_examined_avg, first_seen, last_seen FROM sys.statements_with_runtimes_in_95th_percentile ORDER BY total_latency DESC LIMIT 20', 28, '0', NULL, 'admin', '2026-02-24T13:28:11');
INSERT INTO `sys_db_log` VALUES (146, 1, 'SELECT COUNT(*) as active FROM information_schema.PROCESSLIST WHERE COMMAND != \'Sleep\'', 24, '0', NULL, 'admin', '2026-02-24T13:28:11');
INSERT INTO `sys_db_log` VALUES (147, 1, 'SHOW VARIABLES LIKE \'max_connections\'', 21, '0', NULL, 'admin', '2026-02-24T13:28:11');
INSERT INTO `sys_db_log` VALUES (148, 1, 'SELECT COUNT(*) as slow FROM information_schema.PROCESSLIST WHERE TIME > 2 AND COMMAND != \'Sleep\'', 26, '0', NULL, 'admin', '2026-02-24T13:28:11');
INSERT INTO `sys_db_log` VALUES (149, 1, 'SHOW FULL PROCESSLIST', 4165, '1', 'Communications link failure\n\nThe last packet sent successfully to the server was 0 milliseconds ago. The driver has not received any packets from the server.', 'admin', '2026-02-25T09:52:45');
INSERT INTO `sys_db_log` VALUES (150, 1, 'SELECT COUNT(*) as total FROM information_schema.PROCESSLIST', 4165, '1', 'Communications link failure\n\nThe last packet sent successfully to the server was 0 milliseconds ago. The driver has not received any packets from the server.', 'admin', '2026-02-25T09:52:45');
INSERT INTO `sys_db_log` VALUES (151, 1, 'SELECT COUNT(*) as total FROM information_schema.PROCESSLIST', 4151, '1', 'Communications link failure\n\nThe last packet sent successfully to the server was 0 milliseconds ago. The driver has not received any packets from the server.', 'admin', '2026-02-25T10:21:29');
INSERT INTO `sys_db_log` VALUES (152, 1, 'SHOW FULL PROCESSLIST', 4151, '1', 'Communications link failure\n\nThe last packet sent successfully to the server was 0 milliseconds ago. The driver has not received any packets from the server.', 'admin', '2026-02-25T10:21:29');

-- ----------------------------
-- Table structure for `sys_dept`
-- ----------------------------
DROP TABLE IF EXISTS `sys_dept`;
CREATE TABLE `sys_dept` (
  `dept_id` bigint NOT NULL AUTO_INCREMENT COMMENT '部门id',
  `parent_id` bigint DEFAULT '0' COMMENT '父部门id',
  `ancestors` varchar(50) CHARACTER SET utf8mb4 COLLATE utf8mb4_0900_ai_ci DEFAULT '' COMMENT '祖级列表',
  `dept_name` varchar(30) CHARACTER SET utf8mb4 COLLATE utf8mb4_0900_ai_ci DEFAULT '' COMMENT '部门名称',
  `order_num` int DEFAULT '0' COMMENT '显示顺序',
  `leader` varchar(20) CHARACTER SET utf8mb4 COLLATE utf8mb4_0900_ai_ci DEFAULT NULL COMMENT '负责人',
  `phone` varchar(11) CHARACTER SET utf8mb4 COLLATE utf8mb4_0900_ai_ci DEFAULT NULL COMMENT '联系电话',
  `email` varchar(50) CHARACTER SET utf8mb4 COLLATE utf8mb4_0900_ai_ci DEFAULT NULL COMMENT '邮箱',
  `status` char(1) CHARACTER SET utf8mb4 COLLATE utf8mb4_0900_ai_ci DEFAULT '0' COMMENT '部门状态（0正常 1停用）',
  `del_flag` char(1) CHARACTER SET utf8mb4 COLLATE utf8mb4_0900_ai_ci DEFAULT '0' COMMENT '删除标志（0代表存在 2代表删除）',
  `create_by` varchar(64) CHARACTER SET utf8mb4 COLLATE utf8mb4_0900_ai_ci DEFAULT '' COMMENT '创建者',
  `create_time` datetime DEFAULT NULL COMMENT '创建时间',
  `update_by` varchar(64) CHARACTER SET utf8mb4 COLLATE utf8mb4_0900_ai_ci DEFAULT '' COMMENT '更新者',
  `update_time` datetime DEFAULT NULL COMMENT '更新时间',
  PRIMARY KEY (`dept_id`) USING BTREE
) ENGINE=InnoDB AUTO_INCREMENT=200 DEFAULT CHARSET=utf8mb4 COLLATE=utf8mb4_0900_ai_ci ROW_FORMAT=DYNAMIC COMMENT='部门表';

-- ----------------------------
-- Dumping data for table `sys_dept`
-- ----------------------------
INSERT INTO `sys_dept` VALUES (100, 0, '0', '若依科技', 0, '若依', '15888888888', 'ry@qq.com', '0', '0', 'admin', '2026-02-12T15:13:15', '', NULL);
INSERT INTO `sys_dept` VALUES (101, 100, '0,100', '深圳总公司', 1, '若依', '15888888888', 'ry@qq.com', '0', '0', 'admin', '2026-02-12T15:13:15', '', NULL);
INSERT INTO `sys_dept` VALUES (102, 100, '0,100', '长沙分公司', 2, '若依', '15888888888', 'ry@qq.com', '0', '0', 'admin', '2026-02-12T15:13:15', '', NULL);
INSERT INTO `sys_dept` VALUES (103, 101, '0,100,101', '研发部门', 1, '若依', '15888888888', 'ry@qq.com', '0', '0', 'admin', '2026-02-12T15:13:15', '', NULL);
INSERT INTO `sys_dept` VALUES (104, 101, '0,100,101', '市场部门', 2, '若依', '15888888888', 'ry@qq.com', '0', '0', 'admin', '2026-02-12T15:13:15', '', NULL);
INSERT INTO `sys_dept` VALUES (105, 101, '0,100,101', '测试部门', 3, '若依', '15888888888', 'ry@qq.com', '0', '0', 'admin', '2026-02-12T15:13:15', '', NULL);
INSERT INTO `sys_dept` VALUES (106, 101, '0,100,101', '财务部门', 4, '若依', '15888888888', 'ry@qq.com', '0', '0', 'admin', '2026-02-12T15:13:15', '', NULL);
INSERT INTO `sys_dept` VALUES (107, 101, '0,100,101', '运维部门', 5, '若依', '15888888888', 'ry@qq.com', '0', '0', 'admin', '2026-02-12T15:13:15', '', NULL);
INSERT INTO `sys_dept` VALUES (108, 102, '0,100,102', '市场部门', 1, '若依', '15888888888', 'ry@qq.com', '0', '0', 'admin', '2026-02-12T15:13:15', '', NULL);
INSERT INTO `sys_dept` VALUES (109, 102, '0,100,102', '财务部门', 2, '若依', '15888888888', 'ry@qq.com', '0', '0', 'admin', '2026-02-12T15:13:15', '', NULL);

-- ----------------------------
-- Table structure for `sys_dict_data`
-- ----------------------------
DROP TABLE IF EXISTS `sys_dict_data`;
CREATE TABLE `sys_dict_data` (
  `dict_code` bigint NOT NULL AUTO_INCREMENT COMMENT '字典编码',
  `dict_sort` int DEFAULT '0' COMMENT '字典排序',
  `dict_label` varchar(100) CHARACTER SET utf8mb4 COLLATE utf8mb4_0900_ai_ci DEFAULT '' COMMENT '字典标签',
  `dict_value` varchar(100) CHARACTER SET utf8mb4 COLLATE utf8mb4_0900_ai_ci DEFAULT '' COMMENT '字典键值',
  `dict_type` varchar(100) CHARACTER SET utf8mb4 COLLATE utf8mb4_0900_ai_ci DEFAULT '' COMMENT '字典类型',
  `css_class` varchar(100) CHARACTER SET utf8mb4 COLLATE utf8mb4_0900_ai_ci DEFAULT NULL COMMENT '样式属性（其他样式扩展）',
  `list_class` varchar(100) CHARACTER SET utf8mb4 COLLATE utf8mb4_0900_ai_ci DEFAULT NULL COMMENT '表格回显样式',
  `is_default` char(1) CHARACTER SET utf8mb4 COLLATE utf8mb4_0900_ai_ci DEFAULT 'N' COMMENT '是否默认（Y是 N否）',
  `status` char(1) CHARACTER SET utf8mb4 COLLATE utf8mb4_0900_ai_ci DEFAULT '0' COMMENT '状态（0正常 1停用）',
  `create_by` varchar(64) CHARACTER SET utf8mb4 COLLATE utf8mb4_0900_ai_ci DEFAULT '' COMMENT '创建者',
  `create_time` datetime DEFAULT NULL COMMENT '创建时间',
  `update_by` varchar(64) CHARACTER SET utf8mb4 COLLATE utf8mb4_0900_ai_ci DEFAULT '' COMMENT '更新者',
  `update_time` datetime DEFAULT NULL COMMENT '更新时间',
  `remark` varchar(500) CHARACTER SET utf8mb4 COLLATE utf8mb4_0900_ai_ci DEFAULT NULL COMMENT '备注',
  PRIMARY KEY (`dict_code`) USING BTREE
) ENGINE=InnoDB AUTO_INCREMENT=242 DEFAULT CHARSET=utf8mb4 COLLATE=utf8mb4_0900_ai_ci ROW_FORMAT=DYNAMIC COMMENT='字典数据表';

-- ----------------------------
-- Dumping data for table `sys_dict_data`
-- ----------------------------
INSERT INTO `sys_dict_data` VALUES (1, 1, '男', '0', 'sys_user_sex', '', '', 'Y', '0', 'admin', '2026-02-12T15:13:16', '', NULL, '性别男');
INSERT INTO `sys_dict_data` VALUES (2, 2, '女', '1', 'sys_user_sex', '', '', 'N', '0', 'admin', '2026-02-12T15:13:16', '', NULL, '性别女');
INSERT INTO `sys_dict_data` VALUES (3, 3, '未知', '2', 'sys_user_sex', '', '', 'N', '0', 'admin', '2026-02-12T15:13:16', '', NULL, '性别未知');
INSERT INTO `sys_dict_data` VALUES (4, 1, '显示', '0', 'sys_show_hide', '', 'primary', 'Y', '0', 'admin', '2026-02-12T15:13:16', '', NULL, '显示菜单');
INSERT INTO `sys_dict_data` VALUES (5, 2, '隐藏', '1', 'sys_show_hide', '', 'danger', 'N', '0', 'admin', '2026-02-12T15:13:16', '', NULL, '隐藏菜单');
INSERT INTO `sys_dict_data` VALUES (6, 1, '正常', '0', 'sys_normal_disable', '', 'primary', 'Y', '0', 'admin', '2026-02-12T15:13:16', '', NULL, '正常状态');
INSERT INTO `sys_dict_data` VALUES (7, 2, '停用', '1', 'sys_normal_disable', '', 'danger', 'N', '0', 'admin', '2026-02-12T15:13:16', '', NULL, '停用状态');
INSERT INTO `sys_dict_data` VALUES (8, 1, '正常', '0', 'sys_job_status', '', 'primary', 'Y', '0', 'admin', '2026-02-12T15:13:16', '', NULL, '正常状态');
INSERT INTO `sys_dict_data` VALUES (9, 2, '暂停', '1', 'sys_job_status', '', 'danger', 'N', '0', 'admin', '2026-02-12T15:13:16', '', NULL, '停用状态');
INSERT INTO `sys_dict_data` VALUES (10, 1, '默认', 'DEFAULT', 'sys_job_group', '', '', 'Y', '0', 'admin', '2026-02-12T15:13:16', '', NULL, '默认分组');
INSERT INTO `sys_dict_data` VALUES (11, 2, '系统', 'SYSTEM', 'sys_job_group', '', '', 'N', '0', 'admin', '2026-02-12T15:13:16', '', NULL, '系统分组');
INSERT INTO `sys_dict_data` VALUES (12, 1, '是', 'Y', 'sys_yes_no', '', 'primary', 'Y', '0', 'admin', '2026-02-12T15:13:16', '', NULL, '系统默认是');
INSERT INTO `sys_dict_data` VALUES (13, 2, '否', 'N', 'sys_yes_no', '', 'danger', 'N', '0', 'admin', '2026-02-12T15:13:16', '', NULL, '系统默认否');
INSERT INTO `sys_dict_data` VALUES (14, 1, '通知', '1', 'sys_notice_type', '', 'warning', 'Y', '0', 'admin', '2026-02-12T15:13:16', '', NULL, '通知');
INSERT INTO `sys_dict_data` VALUES (15, 2, '公告', '2', 'sys_notice_type', '', 'success', 'N', '0', 'admin', '2026-02-12T15:13:16', '', NULL, '公告');
INSERT INTO `sys_dict_data` VALUES (16, 1, '正常', '0', 'sys_notice_status', '', 'primary', 'Y', '0', 'admin', '2026-02-12T15:13:16', '', NULL, '正常状态');
INSERT INTO `sys_dict_data` VALUES (17, 2, '关闭', '1', 'sys_notice_status', '', 'danger', 'N', '0', 'admin', '2026-02-12T15:13:16', '', NULL, '关闭状态');
INSERT INTO `sys_dict_data` VALUES (18, 99, '其他', '0', 'sys_oper_type', '', 'info', 'N', '0', 'admin', '2026-02-12T15:13:16', '', NULL, '其他操作');
INSERT INTO `sys_dict_data` VALUES (19, 1, '新增', '1', 'sys_oper_type', '', 'info', 'N', '0', 'admin', '2026-02-12T15:13:16', '', NULL, '新增操作');
INSERT INTO `sys_dict_data` VALUES (20, 2, '修改', '2', 'sys_oper_type', '', 'info', 'N', '0', 'admin', '2026-02-12T15:13:16', '', NULL, '修改操作');
INSERT INTO `sys_dict_data` VALUES (21, 3, '删除', '3', 'sys_oper_type', '', 'danger', 'N', '0', 'admin', '2026-02-12T15:13:16', '', NULL, '删除操作');
INSERT INTO `sys_dict_data` VALUES (22, 4, '授权', '4', 'sys_oper_type', '', 'primary', 'N', '0', 'admin', '2026-02-12T15:13:16', '', NULL, '授权操作');
INSERT INTO `sys_dict_data` VALUES (23, 5, '导出', '5', 'sys_oper_type', '', 'warning', 'N', '0', 'admin', '2026-02-12T15:13:16', '', NULL, '导出操作');
INSERT INTO `sys_dict_data` VALUES (24, 6, '导入', '6', 'sys_oper_type', '', 'warning', 'N', '0', 'admin', '2026-02-12T15:13:16', '', NULL, '导入操作');
INSERT INTO `sys_dict_data` VALUES (25, 7, '强退', '7', 'sys_oper_type', '', 'danger', 'N', '0', 'admin', '2026-02-12T15:13:16', '', NULL, '强退操作');
INSERT INTO `sys_dict_data` VALUES (26, 8, '生成代码', '8', 'sys_oper_type', '', 'warning', 'N', '0', 'admin', '2026-02-12T15:13:16', '', NULL, '生成操作');
INSERT INTO `sys_dict_data` VALUES (27, 9, '清空数据', '9', 'sys_oper_type', '', 'danger', 'N', '0', 'admin', '2026-02-12T15:13:16', '', NULL, '清空操作');
INSERT INTO `sys_dict_data` VALUES (28, 1, '成功', '0', 'sys_common_status', '', 'primary', 'N', '0', 'admin', '2026-02-12T15:13:16', '', NULL, '正常状态');
INSERT INTO `sys_dict_data` VALUES (29, 2, '失败', '1', 'sys_common_status', '', 'danger', 'N', '0', 'admin', '2026-02-12T15:13:16', '', NULL, '停用状态');
INSERT INTO `sys_dict_data` VALUES (206, 1, 'Web应用', 'web', 'sys_ops_app_type', '', '', 'Y', '0', 'admin', '2026-02-13T21:29:03', '', NULL, '');
INSERT INTO `sys_dict_data` VALUES (207, 2, '微服务', 'microservice', 'sys_ops_app_type', '', '', 'N', '0', 'admin', '2026-02-13T21:29:03', '', NULL, '');
INSERT INTO `sys_dict_data` VALUES (208, 3, '数据库', 'db', 'sys_ops_app_type', '', '', 'N', '0', 'admin', '2026-02-13T21:29:03', '', NULL, '');
INSERT INTO `sys_dict_data` VALUES (209, 4, '消息队列', 'mq', 'sys_ops_app_type', '', '', 'N', '0', 'admin', '2026-02-13T21:29:03', '', NULL, '');
INSERT INTO `sys_dict_data` VALUES (210, 5, '其他', 'other', 'sys_ops_app_type', '', '', 'N', '0', 'admin', '2026-02-13T21:29:03', '', NULL, '');
INSERT INTO `sys_dict_data` VALUES (211, 1, 'Spring Boot', 'springboot', 'sys_tech_stack', NULL, NULL, 'N', '0', 'admin', '2026-02-17T22:57:49', '', NULL, '');
INSERT INTO `sys_dict_data` VALUES (212, 2, 'Vue 3', 'vue3', 'sys_tech_stack', NULL, NULL, 'N', '0', 'admin', '2026-02-17T22:57:49', '', NULL, '');
INSERT INTO `sys_dict_data` VALUES (213, 3, 'Element Plus', 'element_plus', 'sys_tech_stack', NULL, NULL, 'N', '0', 'admin', '2026-02-17T22:57:49', '', NULL, '');
INSERT INTO `sys_dict_data` VALUES (214, 4, 'MySQL', 'mysql', 'sys_tech_stack', NULL, NULL, 'N', '0', 'admin', '2026-02-17T22:57:49', '', NULL, '');
INSERT INTO `sys_dict_data` VALUES (215, 5, 'Redis', 'redis', 'sys_tech_stack', NULL, NULL, 'N', '0', 'admin', '2026-02-17T22:57:49', '', NULL, '');
INSERT INTO `sys_dict_data` VALUES (216, 6, 'React', 'react', 'sys_tech_stack', NULL, NULL, 'N', '0', 'admin', '2026-02-17T22:57:49', '', NULL, '');
INSERT INTO `sys_dict_data` VALUES (217, 7, 'Java', 'java', 'sys_tech_stack', NULL, NULL, 'N', '0', 'admin', '2026-02-17T22:57:49', '', NULL, '');
INSERT INTO `sys_dict_data` VALUES (218, 8, 'Python', 'python', 'sys_tech_stack', NULL, NULL, 'N', '0', 'admin', '2026-02-17T22:57:49', '', NULL, '');
INSERT INTO `sys_dict_data` VALUES (219, 9, 'Node.js', 'nodejs', 'sys_tech_stack', NULL, NULL, 'N', '0', 'admin', '2026-02-17T22:57:49', '', NULL, '');
INSERT INTO `sys_dict_data` VALUES (220, 10, 'Docker', 'docker', 'sys_tech_stack', NULL, NULL, 'N', '0', 'admin', '2026-02-17T22:57:49', '', NULL, '');
INSERT INTO `sys_dict_data` VALUES (221, 1, 'MySQL/MariaDB', 'mysql', 'db_type', '', 'primary', 'Y', '0', 'admin', '2026-02-25T01:51:53', '', NULL, NULL);
INSERT INTO `sys_dict_data` VALUES (222, 2, 'PostgreSQL', 'postgresql', 'db_type', '', 'success', 'N', '0', 'admin', '2026-02-25T01:51:53', '', NULL, NULL);
INSERT INTO `sys_dict_data` VALUES (223, 3, 'MongoDB', 'mongodb', 'db_type', '', 'warning', 'N', '0', 'admin', '2026-02-25T01:51:53', '', NULL, NULL);
INSERT INTO `sys_dict_data` VALUES (224, 4, 'Redis', 'redis', 'db_type', '', 'danger', 'N', '0', 'admin', '2026-02-25T01:51:53', '', NULL, NULL);
INSERT INTO `sys_dict_data` VALUES (225, 5, 'Oracle', 'oracle', 'db_type', '', 'info', 'N', '0', 'admin', '2026-02-25T01:51:53', '', NULL, NULL);
INSERT INTO `sys_dict_data` VALUES (226, 6, 'SQL Server', 'sqlserver', 'db_type', '', 'info', 'N', '0', 'admin', '2026-02-25T01:51:53', '', NULL, NULL);
INSERT INTO `sys_dict_data` VALUES (227, 1, '全量备份', 'full', 'backup_mode', '', 'primary', 'Y', '0', 'admin', '2026-02-25T01:51:53', '', NULL, NULL);
INSERT INTO `sys_dict_data` VALUES (228, 2, '增量备份', 'incremental', 'backup_mode', '', 'success', 'N', '0', 'admin', '2026-02-25T01:51:53', '', NULL, NULL);
INSERT INTO `sys_dict_data` VALUES (229, 3, '差异备份', 'differential', 'backup_mode', '', 'warning', 'N', '0', 'admin', '2026-02-25T01:51:53', '', NULL, NULL);
INSERT INTO `sys_dict_data` VALUES (230, 1, '实例级', 'instance', 'backup_level', '', 'danger', 'N', '0', 'admin', '2026-02-25T01:51:53', '', NULL, NULL);
INSERT INTO `sys_dict_data` VALUES (231, 2, '数据库级', 'database', 'backup_level', '', 'primary', 'Y', '0', 'admin', '2026-02-25T01:51:53', '', NULL, NULL);
INSERT INTO `sys_dict_data` VALUES (232, 3, '表级', 'table', 'backup_level', '', 'success', 'N', '0', 'admin', '2026-02-25T01:51:53', '', NULL, NULL);
INSERT INTO `sys_dict_data` VALUES (233, 1, '本地存储', 'local', 'storage_type', '', 'primary', 'Y', '0', 'admin', '2026-02-25T01:51:53', '', NULL, NULL);
INSERT INTO `sys_dict_data` VALUES (234, 2, 'FTP服务器', 'ftp', 'storage_type', '', 'success', 'N', '0', 'admin', '2026-02-25T01:51:53', '', NULL, NULL);
INSERT INTO `sys_dict_data` VALUES (235, 3, 'SFTP服务器', 'sftp', 'storage_type', '', 'success', 'N', '0', 'admin', '2026-02-25T01:51:53', '', NULL, NULL);
INSERT INTO `sys_dict_data` VALUES (236, 4, '阿里云OSS', 'aliyun_oss', 'storage_type', '', 'warning', 'N', '0', 'admin', '2026-02-25T01:51:53', '', NULL, NULL);
INSERT INTO `sys_dict_data` VALUES (237, 5, '腾讯云COS', 'tencent_cos', 'storage_type', '', 'warning', 'N', '0', 'admin', '2026-02-25T01:51:53', '', NULL, NULL);
INSERT INTO `sys_dict_data` VALUES (238, 6, 'AWS S3', 's3', 'storage_type', '', 'warning', 'N', '0', 'admin', '2026-02-25T01:51:53', '', NULL, NULL);
INSERT INTO `sys_dict_data` VALUES (239, 1, 'Gzip', 'gzip', 'compress_type', '', 'primary', 'Y', '0', 'admin', '2026-02-25T01:51:53', '', NULL, NULL);
INSERT INTO `sys_dict_data` VALUES (240, 2, 'Bzip2', 'bzip2', 'compress_type', '', 'success', 'N', '0', 'admin', '2026-02-25T01:51:53', '', NULL, NULL);
INSERT INTO `sys_dict_data` VALUES (241, 3, 'Zip', 'zip', 'compress_type', '', 'warning', 'N', '0', 'admin', '2026-02-25T01:51:53', '', NULL, NULL);

-- ----------------------------
-- Table structure for `sys_dict_type`
-- ----------------------------
DROP TABLE IF EXISTS `sys_dict_type`;
CREATE TABLE `sys_dict_type` (
  `dict_id` bigint NOT NULL AUTO_INCREMENT COMMENT '字典主键',
  `dict_name` varchar(100) CHARACTER SET utf8mb4 COLLATE utf8mb4_0900_ai_ci DEFAULT '' COMMENT '字典名称',
  `dict_type` varchar(100) CHARACTER SET utf8mb4 COLLATE utf8mb4_0900_ai_ci DEFAULT '' COMMENT '字典类型',
  `status` char(1) CHARACTER SET utf8mb4 COLLATE utf8mb4_0900_ai_ci DEFAULT '0' COMMENT '状态（0正常 1停用）',
  `create_by` varchar(64) CHARACTER SET utf8mb4 COLLATE utf8mb4_0900_ai_ci DEFAULT '' COMMENT '创建者',
  `create_time` datetime DEFAULT NULL COMMENT '创建时间',
  `update_by` varchar(64) CHARACTER SET utf8mb4 COLLATE utf8mb4_0900_ai_ci DEFAULT '' COMMENT '更新者',
  `update_time` datetime DEFAULT NULL COMMENT '更新时间',
  `remark` varchar(500) CHARACTER SET utf8mb4 COLLATE utf8mb4_0900_ai_ci DEFAULT NULL COMMENT '备注',
  PRIMARY KEY (`dict_id`) USING BTREE,
  UNIQUE KEY `dict_type` (`dict_type`) USING BTREE
) ENGINE=InnoDB AUTO_INCREMENT=138 DEFAULT CHARSET=utf8mb4 COLLATE=utf8mb4_0900_ai_ci ROW_FORMAT=DYNAMIC COMMENT='字典类型表';

-- ----------------------------
-- Dumping data for table `sys_dict_type`
-- ----------------------------
INSERT INTO `sys_dict_type` VALUES (1, '用户性别', 'sys_user_sex', '0', 'admin', '2026-02-12T15:13:16', '', NULL, '用户性别列表');
INSERT INTO `sys_dict_type` VALUES (2, '菜单状态', 'sys_show_hide', '0', 'admin', '2026-02-12T15:13:16', '', NULL, '菜单状态列表');
INSERT INTO `sys_dict_type` VALUES (3, '系统开关', 'sys_normal_disable', '0', 'admin', '2026-02-12T15:13:16', '', NULL, '系统开关列表');
INSERT INTO `sys_dict_type` VALUES (4, '任务状态', 'sys_job_status', '0', 'admin', '2026-02-12T15:13:16', '', NULL, '任务状态列表');
INSERT INTO `sys_dict_type` VALUES (5, '任务分组', 'sys_job_group', '0', 'admin', '2026-02-12T15:13:16', '', NULL, '任务分组列表');
INSERT INTO `sys_dict_type` VALUES (6, '系统是否', 'sys_yes_no', '0', 'admin', '2026-02-12T15:13:16', '', NULL, '系统是否列表');
INSERT INTO `sys_dict_type` VALUES (7, '通知类型', 'sys_notice_type', '0', 'admin', '2026-02-12T15:13:16', '', NULL, '通知类型列表');
INSERT INTO `sys_dict_type` VALUES (8, '通知状态', 'sys_notice_status', '0', 'admin', '2026-02-12T15:13:16', '', NULL, '通知状态列表');
INSERT INTO `sys_dict_type` VALUES (9, '操作类型', 'sys_oper_type', '0', 'admin', '2026-02-12T15:13:16', '', NULL, '操作类型列表');
INSERT INTO `sys_dict_type` VALUES (10, '系统状态', 'sys_common_status', '0', 'admin', '2026-02-12T15:13:16', '', NULL, '登录状态列表');
INSERT INTO `sys_dict_type` VALUES (131, '应用类型', 'sys_ops_app_type', '0', 'admin', '2026-02-13T21:29:03', '', NULL, '应用注册类型列表');
INSERT INTO `sys_dict_type` VALUES (132, '技术栈', 'sys_tech_stack', '0', 'admin', '2026-02-17T22:57:35', '', NULL, '主要技术栈列表');
INSERT INTO `sys_dict_type` VALUES (133, '数据库类型', 'db_type', '0', 'admin', '2026-02-25T01:51:53', '', NULL, '支持的数据库类型');
INSERT INTO `sys_dict_type` VALUES (134, '备份方式', 'backup_mode', '0', 'admin', '2026-02-25T01:51:53', '', NULL, '备份方式类型');
INSERT INTO `sys_dict_type` VALUES (135, '备份级别', 'backup_level', '0', 'admin', '2026-02-25T01:51:53', '', NULL, '备份级别类型');
INSERT INTO `sys_dict_type` VALUES (136, '存储类型', 'storage_type', '0', 'admin', '2026-02-25T01:51:53', '', NULL, '备份文件存储类型');
INSERT INTO `sys_dict_type` VALUES (137, '压缩类型', 'compress_type', '0', 'admin', '2026-02-25T01:51:53', '', NULL, '备份文件压缩类型');

-- ----------------------------
-- Table structure for `sys_job`
-- ----------------------------
DROP TABLE IF EXISTS `sys_job`;
CREATE TABLE `sys_job` (
  `job_id` bigint NOT NULL AUTO_INCREMENT COMMENT '任务ID',
  `job_name` varchar(64) CHARACTER SET utf8mb4 COLLATE utf8mb4_0900_ai_ci NOT NULL DEFAULT '' COMMENT '任务名称',
  `job_group` varchar(64) CHARACTER SET utf8mb4 COLLATE utf8mb4_0900_ai_ci NOT NULL DEFAULT 'DEFAULT' COMMENT '任务组名',
  `invoke_target` varchar(500) CHARACTER SET utf8mb4 COLLATE utf8mb4_0900_ai_ci NOT NULL COMMENT '调用目标字符串',
  `cron_expression` varchar(255) CHARACTER SET utf8mb4 COLLATE utf8mb4_0900_ai_ci DEFAULT '' COMMENT 'cron执行表达式',
  `misfire_policy` varchar(20) CHARACTER SET utf8mb4 COLLATE utf8mb4_0900_ai_ci DEFAULT '3' COMMENT '计划执行错误策略（1立即执行 2执行一次 3放弃执行）',
  `concurrent` char(1) CHARACTER SET utf8mb4 COLLATE utf8mb4_0900_ai_ci DEFAULT '1' COMMENT '是否并发执行（0允许 1禁止）',
  `status` char(1) CHARACTER SET utf8mb4 COLLATE utf8mb4_0900_ai_ci DEFAULT '0' COMMENT '状态（0正常 1暂停）',
  `create_by` varchar(64) CHARACTER SET utf8mb4 COLLATE utf8mb4_0900_ai_ci DEFAULT '' COMMENT '创建者',
  `create_time` datetime DEFAULT NULL COMMENT '创建时间',
  `update_by` varchar(64) CHARACTER SET utf8mb4 COLLATE utf8mb4_0900_ai_ci DEFAULT '' COMMENT '更新者',
  `update_time` datetime DEFAULT NULL COMMENT '更新时间',
  `remark` varchar(500) CHARACTER SET utf8mb4 COLLATE utf8mb4_0900_ai_ci DEFAULT '' COMMENT '备注信息',
  PRIMARY KEY (`job_id`,`job_name`,`job_group`) USING BTREE
) ENGINE=InnoDB AUTO_INCREMENT=100 DEFAULT CHARSET=utf8mb4 COLLATE=utf8mb4_0900_ai_ci ROW_FORMAT=DYNAMIC COMMENT='定时任务调度表';

-- ----------------------------
-- Dumping data for table `sys_job`
-- ----------------------------
INSERT INTO `sys_job` VALUES (1, '系统默认（无参）', 'DEFAULT', 'ryTask.ryNoParams', '0/10 * * * * ?', '3', '1', '1', 'admin', '2026-02-12T15:13:16', '', NULL, '');
INSERT INTO `sys_job` VALUES (2, '系统默认（有参）', 'DEFAULT', 'ryTask.ryParams(\'ry\')', '0/15 * * * * ?', '3', '1', '1', 'admin', '2026-02-12T15:13:16', '', NULL, '');
INSERT INTO `sys_job` VALUES (3, '系统默认（多参）', 'DEFAULT', 'ryTask.ryMultipleParams(\'ry\', true, 2000L, 316.50D, 100)', '0/20 * * * * ?', '3', '1', '1', 'admin', '2026-02-12T15:13:16', '', NULL, '');

-- ----------------------------
-- Table structure for `sys_job_log`
-- ----------------------------
DROP TABLE IF EXISTS `sys_job_log`;
CREATE TABLE `sys_job_log` (
  `job_log_id` bigint NOT NULL AUTO_INCREMENT COMMENT '任务日志ID',
  `job_name` varchar(64) CHARACTER SET utf8mb4 COLLATE utf8mb4_0900_ai_ci NOT NULL COMMENT '任务名称',
  `job_group` varchar(64) CHARACTER SET utf8mb4 COLLATE utf8mb4_0900_ai_ci NOT NULL COMMENT '任务组名',
  `invoke_target` varchar(500) CHARACTER SET utf8mb4 COLLATE utf8mb4_0900_ai_ci NOT NULL COMMENT '调用目标字符串',
  `job_message` varchar(500) CHARACTER SET utf8mb4 COLLATE utf8mb4_0900_ai_ci DEFAULT NULL COMMENT '日志信息',
  `status` char(1) CHARACTER SET utf8mb4 COLLATE utf8mb4_0900_ai_ci DEFAULT '0' COMMENT '执行状态（0正常 1失败）',
  `exception_info` varchar(2000) CHARACTER SET utf8mb4 COLLATE utf8mb4_0900_ai_ci DEFAULT '' COMMENT '异常信息',
  `create_time` datetime DEFAULT NULL COMMENT '创建时间',
  PRIMARY KEY (`job_log_id`) USING BTREE
) ENGINE=InnoDB DEFAULT CHARSET=utf8mb4 COLLATE=utf8mb4_0900_ai_ci ROW_FORMAT=DYNAMIC COMMENT='定时任务调度日志表';

-- ----------------------------
-- Dumping data for table `sys_job_log`
-- ----------------------------

-- ----------------------------
-- Table structure for `sys_jvm_alert_rule`
-- ----------------------------
DROP TABLE IF EXISTS `sys_jvm_alert_rule`;
CREATE TABLE `sys_jvm_alert_rule` (
  `rule_id` bigint NOT NULL AUTO_INCREMENT COMMENT '规则ID',
  `target_id` bigint DEFAULT '0' COMMENT '目标ID(0代表全局)',
  `metric_name` varchar(50) CHARACTER SET utf8mb4 COLLATE utf8mb4_0900_ai_ci NOT NULL COMMENT '指标名称(heap_usage, thread_count)',
  `condition` varchar(10) CHARACTER SET utf8mb4 COLLATE utf8mb4_0900_ai_ci NOT NULL COMMENT '条件(GT, LT)',
  `threshold` double NOT NULL COMMENT '阈值',
  `enabled` char(1) CHARACTER SET utf8mb4 COLLATE utf8mb4_0900_ai_ci DEFAULT '0' COMMENT '状态（0正常 1停用）',
  `create_by` varchar(64) CHARACTER SET utf8mb4 COLLATE utf8mb4_0900_ai_ci DEFAULT '' COMMENT '创建者',
  `create_time` datetime DEFAULT NULL COMMENT '创建时间',
  `update_by` varchar(64) CHARACTER SET utf8mb4 COLLATE utf8mb4_0900_ai_ci DEFAULT '' COMMENT '更新者',
  `update_time` datetime DEFAULT NULL COMMENT '更新时间',
  `remark` varchar(500) CHARACTER SET utf8mb4 COLLATE utf8mb4_0900_ai_ci DEFAULT NULL COMMENT '备注',
  PRIMARY KEY (`rule_id`) USING BTREE
) ENGINE=InnoDB DEFAULT CHARSET=utf8mb4 COLLATE=utf8mb4_0900_ai_ci ROW_FORMAT=DYNAMIC COMMENT='JVM告警规则表';

-- ----------------------------
-- Dumping data for table `sys_jvm_alert_rule`
-- ----------------------------

-- ----------------------------
-- Table structure for `sys_jvm_metric`
-- ----------------------------
DROP TABLE IF EXISTS `sys_jvm_metric`;
CREATE TABLE `sys_jvm_metric` (
  `metric_id` bigint NOT NULL AUTO_INCREMENT COMMENT '指标ID',
  `target_id` bigint NOT NULL COMMENT '目标ID',
  `heap_used` bigint DEFAULT '0' COMMENT '堆内存使用量(bytes)',
  `heap_max` bigint DEFAULT '0' COMMENT '堆内存最大值(bytes)',
  `non_heap_used` bigint DEFAULT '0' COMMENT '非堆内存使用量(bytes)',
  `non_heap_max` bigint DEFAULT '0' COMMENT '非堆内存最大值(bytes)',
  `thread_active` int DEFAULT '0' COMMENT '当前活跃线程数',
  `thread_peak` int DEFAULT '0' COMMENT '峰值线程数',
  `gc_count` bigint DEFAULT '0' COMMENT 'GC总次数',
  `gc_time` bigint DEFAULT '0' COMMENT 'GC总时间(ms)',
  `create_time` datetime DEFAULT NULL COMMENT '采集时间',
  PRIMARY KEY (`metric_id`) USING BTREE,
  KEY `idx_sys_jvm_metric_target` (`target_id`) USING BTREE,
  KEY `idx_sys_jvm_metric_time` (`create_time`) USING BTREE
) ENGINE=InnoDB AUTO_INCREMENT=29 DEFAULT CHARSET=utf8mb4 COLLATE=utf8mb4_0900_ai_ci ROW_FORMAT=DYNAMIC COMMENT='JVM监控指标历史表';

-- ----------------------------
-- Dumping data for table `sys_jvm_metric`
-- ----------------------------
INSERT INTO `sys_jvm_metric` VALUES (1, 1, 455944440, 7592738816, 114450128, -1, 167, 167, 12, 261, '2026-02-17T22:24:25');
INSERT INTO `sys_jvm_metric` VALUES (2, 1, 467258280, 7592738816, 114882128, -1, 168, 168, 12, 261, '2026-02-17T22:24:30');
INSERT INTO `sys_jvm_metric` VALUES (3, 1, 474840768, 7592738816, 115152672, -1, 169, 169, 12, 261, '2026-02-17T22:24:35');
INSERT INTO `sys_jvm_metric` VALUES (4, 1, 480883344, 7592738816, 115342768, -1, 170, 170, 12, 261, '2026-02-17T22:24:36');
INSERT INTO `sys_jvm_metric` VALUES (5, 1, 487256312, 7592738816, 115620296, -1, 171, 171, 12, 261, '2026-02-17T22:24:37');
INSERT INTO `sys_jvm_metric` VALUES (6, 1, 493629424, 7592738816, 115872968, -1, 172, 172, 12, 261, '2026-02-17T22:24:39');
INSERT INTO `sys_jvm_metric` VALUES (7, 1, 502779744, 7592738816, 116012520, -1, 173, 173, 12, 261, '2026-02-17T22:24:44');
INSERT INTO `sys_jvm_metric` VALUES (8, 1, 190577528, 7592738816, 117668816, -1, 171, 173, 13, 312, '2026-02-17T22:27:29');
INSERT INTO `sys_jvm_metric` VALUES (9, 1, 198124000, 7592738816, 118075624, -1, 171, 173, 13, 312, '2026-02-17T22:27:34');
INSERT INTO `sys_jvm_metric` VALUES (10, 1, 206124464, 7592738816, 118190344, -1, 171, 173, 13, 312, '2026-02-17T22:27:39');
INSERT INTO `sys_jvm_metric` VALUES (11, 1, 224207376, 7592738816, 118359912, -1, 171, 173, 13, 312, '2026-02-17T22:28:03');
INSERT INTO `sys_jvm_metric` VALUES (12, 1, 230349896, 7592738816, 118538376, -1, 171, 173, 13, 312, '2026-02-17T22:28:05');
INSERT INTO `sys_jvm_metric` VALUES (13, 1, 235925512, 7592738816, 118694088, -1, 171, 173, 13, 312, '2026-02-17T22:28:06');
INSERT INTO `sys_jvm_metric` VALUES (14, 1, 616375208, 7592738816, 129341600, -1, 173, 173, 17, 792, '2026-02-17T22:55:31');
INSERT INTO `sys_jvm_metric` VALUES (15, 1, 624988120, 7592738816, 129555808, -1, 173, 173, 17, 792, '2026-02-17T22:55:36');
INSERT INTO `sys_jvm_metric` VALUES (16, 1, 631977496, 7592738816, 129727088, -1, 173, 173, 17, 792, '2026-02-17T22:55:38');
INSERT INTO `sys_jvm_metric` VALUES (17, 1, 1118238176, 7592738816, 164662568, -1, 174, 174, 27, 3565, '2026-02-17T23:24:13');
INSERT INTO `sys_jvm_metric` VALUES (18, 1, 1125146120, 7592738816, 164765192, -1, 174, 174, 27, 3565, '2026-02-17T23:24:18');
INSERT INTO `sys_jvm_metric` VALUES (19, 1, 1129744496, 7592738816, 164810616, -1, 174, 174, 27, 3565, '2026-02-17T23:24:20');
INSERT INTO `sys_jvm_metric` VALUES (20, 1, 533568168, 7592738816, 129597936, -1, 177, 177, 15, 900, '2026-02-18T08:55:56');
INSERT INTO `sys_jvm_metric` VALUES (21, 1, 481457008, 7592738816, 165491240, -1, 167, 178, 24, 1384, '2026-02-18T21:55:30');
INSERT INTO `sys_jvm_metric` VALUES (22, 1, 489206136, 7592738816, 165703528, -1, 168, 178, 24, 1384, '2026-02-18T21:55:31');
INSERT INTO `sys_jvm_metric` VALUES (23, 1, 1479552680, 7592738816, 192539000, -1, 182, 182, 30, 6520, '2026-02-18T22:18:03');
INSERT INTO `sys_jvm_metric` VALUES (24, 1, 1488087200, 7592738816, 192629032, -1, 182, 182, 30, 6520, '2026-02-18T22:18:05');
INSERT INTO `sys_jvm_metric` VALUES (25, 1, 1493776888, 7592738816, 192671760, -1, 182, 182, 30, 6520, '2026-02-18T22:18:06');
INSERT INTO `sys_jvm_metric` VALUES (26, 1, 393933048, 7592738816, 192581344, -1, 184, 184, 32, 9670, '2026-02-18T22:18:11');
INSERT INTO `sys_jvm_metric` VALUES (27, 1, 399820280, 7592738816, 192622528, -1, 184, 184, 32, 9670, '2026-02-18T22:18:14');
INSERT INTO `sys_jvm_metric` VALUES (28, 1, 502453752, 7592738816, 193148784, -1, 184, 184, 32, 9670, '2026-02-18T22:19:29');

-- ----------------------------
-- Table structure for `sys_jvm_target`
-- ----------------------------
DROP TABLE IF EXISTS `sys_jvm_target`;
CREATE TABLE `sys_jvm_target` (
  `target_id` bigint NOT NULL AUTO_INCREMENT COMMENT '目标ID',
  `name` varchar(50) CHARACTER SET utf8mb4 COLLATE utf8mb4_0900_ai_ci NOT NULL COMMENT '应用名称',
  `host` varchar(100) CHARACTER SET utf8mb4 COLLATE utf8mb4_0900_ai_ci NOT NULL COMMENT '主机地址',
  `port` int NOT NULL COMMENT 'JMX端口',
  `username` varchar(50) CHARACTER SET utf8mb4 COLLATE utf8mb4_0900_ai_ci DEFAULT NULL COMMENT 'JMX用户名',
  `password` varchar(100) CHARACTER SET utf8mb4 COLLATE utf8mb4_0900_ai_ci DEFAULT NULL COMMENT 'JMX密码',
  `enabled` char(1) CHARACTER SET utf8mb4 COLLATE utf8mb4_0900_ai_ci DEFAULT '0' COMMENT '状态（0正常 1停用）',
  `create_by` varchar(64) CHARACTER SET utf8mb4 COLLATE utf8mb4_0900_ai_ci DEFAULT '' COMMENT '创建者',
  `create_time` datetime DEFAULT NULL COMMENT '创建时间',
  `update_by` varchar(64) CHARACTER SET utf8mb4 COLLATE utf8mb4_0900_ai_ci DEFAULT '' COMMENT '更新者',
  `update_time` datetime DEFAULT NULL COMMENT '更新时间',
  `remark` varchar(500) CHARACTER SET utf8mb4 COLLATE utf8mb4_0900_ai_ci DEFAULT NULL COMMENT '备注',
  PRIMARY KEY (`target_id`) USING BTREE
) ENGINE=InnoDB AUTO_INCREMENT=2 DEFAULT CHARSET=utf8mb4 COLLATE=utf8mb4_0900_ai_ci ROW_FORMAT=DYNAMIC COMMENT='JMX监控目标表';

-- ----------------------------
-- Dumping data for table `sys_jvm_target`
-- ----------------------------
INSERT INTO `sys_jvm_target` VALUES (1, 'Local Application', '127.0.0.1', 1099, NULL, NULL, '0', 'admin', '2026-02-13T21:37:16', '', NULL, '本地应用监控');

-- ----------------------------
-- Table structure for `sys_logininfor`
-- ----------------------------
DROP TABLE IF EXISTS `sys_logininfor`;
CREATE TABLE `sys_logininfor` (
  `info_id` bigint NOT NULL AUTO_INCREMENT COMMENT '访问ID',
  `user_name` varchar(50) CHARACTER SET utf8mb4 COLLATE utf8mb4_0900_ai_ci DEFAULT '' COMMENT '用户账号',
  `ipaddr` varchar(128) CHARACTER SET utf8mb4 COLLATE utf8mb4_0900_ai_ci DEFAULT '' COMMENT '登录IP地址',
  `login_location` varchar(255) CHARACTER SET utf8mb4 COLLATE utf8mb4_0900_ai_ci DEFAULT '' COMMENT '登录地点',
  `browser` varchar(50) CHARACTER SET utf8mb4 COLLATE utf8mb4_0900_ai_ci DEFAULT '' COMMENT '浏览器类型',
  `os` varchar(50) CHARACTER SET utf8mb4 COLLATE utf8mb4_0900_ai_ci DEFAULT '' COMMENT '操作系统',
  `status` char(1) CHARACTER SET utf8mb4 COLLATE utf8mb4_0900_ai_ci DEFAULT '0' COMMENT '登录状态（0成功 1失败）',
  `msg` varchar(255) CHARACTER SET utf8mb4 COLLATE utf8mb4_0900_ai_ci DEFAULT '' COMMENT '提示消息',
  `login_time` datetime DEFAULT NULL COMMENT '访问时间',
  PRIMARY KEY (`info_id`) USING BTREE,
  KEY `idx_sys_logininfor_s` (`status`) USING BTREE,
  KEY `idx_sys_logininfor_lt` (`login_time`) USING BTREE
) ENGINE=InnoDB AUTO_INCREMENT=233 DEFAULT CHARSET=utf8mb4 COLLATE=utf8mb4_0900_ai_ci ROW_FORMAT=DYNAMIC COMMENT='系统访问记录';

-- ----------------------------
-- Dumping data for table `sys_logininfor`
-- ----------------------------
INSERT INTO `sys_logininfor` VALUES (100, 'admin', '127.0.0.1', '内网IP', 'Edge 144', 'Windows >=10', '0', '登录成功', '2026-02-12T15:21:02');
INSERT INTO `sys_logininfor` VALUES (101, 'admin', '127.0.0.1', '内网IP', 'Edge 144', 'Windows >=10', '0', '登录成功', '2026-02-12T16:22:25');
INSERT INTO `sys_logininfor` VALUES (102, 'admin', '127.0.0.1', '内网IP', 'Edge 144', 'Windows >=10', '0', '登录成功', '2026-02-12T17:05:15');
INSERT INTO `sys_logininfor` VALUES (103, 'admin', '127.0.0.1', '内网IP', 'Edge 144', 'Windows >=10', '0', '退出成功', '2026-02-12T17:56:33');
INSERT INTO `sys_logininfor` VALUES (104, 'admin', '127.0.0.1', '内网IP', 'Edge 144', 'Windows >=10', '0', '登录成功', '2026-02-12T17:57:18');
INSERT INTO `sys_logininfor` VALUES (105, 'admin', '127.0.0.1', '内网IP', 'Edge 144', 'Windows >=10', '0', '退出成功', '2026-02-12T17:58:16');
INSERT INTO `sys_logininfor` VALUES (106, 'admin', '127.0.0.1', '内网IP', 'Edge 144', 'Windows >=10', '0', '登录成功', '2026-02-12T18:21:17');
INSERT INTO `sys_logininfor` VALUES (107, 'admin', '127.0.0.1', '内网IP', 'Edge 144', 'Windows >=10', '0', '退出成功', '2026-02-12T18:33:08');
INSERT INTO `sys_logininfor` VALUES (108, 'admin', '127.0.0.1', '内网IP', 'Edge 144', 'Windows >=10', '1', '验证码错误', '2026-02-12T18:40:55');
INSERT INTO `sys_logininfor` VALUES (109, 'admin', '127.0.0.1', '内网IP', 'Edge 144', 'Windows >=10', '1', '验证码错误', '2026-02-12T18:40:59');
INSERT INTO `sys_logininfor` VALUES (110, 'admin', '127.0.0.1', '内网IP', 'Edge 144', 'Windows >=10', '1', '验证码错误', '2026-02-12T18:41:02');
INSERT INTO `sys_logininfor` VALUES (111, 'admin', '127.0.0.1', '内网IP', 'Edge 144', 'Windows >=10', '1', '验证码错误', '2026-02-12T18:41:05');
INSERT INTO `sys_logininfor` VALUES (112, 'admin', '127.0.0.1', '内网IP', 'Edge 144', 'Windows >=10', '1', '验证码错误', '2026-02-12T18:41:09');
INSERT INTO `sys_logininfor` VALUES (113, 'admin', '127.0.0.1', '内网IP', 'Edge 144', 'Windows >=10', '1', '验证码错误', '2026-02-12T18:41:10');
INSERT INTO `sys_logininfor` VALUES (114, 'admin', '127.0.0.1', '内网IP', 'Edge 144', 'Windows >=10', '1', '验证码错误', '2026-02-12T18:41:10');
INSERT INTO `sys_logininfor` VALUES (115, 'admin', '127.0.0.1', '内网IP', 'Edge 144', 'Windows >=10', '1', '验证码错误', '2026-02-12T18:41:10');
INSERT INTO `sys_logininfor` VALUES (116, 'admin', '127.0.0.1', '内网IP', 'Edge 144', 'Windows >=10', '0', '登录成功', '2026-02-12T18:41:15');
INSERT INTO `sys_logininfor` VALUES (117, 'admin', '127.0.0.1', '内网IP', 'Edge 144', 'Windows >=10', '0', '退出成功', '2026-02-12T18:45:47');
INSERT INTO `sys_logininfor` VALUES (118, 'admin', '127.0.0.1', '内网IP', 'Edge 144', 'Windows >=10', '0', '登录成功', '2026-02-12T18:46:21');
INSERT INTO `sys_logininfor` VALUES (119, 'admin', '127.0.0.1', '内网IP', 'Edge 144', 'Windows >=10', '0', '登录成功', '2026-02-13T14:41:41');
INSERT INTO `sys_logininfor` VALUES (120, 'admin', '127.0.0.1', '内网IP', 'Edge 144', 'Windows >=10', '0', '退出成功', '2026-02-13T15:05:16');
INSERT INTO `sys_logininfor` VALUES (121, 'admin', '127.0.0.1', '内网IP', 'Edge 144', 'Windows >=10', '0', '登录成功', '2026-02-13T15:06:52');
INSERT INTO `sys_logininfor` VALUES (122, 'admin', '127.0.0.1', '内网IP', 'Edge 144', 'Windows >=10', '0', '退出成功', '2026-02-13T15:19:36');
INSERT INTO `sys_logininfor` VALUES (123, 'admin', '127.0.0.1', '内网IP', 'Edge 144', 'Windows >=10', '0', '登录成功', '2026-02-13T15:19:56');
INSERT INTO `sys_logininfor` VALUES (124, 'admin', '127.0.0.1', '内网IP', 'Edge 144', 'Windows >=10', '0', '退出成功', '2026-02-13T15:20:01');
INSERT INTO `sys_logininfor` VALUES (125, 'admin', '127.0.0.1', '内网IP', 'Edge 144', 'Windows >=10', '0', '登录成功', '2026-02-13T15:22:19');
INSERT INTO `sys_logininfor` VALUES (126, 'admin', '127.0.0.1', '内网IP', 'Edge 144', 'Windows >=10', '0', '退出成功', '2026-02-13T15:32:20');
INSERT INTO `sys_logininfor` VALUES (127, 'admin', '127.0.0.1', '内网IP', 'Edge 144', 'Windows >=10', '1', '验证码错误', '2026-02-13T15:32:22');
INSERT INTO `sys_logininfor` VALUES (128, 'admin', '127.0.0.1', '内网IP', 'Edge 144', 'Windows >=10', '0', '登录成功', '2026-02-13T15:32:27');
INSERT INTO `sys_logininfor` VALUES (129, 'admin', '127.0.0.1', '内网IP', 'Edge 144', 'Windows >=10', '0', '退出成功', '2026-02-13T15:39:46');
INSERT INTO `sys_logininfor` VALUES (130, 'admin', '127.0.0.1', '内网IP', 'Edge 144', 'Windows >=10', '0', '登录成功', '2026-02-13T15:39:49');
INSERT INTO `sys_logininfor` VALUES (131, 'admin', '127.0.0.1', '内网IP', 'Edge 144', 'Windows >=10', '0', '登录成功', '2026-02-13T15:47:56');
INSERT INTO `sys_logininfor` VALUES (132, 'admin', '127.0.0.1', '内网IP', 'Edge 144', 'Windows >=10', '0', '登录成功', '2026-02-13T15:50:47');
INSERT INTO `sys_logininfor` VALUES (133, 'admin', '127.0.0.1', '内网IP', 'Edge 144', 'Windows >=10', '0', '登录成功', '2026-02-13T15:54:48');
INSERT INTO `sys_logininfor` VALUES (134, 'admin', '127.0.0.1', '内网IP', 'Edge 144', 'Windows >=10', '0', '登录成功', '2026-02-13T16:29:12');
INSERT INTO `sys_logininfor` VALUES (135, 'admin', '127.0.0.1', '内网IP', 'Edge 144', 'Windows >=10', '0', '退出成功', '2026-02-13T16:30:52');
INSERT INTO `sys_logininfor` VALUES (136, 'admin', '127.0.0.1', '内网IP', 'Edge 144', 'Windows >=10', '0', '登录成功', '2026-02-13T16:30:55');
INSERT INTO `sys_logininfor` VALUES (137, 'admin', '127.0.0.1', '内网IP', 'Edge 144', 'Windows >=10', '0', '登录成功', '2026-02-13T16:31:21');
INSERT INTO `sys_logininfor` VALUES (138, 'admin', '127.0.0.1', '内网IP', 'Edge 144', 'Windows >=10', '0', '退出成功', '2026-02-13T16:53:05');
INSERT INTO `sys_logininfor` VALUES (139, 'admin', '127.0.0.1', '内网IP', 'Edge 144', 'Windows >=10', '0', '登录成功', '2026-02-13T16:53:09');
INSERT INTO `sys_logininfor` VALUES (140, 'admin', '127.0.0.1', '内网IP', 'Edge 144', 'Windows >=10', '0', '登录成功', '2026-02-13T17:51:15');
INSERT INTO `sys_logininfor` VALUES (141, 'admin', '127.0.0.1', '内网IP', 'Edge 144', 'Windows >=10', '0', '登录成功', '2026-02-13T18:38:11');
INSERT INTO `sys_logininfor` VALUES (142, 'admin', '127.0.0.1', '内网IP', 'Edge 144', 'Windows >=10', '0', '登录成功', '2026-02-13T19:17:51');
INSERT INTO `sys_logininfor` VALUES (143, 'admin', '127.0.0.1', '内网IP', 'Edge 144', 'Windows >=10', '0', '登录成功', '2026-02-13T20:58:31');
INSERT INTO `sys_logininfor` VALUES (144, 'admin', '127.0.0.1', '内网IP', 'Edge 144', 'Windows >=10', '0', '登录成功', '2026-02-14T09:38:47');
INSERT INTO `sys_logininfor` VALUES (145, 'admin', '127.0.0.1', '内网IP', 'Edge 144', 'Windows >=10', '0', '退出成功', '2026-02-14T09:43:01');
INSERT INTO `sys_logininfor` VALUES (146, 'admin', '153.122.173.119', 'XX XX', 'Edge 144', 'Windows >=10', '0', '登录成功', '2026-02-14T10:49:20');
INSERT INTO `sys_logininfor` VALUES (147, 'admin', '153.122.173.119', 'XX XX', 'Edge 144', 'Windows >=10', '0', '退出成功', '2026-02-14T11:09:35');
INSERT INTO `sys_logininfor` VALUES (148, 'admin', '127.0.0.1', '内网IP', 'Okhttp 4.10.0', '', '1', '验证码已失效', '2026-02-14T11:28:47');
INSERT INTO `sys_logininfor` VALUES (149, 'admin', '127.0.0.1', '内网IP', 'Okhttp 4.10.0', '', '1', '验证码已失效', '2026-02-14T11:28:47');
INSERT INTO `sys_logininfor` VALUES (150, 'admin', '127.0.0.1', '内网IP', 'Okhttp 4.10.0', '', '1', '验证码已失效', '2026-02-14T11:28:47');
INSERT INTO `sys_logininfor` VALUES (151, 'admin', '127.0.0.1', '内网IP', 'Okhttp 4.10.0', '', '1', '验证码已失效', '2026-02-14T11:28:47');
INSERT INTO `sys_logininfor` VALUES (152, 'admin', '127.0.0.1', '内网IP', 'Okhttp 4.10.0', '', '1', '验证码已失效', '2026-02-14T11:28:47');
INSERT INTO `sys_logininfor` VALUES (153, 'admin', '127.0.0.1', '内网IP', 'Okhttp 4.10.0', '', '1', '验证码已失效', '2026-02-14T11:28:48');
INSERT INTO `sys_logininfor` VALUES (154, 'admin', '127.0.0.1', '内网IP', 'Okhttp 4.10.0', '', '1', '验证码已失效', '2026-02-14T11:28:48');
INSERT INTO `sys_logininfor` VALUES (155, 'admin', '127.0.0.1', '内网IP', 'Okhttp 4.10.0', '', '1', '验证码已失效', '2026-02-14T11:28:48');
INSERT INTO `sys_logininfor` VALUES (156, 'admin', '127.0.0.1', '内网IP', 'Okhttp 4.10.0', '', '1', '验证码已失效', '2026-02-14T11:28:48');
INSERT INTO `sys_logininfor` VALUES (157, 'admin', '127.0.0.1', '内网IP', 'Okhttp 4.10.0', '', '1', '验证码已失效', '2026-02-14T11:28:50');
INSERT INTO `sys_logininfor` VALUES (158, 'admin', '127.0.0.1', '内网IP', 'Okhttp 4.10.0', '', '1', '验证码已失效', '2026-02-14T11:28:50');
INSERT INTO `sys_logininfor` VALUES (159, 'admin', '127.0.0.1', '内网IP', 'Okhttp 4.10.0', '', '1', '验证码已失效', '2026-02-14T11:28:51');
INSERT INTO `sys_logininfor` VALUES (160, 'admin', '127.0.0.1', '内网IP', 'Okhttp 4.10.0', '', '1', '验证码已失效', '2026-02-14T11:29:02');
INSERT INTO `sys_logininfor` VALUES (161, 'admin', '127.0.0.1', '内网IP', 'Okhttp 4.10.0', '', '1', '验证码已失效', '2026-02-14T11:29:02');
INSERT INTO `sys_logininfor` VALUES (162, 'admin', '127.0.0.1', '内网IP', 'Okhttp 4.10.0', '', '1', '验证码已失效', '2026-02-14T11:29:07');
INSERT INTO `sys_logininfor` VALUES (163, 'admin', '127.0.0.1', '内网IP', 'Okhttp 4.10.0', '', '1', '验证码已失效', '2026-02-14T11:29:15');
INSERT INTO `sys_logininfor` VALUES (164, 'admin', '153.122.173.119', 'XX XX', 'Okhttp 4.10.0', '', '1', '验证码已失效', '2026-02-14T14:21:03');
INSERT INTO `sys_logininfor` VALUES (165, 'admin', '153.122.173.119', 'XX XX', 'Okhttp 4.10.0', '', '1', '验证码已失效', '2026-02-14T14:21:18');
INSERT INTO `sys_logininfor` VALUES (166, 'admin', '153.122.173.119', 'XX XX', 'Okhttp 4.10.0', '', '0', '登录成功', '2026-02-14T14:23:18');
INSERT INTO `sys_logininfor` VALUES (167, 'admin', '153.122.173.119', 'XX XX', 'Okhttp 4.10.0', '', '0', '登录成功', '2026-02-14T14:23:27');
INSERT INTO `sys_logininfor` VALUES (168, 'admin', '36.28.10.75', 'XX XX', 'Okhttp 4.10.0', '', '0', '登录成功', '2026-02-14T14:28:51');
INSERT INTO `sys_logininfor` VALUES (169, 'admin', '153.122.173.119', 'XX XX', 'Okhttp 4.10.0', '', '0', '登录成功', '2026-02-14T15:12:29');
INSERT INTO `sys_logininfor` VALUES (170, 'admin', '36.28.10.75', 'XX XX', 'Okhttp 4.10.0', '', '0', '登录成功', '2026-02-14T15:13:07');
INSERT INTO `sys_logininfor` VALUES (171, 'admin', '36.28.10.75', 'XX XX', 'Okhttp 4.10.0', '', '0', '扫码登录成功', '2026-02-14T15:13:16');
INSERT INTO `sys_logininfor` VALUES (172, 'admin', '36.28.10.75', 'XX XX', 'Okhttp 4.10.0', '', '0', '登录成功', '2026-02-14T15:34:31');
INSERT INTO `sys_logininfor` VALUES (173, 'admin', '36.28.10.75', 'XX XX', 'Okhttp 4.10.0', '', '0', '扫码登录成功', '2026-02-14T15:34:50');
INSERT INTO `sys_logininfor` VALUES (174, 'admin', '36.28.10.75', 'XX XX', 'Okhttp 4.10.0', '', '0', '登录成功', '2026-02-14T15:38:11');
INSERT INTO `sys_logininfor` VALUES (175, 'admin', '36.28.10.75', 'XX XX', 'Okhttp 4.10.0', '', '0', '扫码登录成功', '2026-02-14T15:38:18');
INSERT INTO `sys_logininfor` VALUES (176, 'admin', '36.28.10.75', 'XX XX', 'Okhttp 4.10.0', '', '0', '扫码登录成功', '2026-02-14T15:40:24');
INSERT INTO `sys_logininfor` VALUES (177, 'admin', '153.122.173.119', 'XX XX', 'Okhttp 4.10.0', '', '0', '登录成功', '2026-02-14T16:13:14');
INSERT INTO `sys_logininfor` VALUES (178, 'admin', '153.122.173.119', 'XX XX', 'Okhttp 4.10.0', '', '0', '登录成功', '2026-02-14T16:17:55');
INSERT INTO `sys_logininfor` VALUES (179, 'admin', '36.28.10.75', 'XX XX', 'Okhttp 4.10.0', '', '0', '登录成功', '2026-02-14T16:18:44');
INSERT INTO `sys_logininfor` VALUES (180, 'admin', '153.122.173.119', 'XX XX', 'Okhttp 4.10.0', '', '0', '登录成功', '2026-02-14T16:20:55');
INSERT INTO `sys_logininfor` VALUES (181, 'admin', '153.122.173.119', 'XX XX', 'Okhttp 4.10.0', '', '0', '登录成功', '2026-02-14T16:24:21');
INSERT INTO `sys_logininfor` VALUES (182, 'admin', '153.122.173.119', 'XX XX', 'Okhttp 4.10.0', '', '0', '登录成功', '2026-02-14T16:35:04');
INSERT INTO `sys_logininfor` VALUES (183, 'admin', '153.122.173.119', 'XX XX', 'Okhttp 4.10.0', '', '0', '登录成功', '2026-02-14T16:38:35');
INSERT INTO `sys_logininfor` VALUES (184, 'admin', '153.122.173.119', 'XX XX', 'Okhttp 4.10.0', '', '0', '登录成功', '2026-02-14T16:57:38');
INSERT INTO `sys_logininfor` VALUES (185, 'admin', '153.122.173.119', 'XX XX', 'Okhttp 4.10.0', '', '0', '登录成功', '2026-02-14T16:58:04');
INSERT INTO `sys_logininfor` VALUES (186, 'admin', '153.122.173.119', 'XX XX', 'Okhttp 4.10.0', '', '0', '登录成功', '2026-02-14T16:58:30');
INSERT INTO `sys_logininfor` VALUES (187, 'admin', '153.122.173.119', 'XX XX', 'Okhttp 4.10.0', '', '0', '登录成功', '2026-02-14T17:01:41');
INSERT INTO `sys_logininfor` VALUES (188, 'admin', '153.122.173.119', 'XX XX', 'Okhttp 4.10.0', '', '0', '登录成功', '2026-02-14T17:04:33');
INSERT INTO `sys_logininfor` VALUES (189, 'admin', '153.122.173.119', 'XX XX', 'Okhttp 4.10.0', '', '0', '登录成功', '2026-02-14T17:05:26');
INSERT INTO `sys_logininfor` VALUES (190, 'admin', '153.122.173.119', 'XX XX', 'Okhttp 4.10.0', '', '0', '登录成功', '2026-02-14T17:20:23');
INSERT INTO `sys_logininfor` VALUES (191, 'admin', '127.0.0.1', '内网IP', 'Edge 145', 'Windows >=10', '0', '登录成功', '2026-02-17T22:10:36');
INSERT INTO `sys_logininfor` VALUES (192, 'admin', '127.0.0.1', '内网IP', 'Edge 145', 'Windows >=10', '0', '登录成功', '2026-02-17T22:45:28');
INSERT INTO `sys_logininfor` VALUES (193, 'admin', '127.0.0.1', '内网IP', 'Edge 145', 'Windows >=10', '0', '登录成功', '2026-02-18T08:52:34');
INSERT INTO `sys_logininfor` VALUES (194, 'admin', '127.0.0.1', '内网IP', 'Edge 145', 'Windows >=10', '0', '登录成功', '2026-02-18T09:33:09');
INSERT INTO `sys_logininfor` VALUES (195, 'admin', '127.0.0.1', '内网IP', 'Edge 145', 'Windows >=10', '0', '登录成功', '2026-02-18T13:17:32');
INSERT INTO `sys_logininfor` VALUES (196, 'admin', '127.0.0.1', '内网IP', 'Edge 145', 'Windows >=10', '0', '登录成功', '2026-02-18T16:30:08');
INSERT INTO `sys_logininfor` VALUES (197, 'admin', '127.0.0.1', '内网IP', 'Edge 145', 'Windows >=10', '0', '登录成功', '2026-02-18T17:09:54');
INSERT INTO `sys_logininfor` VALUES (198, 'admin', '127.0.0.1', '内网IP', 'Edge 145', 'Windows >=10', '0', '登录成功', '2026-02-18T17:12:52');
INSERT INTO `sys_logininfor` VALUES (199, 'admin', '127.0.0.1', '内网IP', 'Edge 145', 'Windows >=10', '0', '登录成功', '2026-02-18T19:06:08');
INSERT INTO `sys_logininfor` VALUES (200, 'admin', '127.0.0.1', '内网IP', 'Edge 145', 'Windows >=10', '0', '登录成功', '2026-02-18T20:06:06');
INSERT INTO `sys_logininfor` VALUES (201, 'test', '127.0.0.1', '内网IP', 'Chrome 134', 'Windows10', '1', '用户不存在/密码错误', '2026-02-18T20:45:26');
INSERT INTO `sys_logininfor` VALUES (202, 'test', '127.0.0.1', '内网IP', 'Chrome 134', 'Windows10', '1', '用户不存在/密码错误', '2026-02-18T20:45:39');
INSERT INTO `sys_logininfor` VALUES (203, 'test', '127.0.0.1', '内网IP', 'Chrome 134', 'Windows10', '0', '登录成功', '2026-02-18T20:49:22');
INSERT INTO `sys_logininfor` VALUES (204, 'admin', '127.0.0.1', '内网IP', 'Edge 145', 'Windows >=10', '0', '退出成功', '2026-02-18T21:45:59');
INSERT INTO `sys_logininfor` VALUES (205, 'sp', '127.0.0.1', '内网IP', 'Edge 145', 'Windows >=10', '0', '登录成功', '2026-02-18T21:46:04');
INSERT INTO `sys_logininfor` VALUES (206, 'test', '127.0.0.1', '内网IP', 'Chrome 134', 'Windows10', '0', '退出成功', '2026-02-18T21:48:18');
INSERT INTO `sys_logininfor` VALUES (207, 'admin', '127.0.0.1', '内网IP', 'Chrome 134', 'Windows10', '0', '登录成功', '2026-02-18T21:48:18');
INSERT INTO `sys_logininfor` VALUES (208, 'sp', '127.0.0.1', '内网IP', 'Edge 145', 'Windows >=10', '0', '退出成功', '2026-02-18T21:48:53');
INSERT INTO `sys_logininfor` VALUES (209, 'admin', '127.0.0.1', '内网IP', 'Edge 145', 'Windows >=10', '0', '登录成功', '2026-02-18T21:48:58');
INSERT INTO `sys_logininfor` VALUES (210, 'admin', '127.0.0.1', '内网IP', 'Edge 145', 'Windows >=10', '0', '退出成功', '2026-02-18T21:49:06');
INSERT INTO `sys_logininfor` VALUES (211, 'test', '127.0.0.1', '内网IP', 'Edge 145', 'Windows >=10', '0', '登录成功', '2026-02-18T21:49:16');
INSERT INTO `sys_logininfor` VALUES (212, 'admin', '127.0.0.1', '内网IP', 'Edge 145', 'Windows >=10', '0', '登录成功', '2026-02-18T22:02:50');
INSERT INTO `sys_logininfor` VALUES (213, 'test', '127.0.0.1', '内网IP', 'Chrome 134', 'Windows10', '0', '登录成功', '2026-02-18T22:47:49');
INSERT INTO `sys_logininfor` VALUES (214, 'admin', '127.0.0.1', '内网IP', 'Edge 145', 'Windows >=10', '0', '登录成功', '2026-02-21T20:22:29');
INSERT INTO `sys_logininfor` VALUES (215, 'ejsp', '127.0.0.1', '内网IP', 'Chrome 134', 'Windows10', '0', '登录成功', '2026-02-21T21:57:46');
INSERT INTO `sys_logininfor` VALUES (216, 'admin', '127.0.0.1', '内网IP', 'Edge 145', 'Windows >=10', '0', '登录成功', '2026-02-23T19:40:26');
INSERT INTO `sys_logininfor` VALUES (217, 'admin', '127.0.0.1', '内网IP', 'Edge 145', 'Windows >=10', '0', '登录成功', '2026-02-23T19:40:36');
INSERT INTO `sys_logininfor` VALUES (218, 'admin', '127.0.0.1', '内网IP', 'Chrome 134', 'Windows10', '0', '登录成功', '2026-02-23T19:43:13');
INSERT INTO `sys_logininfor` VALUES (219, 'admin', '127.0.0.1', '内网IP', 'Chrome 134', 'Windows10', '0', '退出成功', '2026-02-23T19:44:53');
INSERT INTO `sys_logininfor` VALUES (220, 'ejsp', '127.0.0.1', '内网IP', 'Chrome 134', 'Windows10', '0', '登录成功', '2026-02-23T19:45:04');
INSERT INTO `sys_logininfor` VALUES (221, 'ejsp', '127.0.0.1', '内网IP', 'Chrome 134', 'Windows10', '0', '退出成功', '2026-02-23T20:12:27');
INSERT INTO `sys_logininfor` VALUES (222, 'ejsp', '127.0.0.1', '内网IP', 'Chrome 134', 'Windows10', '0', '登录成功', '2026-02-23T20:12:37');
INSERT INTO `sys_logininfor` VALUES (223, 'admin', '127.0.0.1', '内网IP', 'Edge 145', 'Windows >=10', '0', '退出成功', '2026-02-23T20:14:06');
INSERT INTO `sys_logininfor` VALUES (224, 'ejsp', '127.0.0.1', '内网IP', 'Chrome 134', 'Windows10', '0', '退出成功', '2026-02-23T20:14:16');
INSERT INTO `sys_logininfor` VALUES (225, 'ejsp', '127.0.0.1', '内网IP', 'Chrome 134', 'Windows10', '0', '登录成功', '2026-02-23T20:14:30');
INSERT INTO `sys_logininfor` VALUES (226, 'admin', '127.0.0.1', '内网IP', 'Edge 145', 'Windows >=10', '0', '登录成功', '2026-02-23T20:14:54');
INSERT INTO `sys_logininfor` VALUES (227, 'ejsp', '127.0.0.1', '内网IP', 'Chrome 134', 'Windows10', '0', '登录成功', '2026-02-23T20:24:32');
INSERT INTO `sys_logininfor` VALUES (228, 'ejsp', '127.0.0.1', '内网IP', 'Chrome 134', 'Windows10', '0', '登录成功', '2026-02-23T21:34:22');
INSERT INTO `sys_logininfor` VALUES (229, 'admin', '127.0.0.1', '内网IP', 'Chrome 134', 'Windows10', '0', '登录成功', '2026-02-23T22:50:37');
INSERT INTO `sys_logininfor` VALUES (230, 'admin', '127.0.0.1', '内网IP', 'Edge 145', 'Windows >=10', '0', '登录成功', '2026-02-24T12:11:05');
INSERT INTO `sys_logininfor` VALUES (231, 'admin', '127.0.0.1', '内网IP', 'Edge 145', 'Windows >=10', '0', '登录成功', '2026-02-25T01:50:46');
INSERT INTO `sys_logininfor` VALUES (232, 'admin', '127.0.0.1', '内网IP', 'Edge 145', 'Windows >=10', '0', '登录成功', '2026-02-25T02:21:20');

-- ----------------------------
-- Table structure for `sys_menu`
-- ----------------------------
DROP TABLE IF EXISTS `sys_menu`;
CREATE TABLE `sys_menu` (
  `menu_id` bigint NOT NULL AUTO_INCREMENT COMMENT '菜单ID',
  `menu_name` varchar(50) CHARACTER SET utf8mb4 COLLATE utf8mb4_0900_ai_ci NOT NULL COMMENT '菜单名称',
  `parent_id` bigint DEFAULT '0' COMMENT '父菜单ID',
  `order_num` int DEFAULT '0' COMMENT '显示顺序',
  `path` varchar(200) CHARACTER SET utf8mb4 COLLATE utf8mb4_0900_ai_ci DEFAULT '' COMMENT '路由地址',
  `component` varchar(255) CHARACTER SET utf8mb4 COLLATE utf8mb4_0900_ai_ci DEFAULT NULL COMMENT '组件路径',
  `query` varchar(255) CHARACTER SET utf8mb4 COLLATE utf8mb4_0900_ai_ci DEFAULT NULL COMMENT '路由参数',
  `route_name` varchar(50) CHARACTER SET utf8mb4 COLLATE utf8mb4_0900_ai_ci DEFAULT '' COMMENT '路由名称',
  `is_frame` int DEFAULT '1' COMMENT '是否为外链（0是 1否）',
  `is_cache` int DEFAULT '0' COMMENT '是否缓存（0缓存 1不缓存）',
  `menu_type` char(1) CHARACTER SET utf8mb4 COLLATE utf8mb4_0900_ai_ci DEFAULT '' COMMENT '菜单类型（M目录 C菜单 F按钮）',
  `visible` char(1) CHARACTER SET utf8mb4 COLLATE utf8mb4_0900_ai_ci DEFAULT '0' COMMENT '菜单状态（0显示 1隐藏）',
  `status` char(1) CHARACTER SET utf8mb4 COLLATE utf8mb4_0900_ai_ci DEFAULT '0' COMMENT '菜单状态（0正常 1停用）',
  `perms` varchar(100) CHARACTER SET utf8mb4 COLLATE utf8mb4_0900_ai_ci DEFAULT NULL COMMENT '权限标识',
  `icon` varchar(100) CHARACTER SET utf8mb4 COLLATE utf8mb4_0900_ai_ci DEFAULT '#' COMMENT '菜单图标',
  `create_by` varchar(64) CHARACTER SET utf8mb4 COLLATE utf8mb4_0900_ai_ci DEFAULT '' COMMENT '创建者',
  `create_time` datetime DEFAULT NULL COMMENT '创建时间',
  `update_by` varchar(64) CHARACTER SET utf8mb4 COLLATE utf8mb4_0900_ai_ci DEFAULT '' COMMENT '更新者',
  `update_time` datetime DEFAULT NULL COMMENT '更新时间',
  `remark` varchar(500) CHARACTER SET utf8mb4 COLLATE utf8mb4_0900_ai_ci DEFAULT '' COMMENT '备注',
  PRIMARY KEY (`menu_id`) USING BTREE
) ENGINE=InnoDB AUTO_INCREMENT=2184 DEFAULT CHARSET=utf8mb4 COLLATE=utf8mb4_0900_ai_ci ROW_FORMAT=DYNAMIC COMMENT='菜单权限表';

-- ----------------------------
-- Dumping data for table `sys_menu`
-- ----------------------------
INSERT INTO `sys_menu` VALUES (1, '系统管理', 0, 1, 'system', NULL, '', '', 1, 0, 'M', '0', '0', '', 'system', 'admin', '2026-02-12T15:13:15', 'admin', '2026-02-13T15:59:11', '系统管理目录');
INSERT INTO `sys_menu` VALUES (2, '系统监控', 0, 2, 'monitor', NULL, '', '', 1, 0, 'M', '0', '0', '', 'monitor', 'admin', '2026-02-12T15:13:15', '', NULL, '系统监控目录');
INSERT INTO `sys_menu` VALUES (3, '系统工具', 0, 3, 'tool', NULL, '', '', 1, 0, 'M', '1', '1', '', 'tool', 'admin', '2026-02-12T15:13:15', 'admin', '2026-02-13T15:59:59', '系统工具目录');
INSERT INTO `sys_menu` VALUES (4, '若依官网', 0, 4, 'http://ruoyi.vip', NULL, '', '', 0, 0, 'M', '1', '1', '', 'guide', 'admin', '2026-02-12T15:13:15', 'admin', '2026-02-13T15:59:49', '若依官网地址');
INSERT INTO `sys_menu` VALUES (100, '用户管理', 1, 1, 'user', 'system/user/index', '', '', 1, 0, 'C', '0', '0', 'system:user:list', 'user', 'admin', '2026-02-12T15:13:15', '', NULL, '用户管理菜单');
INSERT INTO `sys_menu` VALUES (101, '角色管理', 1, 2, 'role', 'system/role/index', '', '', 1, 0, 'C', '0', '0', 'system:role:list', 'peoples', 'admin', '2026-02-12T15:13:15', '', NULL, '角色管理菜单');
INSERT INTO `sys_menu` VALUES (102, '菜单管理', 1, 3, 'menu', 'system/menu/index', '', '', 1, 0, 'C', '0', '0', 'system:menu:list', 'tree-table', 'admin', '2026-02-12T15:13:15', '', NULL, '菜单管理菜单');
INSERT INTO `sys_menu` VALUES (103, '部门管理', 1, 4, 'dept', 'system/dept/index', '', '', 1, 0, 'C', '0', '0', 'system:dept:list', 'tree', 'admin', '2026-02-12T15:13:15', '', NULL, '部门管理菜单');
INSERT INTO `sys_menu` VALUES (104, '岗位管理', 1, 5, 'post', 'system/post/index', '', '', 1, 0, 'C', '0', '0', 'system:post:list', 'post', 'admin', '2026-02-12T15:13:15', '', NULL, '岗位管理菜单');
INSERT INTO `sys_menu` VALUES (105, '字典管理', 1, 6, 'dict', 'system/dict/index', '', '', 1, 0, 'C', '0', '0', 'system:dict:list', 'dict', 'admin', '2026-02-12T15:13:15', '', NULL, '字典管理菜单');
INSERT INTO `sys_menu` VALUES (106, '参数设置', 1, 7, 'config', 'system/config/index', '', '', 1, 0, 'C', '0', '0', 'system:config:list', 'edit', 'admin', '2026-02-12T15:13:15', '', NULL, '参数设置菜单');
INSERT INTO `sys_menu` VALUES (107, '通知公告', 1, 8, 'notice', 'system/notice/index', '', '', 1, 0, 'C', '0', '0', 'system:notice:list', 'message', 'admin', '2026-02-12T15:13:15', '', NULL, '通知公告菜单');
INSERT INTO `sys_menu` VALUES (108, '日志管理', 1, 9, 'log', '', '', '', 1, 0, 'M', '0', '0', '', 'log', 'admin', '2026-02-12T15:13:15', '', NULL, '日志管理菜单');
INSERT INTO `sys_menu` VALUES (109, '在线用户', 2, 1, 'online', 'monitor/online/index', '', '', 1, 0, 'C', '0', '0', 'monitor:online:list', 'online', 'admin', '2026-02-12T15:13:15', '', NULL, '在线用户菜单');
INSERT INTO `sys_menu` VALUES (110, '定时任务', 2, 2, 'job', 'monitor/job/index', '', '', 1, 0, 'C', '0', '0', 'monitor:job:list', 'job', 'admin', '2026-02-12T15:13:15', '', NULL, '定时任务菜单');
INSERT INTO `sys_menu` VALUES (111, '数据监控', 2, 3, 'druid', 'monitor/druid/index', '', '', 1, 0, 'C', '0', '0', 'monitor:druid:list', 'druid', 'admin', '2026-02-12T15:13:15', '', NULL, '数据监控菜单');
INSERT INTO `sys_menu` VALUES (112, '服务监控', 2, 4, 'server', 'monitor/server/index', '', '', 1, 0, 'C', '0', '0', 'monitor:server:list', 'server', 'admin', '2026-02-12T15:13:15', '', NULL, '服务监控菜单');
INSERT INTO `sys_menu` VALUES (113, '缓存监控', 2, 5, 'cache', 'monitor/cache/index', '', '', 1, 0, 'C', '0', '0', 'monitor:cache:list', 'redis', 'admin', '2026-02-12T15:13:15', '', NULL, '缓存监控菜单');
INSERT INTO `sys_menu` VALUES (114, '缓存列表', 2, 6, 'cacheList', 'monitor/cache/list', '', '', 1, 0, 'C', '0', '0', 'monitor:cache:list', 'redis-list', 'admin', '2026-02-12T15:13:15', '', NULL, '缓存列表菜单');
INSERT INTO `sys_menu` VALUES (115, '表单构建', 3, 1, 'build', 'tool/build/index', '', '', 1, 0, 'C', '0', '0', 'tool:build:list', 'build', 'admin', '2026-02-12T15:13:15', '', NULL, '表单构建菜单');
INSERT INTO `sys_menu` VALUES (116, '代码生成', 3, 2, 'gen', 'tool/gen/index', '', '', 1, 0, 'C', '0', '0', 'tool:gen:list', 'code', 'admin', '2026-02-12T15:13:15', '', NULL, '代码生成菜单');
INSERT INTO `sys_menu` VALUES (117, '系统接口', 3, 3, 'swagger', 'tool/swagger/index', '', '', 1, 0, 'C', '0', '0', 'tool:swagger:list', 'swagger', 'admin', '2026-02-12T15:13:15', '', NULL, '系统接口菜单');
INSERT INTO `sys_menu` VALUES (118, 'JVM 监控', 2050, 7, 'jvm', 'monitor/jvm/index', NULL, '', 1, 0, 'C', '0', '0', 'monitor:jvm:list', 'server', 'admin', '2026-02-13T21:37:22', '', NULL, 'JVM监控菜单');
INSERT INTO `sys_menu` VALUES (500, '操作日志', 108, 1, 'operlog', 'monitor/operlog/index', '', '', 1, 0, 'C', '0', '0', 'monitor:operlog:list', 'form', 'admin', '2026-02-12T15:13:15', '', NULL, '操作日志菜单');
INSERT INTO `sys_menu` VALUES (501, '登录日志', 108, 2, 'logininfor', 'monitor/logininfor/index', '', '', 1, 0, 'C', '0', '0', 'monitor:logininfor:list', 'logininfor', 'admin', '2026-02-12T15:13:15', '', NULL, '登录日志菜单');
INSERT INTO `sys_menu` VALUES (1000, '用户查询', 100, 1, '', '', '', '', 1, 0, 'F', '0', '0', 'system:user:query', '#', 'admin', '2026-02-12T15:13:15', '', NULL, '');
INSERT INTO `sys_menu` VALUES (1001, '用户新增', 100, 2, '', '', '', '', 1, 0, 'F', '0', '0', 'system:user:add', '#', 'admin', '2026-02-12T15:13:15', '', NULL, '');
INSERT INTO `sys_menu` VALUES (1002, '用户修改', 100, 3, '', '', '', '', 1, 0, 'F', '0', '0', 'system:user:edit', '#', 'admin', '2026-02-12T15:13:15', '', NULL, '');
INSERT INTO `sys_menu` VALUES (1003, '用户删除', 100, 4, '', '', '', '', 1, 0, 'F', '0', '0', 'system:user:remove', '#', 'admin', '2026-02-12T15:13:15', '', NULL, '');
INSERT INTO `sys_menu` VALUES (1004, '用户导出', 100, 5, '', '', '', '', 1, 0, 'F', '0', '0', 'system:user:export', '#', 'admin', '2026-02-12T15:13:15', '', NULL, '');
INSERT INTO `sys_menu` VALUES (1005, '用户导入', 100, 6, '', '', '', '', 1, 0, 'F', '0', '0', 'system:user:import', '#', 'admin', '2026-02-12T15:13:15', '', NULL, '');
INSERT INTO `sys_menu` VALUES (1006, '重置密码', 100, 7, '', '', '', '', 1, 0, 'F', '0', '0', 'system:user:resetPwd', '#', 'admin', '2026-02-12T15:13:15', '', NULL, '');
INSERT INTO `sys_menu` VALUES (1007, '角色查询', 101, 1, '', '', '', '', 1, 0, 'F', '0', '0', 'system:role:query', '#', 'admin', '2026-02-12T15:13:15', '', NULL, '');
INSERT INTO `sys_menu` VALUES (1008, '角色新增', 101, 2, '', '', '', '', 1, 0, 'F', '0', '0', 'system:role:add', '#', 'admin', '2026-02-12T15:13:15', '', NULL, '');
INSERT INTO `sys_menu` VALUES (1009, '角色修改', 101, 3, '', '', '', '', 1, 0, 'F', '0', '0', 'system:role:edit', '#', 'admin', '2026-02-12T15:13:15', '', NULL, '');
INSERT INTO `sys_menu` VALUES (1010, '角色删除', 101, 4, '', '', '', '', 1, 0, 'F', '0', '0', 'system:role:remove', '#', 'admin', '2026-02-12T15:13:15', '', NULL, '');
INSERT INTO `sys_menu` VALUES (1011, '角色导出', 101, 5, '', '', '', '', 1, 0, 'F', '0', '0', 'system:role:export', '#', 'admin', '2026-02-12T15:13:15', '', NULL, '');
INSERT INTO `sys_menu` VALUES (1012, '菜单查询', 102, 1, '', '', '', '', 1, 0, 'F', '0', '0', 'system:menu:query', '#', 'admin', '2026-02-12T15:13:15', '', NULL, '');
INSERT INTO `sys_menu` VALUES (1013, '菜单新增', 102, 2, '', '', '', '', 1, 0, 'F', '0', '0', 'system:menu:add', '#', 'admin', '2026-02-12T15:13:15', '', NULL, '');
INSERT INTO `sys_menu` VALUES (1014, '菜单修改', 102, 3, '', '', '', '', 1, 0, 'F', '0', '0', 'system:menu:edit', '#', 'admin', '2026-02-12T15:13:15', '', NULL, '');
INSERT INTO `sys_menu` VALUES (1015, '菜单删除', 102, 4, '', '', '', '', 1, 0, 'F', '0', '0', 'system:menu:remove', '#', 'admin', '2026-02-12T15:13:15', '', NULL, '');
INSERT INTO `sys_menu` VALUES (1016, '部门查询', 103, 1, '', '', '', '', 1, 0, 'F', '0', '0', 'system:dept:query', '#', 'admin', '2026-02-12T15:13:15', '', NULL, '');
INSERT INTO `sys_menu` VALUES (1017, '部门新增', 103, 2, '', '', '', '', 1, 0, 'F', '0', '0', 'system:dept:add', '#', 'admin', '2026-02-12T15:13:15', '', NULL, '');
INSERT INTO `sys_menu` VALUES (1018, '部门修改', 103, 3, '', '', '', '', 1, 0, 'F', '0', '0', 'system:dept:edit', '#', 'admin', '2026-02-12T15:13:15', '', NULL, '');
INSERT INTO `sys_menu` VALUES (1019, '部门删除', 103, 4, '', '', '', '', 1, 0, 'F', '0', '0', 'system:dept:remove', '#', 'admin', '2026-02-12T15:13:15', '', NULL, '');
INSERT INTO `sys_menu` VALUES (1020, '岗位查询', 104, 1, '', '', '', '', 1, 0, 'F', '0', '0', 'system:post:query', '#', 'admin', '2026-02-12T15:13:15', '', NULL, '');
INSERT INTO `sys_menu` VALUES (1021, '岗位新增', 104, 2, '', '', '', '', 1, 0, 'F', '0', '0', 'system:post:add', '#', 'admin', '2026-02-12T15:13:15', '', NULL, '');
INSERT INTO `sys_menu` VALUES (1022, '岗位修改', 104, 3, '', '', '', '', 1, 0, 'F', '0', '0', 'system:post:edit', '#', 'admin', '2026-02-12T15:13:15', '', NULL, '');
INSERT INTO `sys_menu` VALUES (1023, '岗位删除', 104, 4, '', '', '', '', 1, 0, 'F', '0', '0', 'system:post:remove', '#', 'admin', '2026-02-12T15:13:15', '', NULL, '');
INSERT INTO `sys_menu` VALUES (1024, '岗位导出', 104, 5, '', '', '', '', 1, 0, 'F', '0', '0', 'system:post:export', '#', 'admin', '2026-02-12T15:13:15', '', NULL, '');
INSERT INTO `sys_menu` VALUES (1025, '字典查询', 105, 1, '#', '', '', '', 1, 0, 'F', '0', '0', 'system:dict:query', '#', 'admin', '2026-02-12T15:13:15', '', NULL, '');
INSERT INTO `sys_menu` VALUES (1026, '字典新增', 105, 2, '#', '', '', '', 1, 0, 'F', '0', '0', 'system:dict:add', '#', 'admin', '2026-02-12T15:13:15', '', NULL, '');
INSERT INTO `sys_menu` VALUES (1027, '字典修改', 105, 3, '#', '', '', '', 1, 0, 'F', '0', '0', 'system:dict:edit', '#', 'admin', '2026-02-12T15:13:15', '', NULL, '');
INSERT INTO `sys_menu` VALUES (1028, '字典删除', 105, 4, '#', '', '', '', 1, 0, 'F', '0', '0', 'system:dict:remove', '#', 'admin', '2026-02-12T15:13:15', '', NULL, '');
INSERT INTO `sys_menu` VALUES (1029, '字典导出', 105, 5, '#', '', '', '', 1, 0, 'F', '0', '0', 'system:dict:export', '#', 'admin', '2026-02-12T15:13:15', '', NULL, '');
INSERT INTO `sys_menu` VALUES (1030, '参数查询', 106, 1, '#', '', '', '', 1, 0, 'F', '0', '0', 'system:config:query', '#', 'admin', '2026-02-12T15:13:15', '', NULL, '');
INSERT INTO `sys_menu` VALUES (1031, '参数新增', 106, 2, '#', '', '', '', 1, 0, 'F', '0', '0', 'system:config:add', '#', 'admin', '2026-02-12T15:13:15', '', NULL, '');
INSERT INTO `sys_menu` VALUES (1032, '参数修改', 106, 3, '#', '', '', '', 1, 0, 'F', '0', '0', 'system:config:edit', '#', 'admin', '2026-02-12T15:13:15', '', NULL, '');
INSERT INTO `sys_menu` VALUES (1033, '参数删除', 106, 4, '#', '', '', '', 1, 0, 'F', '0', '0', 'system:config:remove', '#', 'admin', '2026-02-12T15:13:15', '', NULL, '');
INSERT INTO `sys_menu` VALUES (1034, '参数导出', 106, 5, '#', '', '', '', 1, 0, 'F', '0', '0', 'system:config:export', '#', 'admin', '2026-02-12T15:13:15', '', NULL, '');
INSERT INTO `sys_menu` VALUES (1035, '公告查询', 107, 1, '#', '', '', '', 1, 0, 'F', '0', '0', 'system:notice:query', '#', 'admin', '2026-02-12T15:13:16', '', NULL, '');
INSERT INTO `sys_menu` VALUES (1036, '公告新增', 107, 2, '#', '', '', '', 1, 0, 'F', '0', '0', 'system:notice:add', '#', 'admin', '2026-02-12T15:13:16', '', NULL, '');
INSERT INTO `sys_menu` VALUES (1037, '公告修改', 107, 3, '#', '', '', '', 1, 0, 'F', '0', '0', 'system:notice:edit', '#', 'admin', '2026-02-12T15:13:16', '', NULL, '');
INSERT INTO `sys_menu` VALUES (1038, '公告删除', 107, 4, '#', '', '', '', 1, 0, 'F', '0', '0', 'system:notice:remove', '#', 'admin', '2026-02-12T15:13:16', '', NULL, '');
INSERT INTO `sys_menu` VALUES (1039, '操作查询', 500, 1, '#', '', '', '', 1, 0, 'F', '0', '0', 'monitor:operlog:query', '#', 'admin', '2026-02-12T15:13:16', '', NULL, '');
INSERT INTO `sys_menu` VALUES (1040, '操作删除', 500, 2, '#', '', '', '', 1, 0, 'F', '0', '0', 'monitor:operlog:remove', '#', 'admin', '2026-02-12T15:13:16', '', NULL, '');
INSERT INTO `sys_menu` VALUES (1041, '日志导出', 500, 3, '#', '', '', '', 1, 0, 'F', '0', '0', 'monitor:operlog:export', '#', 'admin', '2026-02-12T15:13:16', '', NULL, '');
INSERT INTO `sys_menu` VALUES (1042, '登录查询', 501, 1, '#', '', '', '', 1, 0, 'F', '0', '0', 'monitor:logininfor:query', '#', 'admin', '2026-02-12T15:13:16', '', NULL, '');
INSERT INTO `sys_menu` VALUES (1043, '登录删除', 501, 2, '#', '', '', '', 1, 0, 'F', '0', '0', 'monitor:logininfor:remove', '#', 'admin', '2026-02-12T15:13:16', '', NULL, '');
INSERT INTO `sys_menu` VALUES (1044, '日志导出', 501, 3, '#', '', '', '', 1, 0, 'F', '0', '0', 'monitor:logininfor:export', '#', 'admin', '2026-02-12T15:13:16', '', NULL, '');
INSERT INTO `sys_menu` VALUES (1045, '账户解锁', 501, 4, '#', '', '', '', 1, 0, 'F', '0', '0', 'monitor:logininfor:unlock', '#', 'admin', '2026-02-12T15:13:16', '', NULL, '');
INSERT INTO `sys_menu` VALUES (1046, '在线查询', 109, 1, '#', '', '', '', 1, 0, 'F', '0', '0', 'monitor:online:query', '#', 'admin', '2026-02-12T15:13:16', '', NULL, '');
INSERT INTO `sys_menu` VALUES (1047, '批量强退', 109, 2, '#', '', '', '', 1, 0, 'F', '0', '0', 'monitor:online:batchLogout', '#', 'admin', '2026-02-12T15:13:16', '', NULL, '');
INSERT INTO `sys_menu` VALUES (1048, '单条强退', 109, 3, '#', '', '', '', 1, 0, 'F', '0', '0', 'monitor:online:forceLogout', '#', 'admin', '2026-02-12T15:13:16', '', NULL, '');
INSERT INTO `sys_menu` VALUES (1049, '任务查询', 110, 1, '#', '', '', '', 1, 0, 'F', '0', '0', 'monitor:job:query', '#', 'admin', '2026-02-12T15:13:16', '', NULL, '');
INSERT INTO `sys_menu` VALUES (1050, '任务新增', 110, 2, '#', '', '', '', 1, 0, 'F', '0', '0', 'monitor:job:add', '#', 'admin', '2026-02-12T15:13:16', '', NULL, '');
INSERT INTO `sys_menu` VALUES (1051, '任务修改', 110, 3, '#', '', '', '', 1, 0, 'F', '0', '0', 'monitor:job:edit', '#', 'admin', '2026-02-12T15:13:16', '', NULL, '');
INSERT INTO `sys_menu` VALUES (1052, '任务删除', 110, 4, '#', '', '', '', 1, 0, 'F', '0', '0', 'monitor:job:remove', '#', 'admin', '2026-02-12T15:13:16', '', NULL, '');
INSERT INTO `sys_menu` VALUES (1053, '状态修改', 110, 5, '#', '', '', '', 1, 0, 'F', '0', '0', 'monitor:job:changeStatus', '#', 'admin', '2026-02-12T15:13:16', '', NULL, '');
INSERT INTO `sys_menu` VALUES (1054, '任务导出', 110, 6, '#', '', '', '', 1, 0, 'F', '0', '0', 'monitor:job:export', '#', 'admin', '2026-02-12T15:13:16', '', NULL, '');
INSERT INTO `sys_menu` VALUES (1055, '生成查询', 116, 1, '#', '', '', '', 1, 0, 'F', '0', '0', 'tool:gen:query', '#', 'admin', '2026-02-12T15:13:16', '', NULL, '');
INSERT INTO `sys_menu` VALUES (1056, '生成修改', 116, 2, '#', '', '', '', 1, 0, 'F', '0', '0', 'tool:gen:edit', '#', 'admin', '2026-02-12T15:13:16', '', NULL, '');
INSERT INTO `sys_menu` VALUES (1057, '生成删除', 116, 3, '#', '', '', '', 1, 0, 'F', '0', '0', 'tool:gen:remove', '#', 'admin', '2026-02-12T15:13:16', '', NULL, '');
INSERT INTO `sys_menu` VALUES (1058, '导入代码', 116, 4, '#', '', '', '', 1, 0, 'F', '0', '0', 'tool:gen:import', '#', 'admin', '2026-02-12T15:13:16', '', NULL, '');
INSERT INTO `sys_menu` VALUES (1059, '预览代码', 116, 5, '#', '', '', '', 1, 0, 'F', '0', '0', 'tool:gen:preview', '#', 'admin', '2026-02-12T15:13:16', '', NULL, '');
INSERT INTO `sys_menu` VALUES (1060, '生成代码', 116, 6, '#', '', '', '', 1, 0, 'F', '0', '0', 'tool:gen:code', '#', 'admin', '2026-02-12T15:13:16', '', NULL, '');
INSERT INTO `sys_menu` VALUES (1061, 'JVM监控新增', 118, 2, '#', '', NULL, '', 1, 0, 'F', '0', '0', 'monitor:jvm:add', '#', 'admin', '2026-02-13T21:37:35', '', NULL, '');
INSERT INTO `sys_menu` VALUES (1062, 'JVM监控修改', 118, 3, '#', '', NULL, '', 1, 0, 'F', '0', '0', 'monitor:jvm:edit', '#', 'admin', '2026-02-13T21:37:41', '', NULL, '');
INSERT INTO `sys_menu` VALUES (1063, 'JVM监控删除', 118, 4, '#', '', NULL, '', 1, 0, 'F', '0', '0', 'monitor:jvm:remove', '#', 'admin', '2026-02-13T21:37:46', '', NULL, '');
INSERT INTO `sys_menu` VALUES (1070, 'JVM监控查询', 118, 1, '#', '', NULL, '', 1, 0, 'F', '0', '0', 'monitor:jvm:query', '#', 'admin', '2026-02-13T21:38:05', '', NULL, '');
INSERT INTO `sys_menu` VALUES (2015, '运维管理', 0, 5, 'ops', '', NULL, '', 1, 0, 'M', '0', '0', '', 'monitor', 'admin', '2026-02-13T15:45:48', 'admin', '2026-02-13T15:52:18', '运维管理目录');
INSERT INTO `sys_menu` VALUES (2016, '服务器管理', 2015, 1, 'server', 'ops/server/index', NULL, '', 1, 0, 'C', '0', '0', 'ops:server:list', 'server', 'admin', '2026-02-13T15:45:48', '', NULL, '服务器资产管理菜单');
INSERT INTO `sys_menu` VALUES (2023, '文件管理', 2015, 2, 'file', 'ops/file/index', NULL, '', 1, 0, 'C', '0', '0', 'ops:server:query', 'folder', 'admin', '2026-02-13T17:28:57', 'admin', '2026-02-13T17:32:15', '服务器文件管理菜单');
INSERT INTO `sys_menu` VALUES (2026, '信息监控', 2015, 3, 'monitor', 'ops/monitor/index', NULL, '', 1, 0, 'C', '0', '0', 'ops:monitor:list', 'chart', 'admin', '2026-02-13T19:10:07', '', NULL, '服务器信息监控菜单');
INSERT INTO `sys_menu` VALUES (2027, '监控查询', 2026, 1, '#', '', NULL, '', 1, 0, 'F', '0', '0', 'ops:monitor:query', '#', 'admin', '2026-02-13T19:10:21', '', NULL, '');
INSERT INTO `sys_menu` VALUES (2030, '进程管理', 2015, 4, 'process', 'ops/process/index', NULL, '', 1, 0, 'C', '0', '0', 'ops:process:list', 'list', 'admin', '2026-02-13T20:17:42', '', NULL, '进程管理菜单');
INSERT INTO `sys_menu` VALUES (2031, '进程查询', 2030, 1, '#', '', NULL, '', 1, 0, 'F', '0', '0', 'ops:process:query', '#', 'admin', '2026-02-13T20:17:48', '', NULL, '');
INSERT INTO `sys_menu` VALUES (2032, '进程终止', 2030, 2, '#', '', NULL, '', 1, 0, 'F', '0', '0', 'ops:process:kill', '#', 'admin', '2026-02-13T20:17:53', '', NULL, '');
INSERT INTO `sys_menu` VALUES (2033, '进程导出', 2030, 3, '#', '', NULL, '', 1, 0, 'F', '0', '0', 'ops:process:export', '#', 'admin', '2026-02-13T20:17:58', '', NULL, '');
INSERT INTO `sys_menu` VALUES (2040, '批量操作', 2015, 5, 'batch', 'ops/batch/index', NULL, '', 1, 0, 'C', '0', '0', 'ops:batch:list', 'code', 'admin', '2026-02-13T20:23:16', '', NULL, '批量操作管理菜单');
INSERT INTO `sys_menu` VALUES (2041, '命令模板', 2040, 1, '#', '', NULL, '', 1, 0, 'F', '0', '0', 'ops:batch:template', '#', 'admin', '2026-02-13T20:23:23', '', NULL, '');
INSERT INTO `sys_menu` VALUES (2042, '任务执行', 2040, 2, '#', '', NULL, '', 1, 0, 'F', '0', '0', 'ops:batch:execute', '#', 'admin', '2026-02-13T20:23:27', '', NULL, '');
INSERT INTO `sys_menu` VALUES (2050, '应用监控模块', 0, 6, 'app-monitor', NULL, NULL, '', 1, 0, 'M', '0', '0', NULL, 'monitor', 'admin', '2026-02-13T21:33', '', NULL, '应用监控目录');
INSERT INTO `sys_menu` VALUES (2051, '应用注册', 2050, 1, 'app', 'ops/app/index', NULL, '', 1, 0, 'C', '0', '0', 'ops:app:list', 'list', 'admin', '2026-02-13T21:33', '', NULL, '应用注册菜单');
INSERT INTO `sys_menu` VALUES (2052, '应用查询', 2051, 1, '', '', NULL, '', 1, 0, 'F', '0', '0', 'ops:app:query', '#', 'admin', '2026-02-13T21:33', '', NULL, '');
INSERT INTO `sys_menu` VALUES (2053, '应用新增', 2051, 2, '', '', NULL, '', 1, 0, 'F', '0', '0', 'ops:app:add', '#', 'admin', '2026-02-13T21:33', '', NULL, '');
INSERT INTO `sys_menu` VALUES (2054, '应用修改', 2051, 3, '', '', NULL, '', 1, 0, 'F', '0', '0', 'ops:app:edit', '#', 'admin', '2026-02-13T21:33', '', NULL, '');
INSERT INTO `sys_menu` VALUES (2055, '应用删除', 2051, 4, '', '', NULL, '', 1, 0, 'F', '0', '0', 'ops:app:remove', '#', 'admin', '2026-02-13T21:33', '', NULL, '');
INSERT INTO `sys_menu` VALUES (2056, '应用导出', 2051, 5, '', '', NULL, '', 1, 0, 'F', '0', '0', 'ops:app:export', '#', 'admin', '2026-02-13T21:33', '', NULL, '');
INSERT INTO `sys_menu` VALUES (2057, '部署模板', 2050, 4, 'deployTemplate', 'ops/deployTemplate/index', NULL, '', 1, 0, 'C', '0', '0', 'ops:deployTemplate:list', 'code', 'admin', '2026-02-17T23:35:05', 'admin', '2026-02-18T08:53:29', '部署模板管理菜单');
INSERT INTO `sys_menu` VALUES (2058, '部署模板查询', 2057, 1, '#', '', NULL, '', 1, 0, 'F', '0', '0', 'ops:deployTemplate:query', '#', 'admin', '2026-02-17T23:35:20', '', NULL, '');
INSERT INTO `sys_menu` VALUES (2059, '部署模板新增', 2057, 2, '#', '', NULL, '', 1, 0, 'F', '0', '0', 'ops:deployTemplate:add', '#', 'admin', '2026-02-17T23:35:20', '', NULL, '');
INSERT INTO `sys_menu` VALUES (2060, '部署模板修改', 2057, 3, '#', '', NULL, '', 1, 0, 'F', '0', '0', 'ops:deployTemplate:edit', '#', 'admin', '2026-02-17T23:35:20', '', NULL, '');
INSERT INTO `sys_menu` VALUES (2061, '部署模板删除', 2057, 4, '#', '', NULL, '', 1, 0, 'F', '0', '0', 'ops:deployTemplate:remove', '#', 'admin', '2026-02-17T23:35:20', '', NULL, '');
INSERT INTO `sys_menu` VALUES (2062, '部署模板执行', 2057, 5, '#', '', NULL, '', 1, 0, 'F', '0', '0', 'ops:deployTemplate:deploy', '#', 'admin', '2026-02-17T23:35:20', '', NULL, '');
INSERT INTO `sys_menu` VALUES (2065, '发布管理', 2100, 5, 'release', 'ops/release/index', NULL, '', 1, 0, 'C', '0', '0', 'ops:release:list', 'guide', 'admin', '2026-02-18T10:32:45', '', NULL, '发布申请管理菜单');
INSERT INTO `sys_menu` VALUES (2066, '发布查询', 2065, 1, '#', '', NULL, '', 1, 0, 'F', '0', '0', 'ops:release:query', '#', 'admin', '2026-02-18T10:32:51', '', NULL, '');
INSERT INTO `sys_menu` VALUES (2067, '发布新增', 2065, 2, '#', '', NULL, '', 1, 0, 'F', '0', '0', 'ops:release:add', '#', 'admin', '2026-02-18T10:32:57', '', NULL, '');
INSERT INTO `sys_menu` VALUES (2068, '发布修改', 2065, 3, '#', '', NULL, '', 1, 0, 'F', '0', '0', 'ops:release:edit', '#', 'admin', '2026-02-18T10:33:04', '', NULL, '');
INSERT INTO `sys_menu` VALUES (2069, '发布删除', 2065, 4, '#', '', NULL, '', 1, 0, 'F', '0', '0', 'ops:release:remove', '#', 'admin', '2026-02-18T10:33:10', '', NULL, '');
INSERT INTO `sys_menu` VALUES (2070, '发布审批', 2065, 5, '#', '', NULL, '', 1, 0, 'F', '0', '0', 'ops:release:audit', '#', 'admin', '2026-02-18T10:33:16', '', NULL, '');
INSERT INTO `sys_menu` VALUES (2071, '发布执行', 2065, 6, '#', '', NULL, '', 1, 0, 'F', '0', '0', 'ops:release:deploy', '#', 'admin', '2026-02-18T10:33:23', '', NULL, '');
INSERT INTO `sys_menu` VALUES (2072, '发布导出', 2065, 7, '#', '', NULL, '', 1, 0, 'F', '0', '0', 'ops:release:export', '#', 'admin', '2026-02-18T10:33:29', '', NULL, '');
INSERT INTO `sys_menu` VALUES (2073, '待审批', 2100, 6, 'releasePending', 'ops/release/pending', NULL, '', 1, 0, 'C', '0', '0', 'ops:release:pending', 'guide', 'admin', '2026-02-18T21:44:09', '', NULL, '发布待审批菜单');
INSERT INTO `sys_menu` VALUES (2100, '发布流程管控', 0, 7, 'release-control', NULL, NULL, '', 1, 0, 'M', '0', '0', NULL, 'guide', 'admin', '2026-02-18T11:39:18', '', NULL, '');
INSERT INTO `sys_menu` VALUES (2102, '审批配置查询', 2101, 1, '#', '', NULL, '', 1, 0, 'F', '0', '0', 'ops:approvalConfig:query', '#', 'admin', '2026-02-18T11:39:44', '', NULL, '');
INSERT INTO `sys_menu` VALUES (2103, '审批配置新增', 2101, 2, '#', '', NULL, '', 1, 0, 'F', '0', '0', 'ops:approvalConfig:add', '#', 'admin', '2026-02-18T11:39:44', '', NULL, '');
INSERT INTO `sys_menu` VALUES (2104, '审批配置修改', 2101, 3, '#', '', NULL, '', 1, 0, 'F', '0', '0', 'ops:approvalConfig:edit', '#', 'admin', '2026-02-18T11:39:44', '', NULL, '');
INSERT INTO `sys_menu` VALUES (2105, '审批配置删除', 2101, 4, '#', '', NULL, '', 1, 0, 'F', '0', '0', 'ops:approvalConfig:remove', '#', 'admin', '2026-02-18T11:39:44', '', NULL, '');
INSERT INTO `sys_menu` VALUES (2111, '审批流程配置', 2100, 1, 'approvalConfig', 'ops/approvalConfig/index', NULL, '', 1, 0, 'C', '0', '0', 'ops:approvalConfig:list', 'form', 'admin', '2026-02-18T13:19:06', '', NULL, '审批流程配置菜单');
INSERT INTO `sys_menu` VALUES (2116, '配置查询', 2111, 1, '#', '', NULL, '', 1, 0, 'F', '0', '0', 'ops:approvalConfig:query', '#', 'admin', '2026-02-18T13:19:45', '', NULL, '');
INSERT INTO `sys_menu` VALUES (2117, '配置新增', 2111, 2, '#', '', NULL, '', 1, 0, 'F', '0', '0', 'ops:approvalConfig:add', '#', 'admin', '2026-02-18T13:19:56', '', NULL, '');
INSERT INTO `sys_menu` VALUES (2118, '配置修改', 2111, 3, '#', '', NULL, '', 1, 0, 'F', '0', '0', 'ops:approvalConfig:edit', '#', 'admin', '2026-02-18T13:20:03', '', NULL, '');
INSERT INTO `sys_menu` VALUES (2119, '配置删除', 2111, 4, '#', '', NULL, '', 1, 0, 'F', '0', '0', 'ops:approvalConfig:remove', '#', 'admin', '2026-02-18T13:20:08', '', NULL, '');
INSERT INTO `sys_menu` VALUES (2121, '流程定义管理', 2100, 6, 'processDefinition', 'ops/processDefinition/index', NULL, '', 1, 0, 'C', '0', '0', 'ops:processDefinition:list', 'tree-table', 'admin', '2026-02-18T17:03:41', 'admin', '2026-02-18T17:09:04', '流程定义管理菜单');
INSERT INTO `sys_menu` VALUES (2122, '流程定义查询', 2121, 1, '#', '', NULL, '', 1, 0, 'F', '0', '0', 'ops:processDefinition:query', '#', 'admin', '2026-02-18T17:03:53', '', NULL, '');
INSERT INTO `sys_menu` VALUES (2123, '流程定义删除', 2121, 2, '#', '', NULL, '', 1, 0, 'F', '0', '0', 'ops:processDefinition:remove', '#', 'admin', '2026-02-18T17:03:53', '', NULL, '');
INSERT INTO `sys_menu` VALUES (2124, '流程定义修改', 2121, 3, '#', '', NULL, '', 1, 0, 'F', '0', '0', 'ops:processDefinition:edit', '#', 'admin', '2026-02-18T17:03:53', '', NULL, '');
INSERT INTO `sys_menu` VALUES (2129, '我发起的流程', 2015, 6, 'myProcess', 'ops/myProcess/index', NULL, '', 1, 0, 'C', '0', '0', 'ops:myProcess:list', 'user', 'admin', '2026-02-18T20:30:27', '', NULL, '我发起的流程菜单');
INSERT INTO `sys_menu` VALUES (2130, '流程查询', 2129, 1, '#', '', NULL, '', 1, 0, 'F', '0', '0', 'ops:myProcess:query', '#', 'admin', '2026-02-18T20:30:38', '', NULL, '');
INSERT INTO `sys_menu` VALUES (2131, '流程进度', 2129, 2, '#', '', NULL, '', 1, 0, 'F', '0', '0', 'ops:myProcess:progress', '#', 'admin', '2026-02-18T20:30:50', '', NULL, '');
INSERT INTO `sys_menu` VALUES (2132, '流程催办', 2129, 3, '#', '', NULL, '', 1, 0, 'F', '0', '0', 'ops:myProcess:remind', '#', 'admin', '2026-02-18T20:30:55', '', NULL, '');
INSERT INTO `sys_menu` VALUES (2134, '流程监控', 2015, 8, 'workflowMonitor', 'ops/workflow/monitor/index', NULL, '', 1, 0, 'C', '0', '0', 'ops:workflow:monitor', 'monitor', 'admin', '2026-02-18T20:44:27', '', NULL, '流程实例监控菜单');
INSERT INTO `sys_menu` VALUES (2140, '环境管理', 2015, 6, 'environment', 'ops/environment/index', NULL, '', 1, 0, 'C', '0', '0', 'ops:environment:list', 'tree-table', 'admin', '2026-02-21T21:36:04', '', NULL, '环境管理菜单');
INSERT INTO `sys_menu` VALUES (2141, '环境查询', 2140, 1, '#', '', NULL, '', 1, 0, 'F', '0', '0', 'ops:environment:query', '#', 'admin', '2026-02-21T21:36:04', '', NULL, '');
INSERT INTO `sys_menu` VALUES (2142, '环境新增', 2140, 2, '#', '', NULL, '', 1, 0, 'F', '0', '0', 'ops:environment:add', '#', 'admin', '2026-02-21T21:36:04', '', NULL, '');
INSERT INTO `sys_menu` VALUES (2143, '环境修改', 2140, 3, '#', '', NULL, '', 1, 0, 'F', '0', '0', 'ops:environment:edit', '#', 'admin', '2026-02-21T21:36:04', '', NULL, '');
INSERT INTO `sys_menu` VALUES (2144, '环境删除', 2140, 4, '#', '', NULL, '', 1, 0, 'F', '0', '0', 'ops:environment:remove', '#', 'admin', '2026-02-21T21:36:04', '', NULL, '');
INSERT INTO `sys_menu` VALUES (2145, '环境导出', 2140, 5, '#', '', NULL, '', 1, 0, 'F', '0', '0', 'ops:environment:export', '#', 'admin', '2026-02-21T21:36:04', '', NULL, '');
INSERT INTO `sys_menu` VALUES (2150, '环境管理', 2015, 6, 'environment', 'ops/environment/index', NULL, '', 1, 0, 'C', '0', '0', 'ops:environment:list', 'tree-table', 'admin', '2026-02-21T21:36:21', '', NULL, '环境管理菜单');
INSERT INTO `sys_menu` VALUES (2151, '环境查询', 2150, 1, '#', '', NULL, '', 1, 0, 'F', '0', '0', 'ops:environment:query', '#', 'admin', '2026-02-21T21:36:30', '', NULL, '');
INSERT INTO `sys_menu` VALUES (2152, '环境新增', 2150, 2, '#', '', NULL, '', 1, 0, 'F', '0', '0', 'ops:environment:add', '#', 'admin', '2026-02-21T21:36:30', '', NULL, '');
INSERT INTO `sys_menu` VALUES (2153, '环境修改', 2150, 3, '#', '', NULL, '', 1, 0, 'F', '0', '0', 'ops:environment:edit', '#', 'admin', '2026-02-21T21:36:30', '', NULL, '');
INSERT INTO `sys_menu` VALUES (2154, '环境删除', 2150, 4, '#', '', NULL, '', 1, 0, 'F', '0', '0', 'ops:environment:remove', '#', 'admin', '2026-02-21T21:36:30', '', NULL, '');
INSERT INTO `sys_menu` VALUES (2155, '环境导出', 2150, 5, '#', '', NULL, '', 1, 0, 'F', '0', '0', 'ops:environment:export', '#', 'admin', '2026-02-21T21:36:30', '', NULL, '');
INSERT INTO `sys_menu` VALUES (2162, '站内信', 1, 10, 'message', 'system/message/index', NULL, '', 1, 0, 'C', '0', '0', 'system:message:list', 'message', 'admin', '2026-02-23T20:51:54', '', NULL, '站内信菜单');
INSERT INTO `sys_menu` VALUES (2168, '站内信查询', 2162, 1, '', '', NULL, '', 1, 0, 'F', '0', '0', 'system:message:query', '#', 'admin', '2026-02-23T20:52:18', '', NULL, '');
INSERT INTO `sys_menu` VALUES (2169, '站内信新增', 2162, 2, '', '', NULL, '', 1, 0, 'F', '0', '0', 'system:message:add', '#', 'admin', '2026-02-23T20:52:24', '', NULL, '');
INSERT INTO `sys_menu` VALUES (2170, '站内信修改', 2162, 3, '', '', NULL, '', 1, 0, 'F', '0', '0', 'system:message:edit', '#', 'admin', '2026-02-23T20:52:31', '', NULL, '');
INSERT INTO `sys_menu` VALUES (2171, '站内信删除', 2162, 4, '', '', NULL, '', 1, 0, 'F', '0', '0', 'system:message:remove', '#', 'admin', '2026-02-23T20:52:37', '', NULL, '');
INSERT INTO `sys_menu` VALUES (2172, '站内信导出', 2162, 5, '', '', NULL, '', 1, 0, 'F', '0', '0', 'system:message:export', '#', 'admin', '2026-02-23T20:52:44', '', NULL, '');
INSERT INTO `sys_menu` VALUES (2173, '数据库管理', 0, 10, 'db', NULL, NULL, '', 1, 0, 'M', '0', '0', '', 'server', 'admin', '2026-02-23T21:56:51', '', NULL, '数据库管理目录');
INSERT INTO `sys_menu` VALUES (2174, '连接管理', 2173, 1, 'conn', 'system/db/conn/index', NULL, '', 1, 0, 'C', '0', '0', 'system:db:conn:list', 'example', 'admin', '2026-02-23T21:57:04', '', NULL, '');
INSERT INTO `sys_menu` VALUES (2175, '数据操作', 2173, 2, 'execute', 'system/db/execute/index', NULL, '', 1, 0, 'C', '0', '0', 'system:db:execute:view', 'code', 'admin', '2026-02-23T21:57:04', '', NULL, '');
INSERT INTO `sys_menu` VALUES (2176, '数据监控', 2173, 3, 'monitor', 'system/db/monitor/index', NULL, '', 1, 0, 'C', '0', '0', 'system:db:monitor:view', 'monitor', 'admin', '2026-02-23T21:57:04', '', NULL, '');
INSERT INTO `sys_menu` VALUES (2177, '备份恢复', 2173, 4, 'backup', 'system/db/backup/index', NULL, '', 1, 0, 'C', '0', '0', 'system:db:backup:list', 'log', 'admin', '2026-02-23T21:57:04', '', NULL, '');
INSERT INTO `sys_menu` VALUES (2178, '操作日志', 2173, 5, 'log', 'system/db/log/index', NULL, '', 1, 0, 'C', '0', '0', 'system:db:log:list', 'form', 'admin', '2026-02-23T21:57:04', '', NULL, '');
INSERT INTO `sys_menu` VALUES (2179, '备份策略', 0, 2, 'backup-strategy', 'system/db/backupStrategy/index', NULL, '', 1, 0, 'C', '0', '0', 'system:db:backupStrategy:list', 'el-icon-setting', 'admin', '2026-02-25T01:51:53', '', NULL, '数据库备份策略配置');
INSERT INTO `sys_menu` VALUES (2180, '查询', 2179, 1, '#', '', NULL, '', 1, 0, 'F', '0', '0', 'system:db:backupStrategy:query', '#', 'admin', '2026-02-25T01:51:53', '', NULL, '');
INSERT INTO `sys_menu` VALUES (2181, '新增', 2179, 2, '#', '', NULL, '', 1, 0, 'F', '0', '0', 'system:db:backupStrategy:add', '#', 'admin', '2026-02-25T01:51:53', '', NULL, '');
INSERT INTO `sys_menu` VALUES (2182, '修改', 2179, 3, '#', '', NULL, '', 1, 0, 'F', '0', '0', 'system:db:backupStrategy:edit', '#', 'admin', '2026-02-25T01:51:53', '', NULL, '');
INSERT INTO `sys_menu` VALUES (2183, '删除', 2179, 4, '#', '', NULL, '', 1, 0, 'F', '0', '0', 'system:db:backupStrategy:remove', '#', 'admin', '2026-02-25T01:51:53', '', NULL, '');

-- ----------------------------
-- Table structure for `sys_message`
-- ----------------------------
DROP TABLE IF EXISTS `sys_message`;
CREATE TABLE `sys_message` (
  `message_id` bigint NOT NULL AUTO_INCREMENT COMMENT '消息ID',
  `sender_id` bigint DEFAULT NULL COMMENT '发送者ID',
  `receiver_id` bigint DEFAULT NULL COMMENT '接收者ID',
  `title` varchar(255) CHARACTER SET utf8mb4 COLLATE utf8mb4_0900_ai_ci DEFAULT '' COMMENT '标题',
  `content` longtext CHARACTER SET utf8mb4 COLLATE utf8mb4_0900_ai_ci COMMENT '内容',
  `message_type` char(1) CHARACTER SET utf8mb4 COLLATE utf8mb4_0900_ai_ci DEFAULT '1' COMMENT '消息类型（1通知 2待办 3催办 4完结）',
  `read_status` char(1) CHARACTER SET utf8mb4 COLLATE utf8mb4_0900_ai_ci DEFAULT '0' COMMENT '阅读状态（0未读 1已读）',
  `delete_status` char(1) CHARACTER SET utf8mb4 COLLATE utf8mb4_0900_ai_ci DEFAULT '0' COMMENT '删除状态（0正常 1回收站 2彻底删除）',
  `attachment` varchar(500) CHARACTER SET utf8mb4 COLLATE utf8mb4_0900_ai_ci DEFAULT '' COMMENT '附件路径',
  `business_id` varchar(64) CHARACTER SET utf8mb4 COLLATE utf8mb4_0900_ai_ci DEFAULT '' COMMENT '关联业务ID',
  `create_by` varchar(64) CHARACTER SET utf8mb4 COLLATE utf8mb4_0900_ai_ci DEFAULT '' COMMENT '创建者',
  `create_time` datetime DEFAULT NULL COMMENT '创建时间',
  `update_by` varchar(64) CHARACTER SET utf8mb4 COLLATE utf8mb4_0900_ai_ci DEFAULT '' COMMENT '更新者',
  `update_time` datetime DEFAULT NULL COMMENT '更新时间',
  `remark` varchar(500) CHARACTER SET utf8mb4 COLLATE utf8mb4_0900_ai_ci DEFAULT NULL COMMENT '备注',
  `read_time` datetime DEFAULT NULL COMMENT '阅读时间',
  PRIMARY KEY (`message_id`) USING BTREE
) ENGINE=InnoDB AUTO_INCREMENT=4 DEFAULT CHARSET=utf8mb4 COLLATE=utf8mb4_0900_ai_ci ROW_FORMAT=DYNAMIC COMMENT='站内信表';

-- ----------------------------
-- Dumping data for table `sys_message`
-- ----------------------------
INSERT INTO `sys_message` VALUES (1, 1, 101, '测试一下', '哈哈哈', '1', '1', '0', '', '', 'admin', '2026-02-23T21:08:52', '', '2026-02-23T21:10:37', NULL, '2026-02-23T21:10:37');
INSERT INTO `sys_message` VALUES (2, 1, 102, '测试', '<p><a href="http://localhost:8080/profile/upload/2026/02/23/附件3-1-1-5_人民银行征信系统数据采集规范  抵（质）押物信息_20260223213339A001.pdf" rel="noopener noreferrer" target="_blank">附件3-1-1-5_人民银行征信系统数据采集规范  抵（质）押物信息.pdf</a></p>', '1', '0', '0', '', '', 'admin', '2026-02-23T21:33:41', '', NULL, NULL, NULL);
INSERT INTO `sys_message` VALUES (3, 1, 101, '阿达', '<p><a href="http://localhost:8080/profile/upload/2026/02/23/附件3-1-1-6_人民银行征信系统数据采集规范 企业基本信息_20260223213454A002.pdf" rel="noopener noreferrer" target="_blank">附件3-1-1-6_人民银行征信系统数据采集规范 企业基本信息.pdf</a></p>', '1', '1', '0', '', '', 'admin', '2026-02-23T21:34:55', '', '2026-02-23T21:35:01', NULL, '2026-02-23T21:35:01');

-- ----------------------------
-- Table structure for `sys_notice`
-- ----------------------------
DROP TABLE IF EXISTS `sys_notice`;
CREATE TABLE `sys_notice` (
  `notice_id` int NOT NULL AUTO_INCREMENT COMMENT '公告ID',
  `notice_title` varchar(50) CHARACTER SET utf8mb4 COLLATE utf8mb4_0900_ai_ci NOT NULL COMMENT '公告标题',
  `notice_type` char(1) CHARACTER SET utf8mb4 COLLATE utf8mb4_0900_ai_ci NOT NULL COMMENT '公告类型（1通知 2公告）',
  `notice_content` longblob COMMENT '公告内容',
  `status` char(1) CHARACTER SET utf8mb4 COLLATE utf8mb4_0900_ai_ci DEFAULT '0' COMMENT '公告状态（0正常 1关闭）',
  `create_by` varchar(64) CHARACTER SET utf8mb4 COLLATE utf8mb4_0900_ai_ci DEFAULT '' COMMENT '创建者',
  `create_time` datetime DEFAULT NULL COMMENT '创建时间',
  `update_by` varchar(64) CHARACTER SET utf8mb4 COLLATE utf8mb4_0900_ai_ci DEFAULT '' COMMENT '更新者',
  `update_time` datetime DEFAULT NULL COMMENT '更新时间',
  `remark` varchar(255) CHARACTER SET utf8mb4 COLLATE utf8mb4_0900_ai_ci DEFAULT NULL COMMENT '备注',
  PRIMARY KEY (`notice_id`) USING BTREE
) ENGINE=InnoDB AUTO_INCREMENT=10 DEFAULT CHARSET=utf8mb4 COLLATE=utf8mb4_0900_ai_ci ROW_FORMAT=DYNAMIC COMMENT='通知公告表';

-- ----------------------------
-- Dumping data for table `sys_notice`
-- ----------------------------
INSERT INTO `sys_notice` VALUES (1, '温馨提醒：2018-07-01 若依新版本发布啦', '2', 0xe696b0e78988e69cace58685e5aeb9, '0', 'admin', '2026-02-12T15:13:16', '', NULL, '管理员');
INSERT INTO `sys_notice` VALUES (2, '维护通知：2018-07-01 若依系统凌晨维护', '1', 0xe7bbb4e68aa4e58685e5aeb9, '0', 'admin', '2026-02-12T15:13:16', '', NULL, '管理员');

-- ----------------------------
-- Table structure for `sys_oper_log`
-- ----------------------------
DROP TABLE IF EXISTS `sys_oper_log`;
CREATE TABLE `sys_oper_log` (
  `oper_id` bigint NOT NULL AUTO_INCREMENT COMMENT '日志主键',
  `title` varchar(50) CHARACTER SET utf8mb4 COLLATE utf8mb4_0900_ai_ci DEFAULT '' COMMENT '模块标题',
  `business_type` int DEFAULT '0' COMMENT '业务类型（0其它 1新增 2修改 3删除）',
  `method` varchar(200) CHARACTER SET utf8mb4 COLLATE utf8mb4_0900_ai_ci DEFAULT '' COMMENT '方法名称',
  `request_method` varchar(10) CHARACTER SET utf8mb4 COLLATE utf8mb4_0900_ai_ci DEFAULT '' COMMENT '请求方式',
  `operator_type` int DEFAULT '0' COMMENT '操作类别（0其它 1后台用户 2手机端用户）',
  `oper_name` varchar(50) CHARACTER SET utf8mb4 COLLATE utf8mb4_0900_ai_ci DEFAULT '' COMMENT '操作人员',
  `dept_name` varchar(50) CHARACTER SET utf8mb4 COLLATE utf8mb4_0900_ai_ci DEFAULT '' COMMENT '部门名称',
  `oper_url` varchar(255) CHARACTER SET utf8mb4 COLLATE utf8mb4_0900_ai_ci DEFAULT '' COMMENT '请求URL',
  `oper_ip` varchar(128) CHARACTER SET utf8mb4 COLLATE utf8mb4_0900_ai_ci DEFAULT '' COMMENT '主机地址',
  `oper_location` varchar(255) CHARACTER SET utf8mb4 COLLATE utf8mb4_0900_ai_ci DEFAULT '' COMMENT '操作地点',
  `oper_param` varchar(2000) CHARACTER SET utf8mb4 COLLATE utf8mb4_0900_ai_ci DEFAULT '' COMMENT '请求参数',
  `json_result` varchar(2000) CHARACTER SET utf8mb4 COLLATE utf8mb4_0900_ai_ci DEFAULT '' COMMENT '返回参数',
  `status` int DEFAULT '0' COMMENT '操作状态（0正常 1异常）',
  `error_msg` varchar(2000) CHARACTER SET utf8mb4 COLLATE utf8mb4_0900_ai_ci DEFAULT '' COMMENT '错误消息',
  `oper_time` datetime DEFAULT NULL COMMENT '操作时间',
  `cost_time` bigint DEFAULT '0' COMMENT '消耗时间',
  PRIMARY KEY (`oper_id`) USING BTREE,
  KEY `idx_sys_oper_log_bt` (`business_type`) USING BTREE,
  KEY `idx_sys_oper_log_s` (`status`) USING BTREE,
  KEY `idx_sys_oper_log_ot` (`oper_time`) USING BTREE
) ENGINE=InnoDB AUTO_INCREMENT=308 DEFAULT CHARSET=utf8mb4 COLLATE=utf8mb4_0900_ai_ci ROW_FORMAT=DYNAMIC COMMENT='操作日志记录';

-- ----------------------------
-- Dumping data for table `sys_oper_log`
-- ----------------------------
INSERT INTO `sys_oper_log` VALUES (100, '企业征信信息', 5, 'com.ruoyi.web.controller.credit.EnterpriseCreditController.export()', 'POST', 1, 'admin', '研发部门', '/credit/reporting/export', '127.0.0.1', '内网IP', '{"pageSize":"10","pageNum":"1"}', NULL, 0, NULL, '2026-02-12T17:35:49', 2747);
INSERT INTO `sys_oper_log` VALUES (101, '征信咨询记录', 1, 'com.ruoyi.web.controller.credit.CreditConsultationController.add()', 'POST', 1, NULL, NULL, '/credit/consultation', '127.0.0.1', '内网IP', '{"contactPerson":"12312","contactPhone":"21312","content":"1231","createTime":"2026-02-12 18:11:23","id":2,"orgName":"123","params":{}} ', '{"msg":"操作成功","code":200}', 0, NULL, '2026-02-12T18:11:24', 203);
INSERT INTO `sys_oper_log` VALUES (102, '菜单管理', 3, 'com.ruoyi.web.controller.system.SysMenuController.remove()', 'DELETE', 1, 'admin', '研发部门', '/system/menu/2000', '127.0.0.1', '内网IP', '2000 ', '{"msg":"存在子菜单,不允许删除","code":601}', 0, NULL, '2026-02-13T14:42:37', 56);
INSERT INTO `sys_oper_log` VALUES (103, '菜单管理', 3, 'com.ruoyi.web.controller.system.SysMenuController.remove()', 'DELETE', 1, 'admin', '研发部门', '/system/menu/2001', '127.0.0.1', '内网IP', '2001 ', '{"msg":"存在子菜单,不允许删除","code":601}', 0, NULL, '2026-02-13T14:42:41', 17);
INSERT INTO `sys_oper_log` VALUES (104, '菜单管理', 3, 'com.ruoyi.web.controller.system.SysMenuController.remove()', 'DELETE', 1, 'admin', '研发部门', '/system/menu/2002', '127.0.0.1', '内网IP', '2002 ', '{"msg":"操作成功","code":200}', 0, NULL, '2026-02-13T14:42:45', 65);
INSERT INTO `sys_oper_log` VALUES (105, '菜单管理', 3, 'com.ruoyi.web.controller.system.SysMenuController.remove()', 'DELETE', 1, 'admin', '研发部门', '/system/menu/2003', '127.0.0.1', '内网IP', '2003 ', '{"msg":"操作成功","code":200}', 0, NULL, '2026-02-13T14:42:46', 61);
INSERT INTO `sys_oper_log` VALUES (106, '菜单管理', 3, 'com.ruoyi.web.controller.system.SysMenuController.remove()', 'DELETE', 1, 'admin', '研发部门', '/system/menu/2004', '127.0.0.1', '内网IP', '2004 ', '{"msg":"操作成功","code":200}', 0, NULL, '2026-02-13T14:42:48', 60);
INSERT INTO `sys_oper_log` VALUES (107, '菜单管理', 3, 'com.ruoyi.web.controller.system.SysMenuController.remove()', 'DELETE', 1, 'admin', '研发部门', '/system/menu/2005', '127.0.0.1', '内网IP', '2005 ', '{"msg":"操作成功","code":200}', 0, NULL, '2026-02-13T14:42:49', 63);
INSERT INTO `sys_oper_log` VALUES (108, '菜单管理', 3, 'com.ruoyi.web.controller.system.SysMenuController.remove()', 'DELETE', 1, 'admin', '研发部门', '/system/menu/2007', '127.0.0.1', '内网IP', '2007 ', '{"msg":"存在子菜单,不允许删除","code":601}', 0, NULL, '2026-02-13T14:42:51', 22);
INSERT INTO `sys_oper_log` VALUES (109, '菜单管理', 2, 'com.ruoyi.web.controller.system.SysMenuController.edit()', 'PUT', 1, 'admin', '研发部门', '/system/menu', '127.0.0.1', '内网IP', '{"children":[],"component":"Layout","createTime":"2026-02-13 15:45:48","icon":"monitor","isCache":"0","isFrame":"1","menuId":2015,"menuName":"运维管理","menuType":"M","orderNum":1,"params":{},"parentId":0,"path":"ops","perms":"","routeName":"","status":"0","updateBy":"admin","visible":"0"} ', '{"msg":"操作成功","code":200}', 0, NULL, '2026-02-13T15:52:18', 150);
INSERT INTO `sys_oper_log` VALUES (110, '菜单管理', 2, 'com.ruoyi.web.controller.system.SysMenuController.edit()', 'PUT', 1, 'admin', '研发部门', '/system/menu', '127.0.0.1', '内网IP', '{"children":[],"createTime":"2026-02-12 15:13:15","icon":"system","isCache":"0","isFrame":"1","menuId":1,"menuName":"系统管理","menuType":"M","orderNum":1,"params":{},"parentId":0,"path":"system","perms":"","query":"","routeName":"","status":"0","updateBy":"admin","visible":"1"} ', '{"msg":"操作成功","code":200}', 0, NULL, '2026-02-13T15:59:11', 148);
INSERT INTO `sys_oper_log` VALUES (111, '菜单管理', 3, 'com.ruoyi.web.controller.system.SysMenuController.remove()', 'DELETE', 1, 'admin', '研发部门', '/system/menu/4', '127.0.0.1', '内网IP', '4 ', '{"msg":"菜单已分配,不允许删除","code":601}', 0, NULL, '2026-02-13T15:59:23', 33);
INSERT INTO `sys_oper_log` VALUES (112, '菜单管理', 2, 'com.ruoyi.web.controller.system.SysMenuController.edit()', 'PUT', 1, 'admin', '研发部门', '/system/menu', '127.0.0.1', '内网IP', '{"children":[],"createTime":"2026-02-12 15:13:15","icon":"guide","isCache":"0","isFrame":"0","menuId":4,"menuName":"若依官网","menuType":"M","orderNum":4,"params":{},"parentId":0,"path":"http://ruoyi.vip","perms":"","query":"","routeName":"","status":"1","updateBy":"admin","visible":"0"} ', '{"msg":"操作成功","code":200}', 0, NULL, '2026-02-13T15:59:28', 86);
INSERT INTO `sys_oper_log` VALUES (113, '菜单管理', 3, 'com.ruoyi.web.controller.system.SysMenuController.remove()', 'DELETE', 1, 'admin', '研发部门', '/system/menu/4', '127.0.0.1', '内网IP', '4 ', '{"msg":"菜单已分配,不允许删除","code":601}', 0, NULL, '2026-02-13T15:59:30', 31);
INSERT INTO `sys_oper_log` VALUES (114, '菜单管理', 3, 'com.ruoyi.web.controller.system.SysMenuController.remove()', 'DELETE', 1, 'admin', '研发部门', '/system/menu/4', '127.0.0.1', '内网IP', '4 ', '{"msg":"菜单已分配,不允许删除","code":601}', 0, NULL, '2026-02-13T15:59:38', 26);
INSERT INTO `sys_oper_log` VALUES (115, '菜单管理', 2, 'com.ruoyi.web.controller.system.SysMenuController.edit()', 'PUT', 1, 'admin', '研发部门', '/system/menu', '127.0.0.1', '内网IP', '{"children":[],"createTime":"2026-02-12 15:13:15","icon":"guide","isCache":"0","isFrame":"0","menuId":4,"menuName":"若依官网","menuType":"M","orderNum":4,"params":{},"parentId":0,"path":"http://ruoyi.vip","perms":"","query":"","routeName":"","status":"1","updateBy":"admin","visible":"1"} ', '{"msg":"操作成功","code":200}', 0, NULL, '2026-02-13T15:59:49', 63);
INSERT INTO `sys_oper_log` VALUES (116, '菜单管理', 2, 'com.ruoyi.web.controller.system.SysMenuController.edit()', 'PUT', 1, 'admin', '研发部门', '/system/menu', '127.0.0.1', '内网IP', '{"children":[],"createTime":"2026-02-12 15:13:15","icon":"tool","isCache":"0","isFrame":"1","menuId":3,"menuName":"系统工具","menuType":"M","orderNum":3,"params":{},"parentId":0,"path":"tool","perms":"","query":"","routeName":"","status":"1","updateBy":"admin","visible":"1"} ', '{"msg":"操作成功","code":200}', 0, NULL, '2026-02-13T15:59:59', 59);
INSERT INTO `sys_oper_log` VALUES (117, '字典类型', 3, 'com.ruoyi.web.controller.system.SysDictTypeController.remove()', 'DELETE', 1, 'admin', '研发部门', '/system/dict/type/129', '127.0.0.1', '内网IP', '[129] ', NULL, 1, '征信报送状态已分配,不能删除', '2026-02-13T16:13:49', 78);
INSERT INTO `sys_oper_log` VALUES (118, '服务器资产', 1, 'com.ruoyi.web.controller.system.OpsServerController.add()', 'POST', 1, 'admin', '研发部门', '/system/server', '127.0.0.1', '内网IP', '{"authType":"0","createBy":"admin","createTime":"2026-02-13 16:26:24","dataCenter":"公司","params":{},"publicIp":"124.225.88.94","serverId":4,"serverName":"公司服务器","serverPort":22,"status":"0","username":"root"} ', '{"msg":"操作成功","code":200}', 0, NULL, '2026-02-13T16:26:24', 135);
INSERT INTO `sys_oper_log` VALUES (119, '菜单管理', 2, 'com.ruoyi.web.controller.system.SysMenuController.edit()', 'PUT', 1, 'admin', '研发部门', '/system/menu', '127.0.0.1', '内网IP', '{"children":[],"component":"ops/file/index","createTime":"2026-02-13 17:28:57","icon":"download","isCache":"0","isFrame":"1","menuId":2023,"menuName":"文件管理","menuType":"C","orderNum":2,"params":{},"parentId":2015,"path":"file","perms":"ops:server:query","routeName":"","status":"0","updateBy":"admin","visible":"0"} ', '{"msg":"操作成功","code":200}', 0, NULL, '2026-02-13T17:32:15', 169);
INSERT INTO `sys_oper_log` VALUES (120, '服务器资产', 1, 'com.ruoyi.web.controller.system.OpsServerController.add()', 'POST', 1, 'admin', '研发部门', '/system/server', '127.0.0.1', '内网IP', '{"authType":"0","createBy":"admin","createTime":"2026-02-13 19:54:00","dataCenter":"本地","params":{},"privateIp":"","publicIp":"192.168.150.101","serverId":5,"serverName":"虚拟机","serverPort":22,"status":"0","username":"root"} ', '{"msg":"操作成功","code":200}', 0, NULL, '2026-02-13T19:54', 186);
INSERT INTO `sys_oper_log` VALUES (121, '批量任务', 1, 'com.ruoyi.web.controller.system.SysBatchController.execute()', 'POST', 1, 'admin', '研发部门', '/ops/batch/execute', '127.0.0.1', '内网IP', '{"commandContent":"ll","destPath":"","serverIds":[4,5],"sourceFile":"","taskName":"test","taskType":"1"} ', '{"msg":"任务已提交","code":200,"data":1}', 0, NULL, '2026-02-13T20:35:25', 411);
INSERT INTO `sys_oper_log` VALUES (122, '批量任务', 1, 'com.ruoyi.web.controller.system.SysBatchController.execute()', 'POST', 1, 'admin', '研发部门', '/ops/batch/execute', '127.0.0.1', '内网IP', '{"commandContent":"ll","destPath":"","serverIds":[5,4],"sourceFile":"","taskName":"test","taskType":"1"} ', '{"msg":"任务已提交","code":200,"data":2}', 0, NULL, '2026-02-13T20:35:56', 128);
INSERT INTO `sys_oper_log` VALUES (123, '批量任务', 1, 'com.ruoyi.web.controller.system.SysBatchController.execute()', 'POST', 1, 'admin', '研发部门', '/ops/batch/execute', '127.0.0.1', '内网IP', '{"commandContent":"ls","destPath":"","serverIds":[4,5],"sourceFile":"","taskName":"test","taskType":"1"} ', '{"msg":"任务已提交","code":200,"data":3}', 0, NULL, '2026-02-13T20:37:18', 146);
INSERT INTO `sys_oper_log` VALUES (124, '批量任务', 1, 'com.ruoyi.web.controller.system.SysBatchController.execute()', 'POST', 1, 'admin', '研发部门', '/ops/batch/execute', '127.0.0.1', '内网IP', '{"commandContent":"pwd","destPath":"","serverIds":[4,5],"sourceFile":"","taskName":"test2","taskType":"1"} ', '{"msg":"任务已提交","code":200,"data":4}', 0, NULL, '2026-02-13T20:39:03', 420);
INSERT INTO `sys_oper_log` VALUES (125, '批量命令模板', 1, 'com.ruoyi.web.controller.system.SysBatchController.addTemplate()', 'POST', 1, 'admin', '研发部门', '/ops/batch/template', '127.0.0.1', '内网IP', '{"commandContent":"test","createBy":"admin","createTime":"2026-02-13 20:40:56","params":{},"templateId":1,"templateName":"aa"} ', '{"msg":"操作成功","code":200}', 0, NULL, '2026-02-13T20:40:56', 44);
INSERT INTO `sys_oper_log` VALUES (126, '批量任务', 1, 'com.ruoyi.web.controller.system.SysBatchController.execute()', 'POST', 1, 'admin', '研发部门', '/ops/batch/execute', '127.0.0.1', '内网IP', '{"commandContent":"","destPath":"/root","serverIds":[5],"sourceFile":"/profile/upload/2026/02/13/附件3-1-1-5_人民银行征信系统数据采集规范  抵（质）押物信息_20260213211248A001.pdf","taskName":"11","taskType":"2"} ', '{"msg":"任务已提交","code":200,"data":5}', 0, NULL, '2026-02-13T21:13:04', 370);
INSERT INTO `sys_oper_log` VALUES (127, '批量任务', 1, 'com.ruoyi.web.controller.system.SysBatchController.execute()', 'POST', 1, 'admin', '研发部门', '/ops/batch/execute', '127.0.0.1', '内网IP', '{"commandContent":"ls","destPath":"","serverIds":[5],"sourceFile":"","taskName":"11","taskType":"1"} ', '{"msg":"任务已提交","code":200,"data":6}', 0, NULL, '2026-02-13T21:18:57', 120);
INSERT INTO `sys_oper_log` VALUES (128, '批量任务', 1, 'com.ruoyi.web.controller.system.SysBatchController.execute()', 'POST', 1, 'admin', '研发部门', '/ops/batch/execute', '127.0.0.1', '内网IP', '{"commandContent":"pwd","destPath":"","serverIds":[5],"sourceFile":"","taskName":"pwd","taskType":"1"} ', '{"msg":"任务已提交","code":200,"data":7}', 0, NULL, '2026-02-13T21:19:38', 91);
INSERT INTO `sys_oper_log` VALUES (129, '应用注册', 5, 'com.ruoyi.web.controller.system.OpsAppController.export()', 'POST', 1, 'admin', '研发部门', '/system/app/export', '127.0.0.1', '内网IP', '{"pageSize":"10","pageNum":"1"}', NULL, 0, NULL, '2026-02-13T21:49:19', 3340);
INSERT INTO `sys_oper_log` VALUES (130, '批量任务', 1, 'com.ruoyi.web.controller.system.SysBatchController.execute()', 'POST', 1, 'admin', '研发部门', '/ops/batch/execute', '127.0.0.1', '内网IP', '{"commandContent":"ls","destPath":"","serverIds":[4],"sourceFile":"","taskName":"11","taskType":"1"} ', '{"msg":"任务已提交","code":200,"data":8}', 0, NULL, '2026-02-17T22:57:30', 171);
INSERT INTO `sys_oper_log` VALUES (131, '应用注册', 1, 'com.ruoyi.web.controller.system.OpsAppController.add()', 'POST', 1, 'admin', '研发部门', '/system/app', '127.0.0.1', '内网IP', '{"appId":100,"appName":"测试","appType":"web","createBy":"admin","createTime":"2026-02-17 23:05:36","deployPath":"/home","deptId":100,"monitorPorts":"8083","owner":"admin","params":{},"serverIds":"1","startScript":"/home","status":"0","techStack":"springboot,vue3"} ', '{"msg":"操作成功","code":200}', 0, NULL, '2026-02-17T23:05:36', 104);
INSERT INTO `sys_oper_log` VALUES (132, '菜单管理', 2, 'com.ruoyi.web.controller.system.SysMenuController.edit()', 'PUT', 1, 'admin', '研发部门', '/system/menu', '127.0.0.1', '内网IP', '{"children":[],"component":"ops/deployTemplate/index","createTime":"2026-02-17 23:35:05","icon":"code","isCache":"0","isFrame":"1","menuId":2057,"menuName":"部署模板","menuType":"C","orderNum":4,"params":{},"parentId":0,"path":"deployTemplate","perms":"ops:deployTemplate:list","routeName":"","status":"0","updateBy":"admin","visible":"0"} ', '{"msg":"操作成功","code":200}', 0, NULL, '2026-02-18T08:53:11', 144);
INSERT INTO `sys_oper_log` VALUES (133, '菜单管理', 2, 'com.ruoyi.web.controller.system.SysMenuController.edit()', 'PUT', 1, 'admin', '研发部门', '/system/menu', '127.0.0.1', '内网IP', '{"children":[],"component":"ops/deployTemplate/index","createTime":"2026-02-17 23:35:05","icon":"code","isCache":"0","isFrame":"1","menuId":2057,"menuName":"部署模板","menuType":"C","orderNum":4,"params":{},"parentId":2050,"path":"deployTemplate","perms":"ops:deployTemplate:list","routeName":"","status":"0","updateBy":"admin","visible":"0"} ', '{"msg":"操作成功","code":200}', 0, NULL, '2026-02-18T08:53:29', 70);
INSERT INTO `sys_oper_log` VALUES (134, '部署模板执行', 0, 'com.ruoyi.web.controller.system.OpsDeployTemplateController.deploy()', 'POST', 1, 'admin', '研发部门', '/ops/deployTemplate/1/deploy', '127.0.0.1', '内网IP', '{"appId":"100"}', '{"msg":"操作成功","code":200,"data":1}', 0, NULL, '2026-02-18T09:34:28', 2163);
INSERT INTO `sys_oper_log` VALUES (135, '应用注册', 5, 'com.ruoyi.web.controller.system.OpsAppController.export()', 'POST', 1, 'admin', '研发部门', '/system/app/export', '127.0.0.1', '内网IP', '{"pageSize":"10","pageNum":"1"}', NULL, 0, NULL, '2026-02-18T09:39:50', 2870);
INSERT INTO `sys_oper_log` VALUES (136, '部署模板', 2, 'com.ruoyi.web.controller.system.OpsDeployTemplateController.edit()', 'PUT', 1, 'admin', '研发部门', '/ops/deployTemplate', '127.0.0.1', '内网IP', '{"appType":"Java","builtIn":"1","createBy":"admin","createTime":"2026-02-17 23:27:59","id":1,"params":{},"remark":"系统内置Java应用标准部署流程","scriptContent":"steps:\\n  - name: pull_code\\n    command: git pull\\n  - name: stop_app\\n    command: ./stop.sh\\n  - name: backup\\n    command: cp -r app app_backup_${timestamp}\\n  - name: replace_jar\\n    command: cp target/*.jar app/\\n  - name: start_app\\n    command: ./start.sh\\n  - name: health_check\\n    url: ${health_check_url}\\n    timeout: 30\\n    retry: 3","sha256":"e3b0c44298fc1c149afbf4c8996fb92427ae41e4649b934ca495991b7852b855","status":"1","templateName":"Java标准部署模板","updateBy":"admin","updateTime":"2026-02-18 09:42:57","version":"v1.0.1"} ', '{"msg":"操作成功","code":200}', 0, NULL, '2026-02-18T09:42:57', 97);
INSERT INTO `sys_oper_log` VALUES (137, '部署模板回滚', 2, 'com.ruoyi.web.controller.system.OpsDeployTemplateController.rollback()', 'POST', 1, 'admin', '研发部门', '/ops/deployTemplate/1/rollback', '127.0.0.1', '内网IP', '{"versionId":"1"}', '{"msg":"操作成功","code":200}', 0, NULL, '2026-02-18T09:43:02', 95);
INSERT INTO `sys_oper_log` VALUES (138, '部署模板', 2, 'com.ruoyi.web.controller.system.OpsDeployTemplateController.edit()', 'PUT', 1, 'admin', '研发部门', '/ops/deployTemplate', '127.0.0.1', '内网IP', '{"appType":"Java","builtIn":"1","createBy":"admin","createTime":"2026-02-17 23:27:59","id":1,"params":{},"remark":"系统内置Java应用标准部署流程","scriptContent":"steps:\\n  - name: pull_code\\n    command: git pull\\n  - name: stop_app\\n    command: ./stop.sh\\n  - name: backup\\n    command: cp -r app app_backup_${timestamp}\\n  - name: replace_jar\\n    command: cp target/*.jar app/\\n  - name: start_app\\n    command: ./start.sh\\n  - name: health_check\\n    url: ${health_check_url}\\n    timeout: 30\\n    retry: 3","sha256":"e3b0c44298fc1c149afbf4c8996fb92427ae41e4649b934ca495991b7852b855","status":"0","templateName":"Java标准部署模板","updateBy":"admin","updateTime":"2026-02-18 09:43:09","version":"v1.0.3"} ', '{"msg":"操作成功","code":200}', 0, NULL, '2026-02-18T09:43:09', 70);
INSERT INTO `sys_oper_log` VALUES (139, '部署模板回滚', 2, 'com.ruoyi.web.controller.system.OpsDeployTemplateController.rollback()', 'POST', 1, 'admin', '研发部门', '/ops/deployTemplate/1/rollback', '127.0.0.1', '内网IP', '{"versionId":"1"}', '{"msg":"操作成功","code":200}', 0, NULL, '2026-02-18T09:43:16', 87);
INSERT INTO `sys_oper_log` VALUES (140, '部署模板执行', 0, 'com.ruoyi.web.controller.system.OpsDeployTemplateController.deploy()', 'POST', 1, 'admin', '研发部门', '/ops/deployTemplate/1/deploy', '127.0.0.1', '内网IP', '1 {"appId":100,"params":{}} ', '{"msg":"操作成功","code":200,"data":2}', 0, NULL, '2026-02-18T09:54:34', 155);
INSERT INTO `sys_oper_log` VALUES (141, '应用注册', 2, 'com.ruoyi.web.controller.system.OpsAppController.edit()', 'PUT', 1, 'admin', '研发部门', '/system/app', '127.0.0.1', '内网IP', '{"appId":100,"appName":"测试","appType":"web","createBy":"admin","createTime":"2026-02-17 23:05:36","deployPath":"/home","deptId":100,"description":"","monitorPorts":"8083","owner":"admin","params":{},"serverIds":"1","startScript":"/home","status":"0","stopScript":"","techStack":"springboot,vue3","updateBy":"admin","updateTime":"2026-02-18 09:55:22"} ', '{"msg":"操作成功","code":200}', 0, NULL, '2026-02-18T09:55:22', 75);
INSERT INTO `sys_oper_log` VALUES (142, '部署模板', 2, 'com.ruoyi.web.controller.system.OpsDeployTemplateController.edit()', 'PUT', 1, 'admin', '研发部门', '/ops/deployTemplate', '127.0.0.1', '内网IP', '{"appType":"Java","builtIn":"1","createBy":"admin","createTime":"2026-02-17 23:27:59","id":1,"parameterConfig":"[{\\"name\\":\\"jar\\",\\"label\\":\\"\\",\\"default\\":\\"\\",\\"required\\":true},{\\"name\\":\\"\\",\\"label\\":\\"\\",\\"default\\":\\"\\",\\"required\\":false}]","params":{},"remark":"系统内置Java应用标准部署流程","scriptContent":"steps:\\n  - name: pull_code\\n    command: git pull\\n  - name: stop_app\\n    command: ./stop.sh\\n  - name: backup\\n    command: cp -r app app_backup_${timestamp}\\n  - name: replace_jar\\n    command: cp target/*.jar app/\\n  - name: start_app\\n    command: ./start.sh\\n  - name: health_check\\n    url: ${health_check_url}\\n    timeout: 30\\n    retry: 3","sha256":"e3b0c44298fc1c149afbf4c8996fb92427ae41e4649b934ca495991b7852b855","status":"0","templateName":"Java标准部署模板","updateBy":"admin","updateTime":"2026-02-18 09:56:47","version":"v1.0.5"} ', '{"msg":"操作成功","code":200}', 0, NULL, '2026-02-18T09:56:47', 96);
INSERT INTO `sys_oper_log` VALUES (143, '部署模板', 2, 'com.ruoyi.web.controller.system.OpsDeployTemplateController.edit()', 'PUT', 1, 'admin', '研发部门', '/ops/deployTemplate', '127.0.0.1', '内网IP', '{"appType":"Java","builtIn":"1","createBy":"admin","createTime":"2026-02-17 23:27:59","id":1,"parameterConfig":"[{\\"name\\":\\"jar\\",\\"label\\":\\"\\",\\"default\\":\\"\\",\\"required\\":true},{\\"name\\":\\"\\",\\"label\\":\\"\\",\\"default\\":\\"\\",\\"required\\":false}]","params":{},"remark":"系统内置Java应用标准部署流程","scriptContent":"steps:\\n  - name: pull_code\\n    command: git pull\\n  - name: stop_app\\n    command: ./stop.sh\\n  - name: backup\\n    command: cp -r app app_backup_${timestamp}\\n  - name: replace_jar\\n    command: cp target/*.jar app/\\n  - name: start_app\\n    command: ./start.sh\\n  - name: health_check\\n    url: ${health_check_url}\\n    timeout: 30\\n    retry: 3","sha256":"e3b0c44298fc1c149afbf4c8996fb92427ae41e4649b934ca495991b7852b855","status":"0","templateName":"Java标准部署模板","updateBy":"admin","updateTime":"2026-02-18 09:57:02","version":"v1.0.6"} ', '{"msg":"操作成功","code":200}', 0, NULL, '2026-02-18T09:57:03', 71);
INSERT INTO `sys_oper_log` VALUES (144, '部署模板', 2, 'com.ruoyi.web.controller.system.OpsDeployTemplateController.edit()', 'PUT', 1, 'admin', '研发部门', '/ops/deployTemplate', '127.0.0.1', '内网IP', '{"appType":"Java","builtIn":"1","createBy":"admin","createTime":"2026-02-17 23:27:59","id":1,"parameterConfig":"[{\\"name\\":\\"-\\",\\"label\\":\\"\\",\\"default\\":\\"\\",\\"required\\":true},{\\"name\\":\\"\\",\\"label\\":\\"\\",\\"default\\":\\"\\",\\"required\\":false}]","params":{},"remark":"系统内置Java应用标准部署流程","scriptContent":"steps:\\n  - name: pull_code\\n    command: git pull\\n  - name: stop_app\\n    command: ./stop.sh\\n  - name: backup\\n    command: cp -r app app_backup_${timestamp}\\n  - name: replace_jar\\n    command: cp target/*.jar app/\\n  - name: start_app\\n    command: ./start.sh\\n  - name: health_check\\n    url: ${health_check_url}\\n    timeout: 30\\n    retry: 3","sha256":"e3b0c44298fc1c149afbf4c8996fb92427ae41e4649b934ca495991b7852b855","status":"0","templateName":"Java标准部署模板","updateBy":"admin","updateTime":"2026-02-18 09:57:24","version":"v1.0.7"} ', '{"msg":"操作成功","code":200}', 0, NULL, '2026-02-18T09:57:24', 79);
INSERT INTO `sys_oper_log` VALUES (145, '部署模板执行', 0, 'com.ruoyi.web.controller.system.OpsDeployTemplateController.deploy()', 'POST', 1, 'admin', '研发部门', '/ops/deployTemplate/1/deploy', '127.0.0.1', '内网IP', '1 {"appId":100,"params":{"-":"jar","":""}} ', '{"msg":"操作成功","code":200,"data":3}', 0, NULL, '2026-02-18T09:57:32', 81);
INSERT INTO `sys_oper_log` VALUES (146, '部署模板', 2, 'com.ruoyi.web.controller.system.OpsDeployTemplateController.edit()', 'PUT', 1, 'admin', '研发部门', '/ops/deployTemplate', '127.0.0.1', '内网IP', '{"appType":"Java","builtIn":"1","createBy":"admin","createTime":"2026-02-17 23:27:59","id":1,"parameterConfig":"[{\\"name\\":\\"-\\",\\"label\\":\\"\\",\\"default\\":\\"\\",\\"required\\":true},{\\"name\\":\\"\\",\\"label\\":\\"\\",\\"default\\":\\"\\",\\"required\\":false}]","params":{},"remark":"系统内置Java应用标准部署流程","scriptContent":"steps:\\n  - name: pull_code\\n    command: git pull\\n  - name: stop_app\\n    command: ./stop.sh\\n  - name: backup\\n    command: cp -r app app_backup_${timestamp}\\n  - name: replace_jar\\n    command: cp target/*.jar app/\\n  - name: start_app\\n    command: ./start.sh\\n  - name: health_check\\n    url: ${health_check_url}\\n    timeout: 30\\n    retry: 3","sha256":"e3b0c44298fc1c149afbf4c8996fb92427ae41e4649b934ca495991b7852b855","status":"0","templateName":"Java标准部署模板","updateBy":"admin","updateTime":"2026-02-18 09:58:29","version":"v1.0.8"} ', '{"msg":"操作成功","code":200}', 0, NULL, '2026-02-18T09:58:29', 71);
INSERT INTO `sys_oper_log` VALUES (147, '应用包上传', 1, 'com.ruoyi.web.controller.system.OpsAppController.upload()', 'POST', 1, 'admin', '研发部门', '/system/app/upload', '127.0.0.1', '内网IP', '', NULL, 1, '上传的文件大小超出限制的文件大小！<br/>允许的文件最大大小是：50MB！', '2026-02-18T10:07:44', 17);
INSERT INTO `sys_oper_log` VALUES (148, '应用包上传', 1, 'com.ruoyi.web.controller.system.OpsAppController.upload()', 'POST', 1, 'admin', '研发部门', '/system/app/upload', '127.0.0.1', '内网IP', '', NULL, 1, '文件[minio-0.0.1-SNAPSHOT.jar]后缀[jar]不正确，请上传[bmp, gif, jpg, jpeg, png, doc, docx, xls, xlsx, ppt, pptx, html, htm, txt, rar, zip, gz, bz2, mp4, avi, rmvb, pdf]格式', '2026-02-18T10:09:50', 41);
INSERT INTO `sys_oper_log` VALUES (149, '部署模板', 2, 'com.ruoyi.web.controller.system.OpsDeployTemplateController.edit()', 'PUT', 1, 'admin', '研发部门', '/ops/deployTemplate', '127.0.0.1', '内网IP', '{"appType":"Java","builtIn":"1","createBy":"admin","createTime":"2026-02-17 23:27:59","id":1,"parameterConfig":"[{\\"name\\":\\"-\\",\\"label\\":\\"\\",\\"default\\":\\"\\",\\"required\\":true},{\\"name\\":\\"\\",\\"label\\":\\"\\",\\"default\\":\\"\\",\\"required\\":false}]","params":{},"remark":"系统内置Java应用标准部署流程","scriptContent":"steps:\\n  - name: pull_code\\n    command: git pull\\n  - name: stop_app\\n    command: ./stop.sh\\n  - name: backup\\n    command: cp -r app app_backup_${timestamp}\\n  - name: replace_jar\\n    command: cp target/*.jar app/\\n  - name: start_app\\n    command: ./start.sh\\n  - name: health_check\\n    url: ${health_check_url}\\n    timeout: 30\\n    retry: 3","sha256":"e3b0c44298fc1c149afbf4c8996fb92427ae41e4649b934ca495991b7852b855","status":"0","templateName":"Java标准部署模板","updateBy":"admin","updateTime":"2026-02-18 10:10:27","version":"v1.0.9"} ', '{"msg":"操作成功","code":200}', 0, NULL, '2026-02-18T10:10:27', 266);
INSERT INTO `sys_oper_log` VALUES (150, '应用包上传', 1, 'com.ruoyi.web.controller.system.OpsAppController.upload()', 'POST', 1, 'admin', '研发部门', '/system/app/upload', '127.0.0.1', '内网IP', '', '{"msg":"/profile/upload/2026/02/18/minio-0.0.1-SNAPSHOT_20260218101155A001.jar","code":200}', 0, NULL, '2026-02-18T10:11:57', 1761);
INSERT INTO `sys_oper_log` VALUES (151, '应用注册', 2, 'com.ruoyi.web.controller.system.OpsAppController.edit()', 'PUT', 1, 'admin', '研发部门', '/system/app', '127.0.0.1', '内网IP', '{"appId":100,"appName":"测试","appType":"web","createBy":"admin","createTime":"2026-02-17 23:05:36","deployPath":"/home","deptId":100,"description":"","monitorPorts":"8083","owner":"admin","packagePath":"/profile/upload/2026/02/18/minio-0.0.1-SNAPSHOT_20260218101155A001.jar","params":{},"serverIds":"1","startScript":"/home","status":"0","stopScript":"","techStack":"springboot,vue3,element_plus,mysql","updateBy":"admin","updateTime":"2026-02-18 10:12:11"} ', '{"msg":"操作成功","code":200}', 0, NULL, '2026-02-18T10:12:11', 68);
INSERT INTO `sys_oper_log` VALUES (152, '应用注册', 2, 'com.ruoyi.web.controller.system.OpsAppController.edit()', 'PUT', 1, 'admin', '研发部门', '/system/app', '127.0.0.1', '内网IP', '{"appId":100,"appName":"测试","appType":"web","createBy":"admin","createTime":"2026-02-17 23:05:36","deployPath":"/home","deptId":100,"description":"","monitorPorts":"8083","owner":"admin","packagePath":"/profile/upload/2026/02/18/minio-0.0.1-SNAPSHOT_20260218101155A001.jar","params":{},"serverIds":"4","startScript":"/home","status":"0","stopScript":"","techStack":"springboot,vue3,element_plus,mysql,redis,react","updateBy":"admin","updateTime":"2026-02-18 10:12:38"} ', '{"msg":"操作成功","code":200}', 0, NULL, '2026-02-18T10:12:39', 47);
INSERT INTO `sys_oper_log` VALUES (153, '部署模板', 2, 'com.ruoyi.web.controller.system.OpsDeployTemplateController.edit()', 'PUT', 1, 'admin', '研发部门', '/ops/deployTemplate', '127.0.0.1', '内网IP', '{"appType":"Java","builtIn":"1","createBy":"admin","createTime":"2026-02-17 23:27:59","id":1,"parameterConfig":"[{\\"name\\":\\"\\",\\"label\\":\\"\\",\\"default\\":\\"\\",\\"required\\":false},{\\"name\\":\\"\\",\\"label\\":\\"\\",\\"default\\":\\"\\",\\"required\\":false}]","params":{},"remark":"系统内置Java应用标准部署流程","scriptContent":"steps:\\n  - name: pull_code\\n    command: git pull\\n  - name: stop_app\\n    command: ./stop.sh\\n  - name: backup\\n    command: cp -r app app_backup_${timestamp}\\n  - name: replace_jar\\n    command: cp target/*.jar app/\\n  - name: start_app\\n    command: ./start.sh\\n  - name: health_check\\n    url: ${health_check_url}\\n    timeout: 30\\n    retry: 3","sha256":"e3b0c44298fc1c149afbf4c8996fb92427ae41e4649b934ca495991b7852b855","status":"0","templateName":"Java标准部署模板","updateBy":"admin","updateTime":"2026-02-18 10:13:03","version":"v1.0.10"} ', '{"msg":"操作成功","code":200}', 0, NULL, '2026-02-18T10:13:04', 83);
INSERT INTO `sys_oper_log` VALUES (154, '部署模板', 2, 'com.ruoyi.web.controller.system.OpsDeployTemplateController.edit()', 'PUT', 1, 'admin', '研发部门', '/ops/deployTemplate', '127.0.0.1', '内网IP', '{"appType":"Java","builtIn":"1","createBy":"admin","createTime":"2026-02-17 23:27:59","id":1,"parameterConfig":"[{\\"name\\":\\"\\",\\"label\\":\\"\\",\\"default\\":\\"\\",\\"required\\":false},{\\"name\\":\\"\\",\\"label\\":\\"\\",\\"default\\":\\"\\",\\"required\\":false}]","params":{},"remark":"系统内置Java应用标准部署流程","scriptContent":"steps:\\n  - name: pull_code\\n    command: git pull\\n  - name: stop_app\\n    command: ./stop.sh\\n  - name: backup\\n    command: cp -r app app_backup_${timestamp}\\n  - name: replace_jar\\n    command: cp target/*.jar app/\\n  - name: start_app\\n    command: ./start.sh\\n  - name: health_check\\n    url: ${health_check_url}\\n    timeout: 30\\n    retry: 3","sha256":"e3b0c44298fc1c149afbf4c8996fb92427ae41e4649b934ca495991b7852b855","status":"0","templateName":"Java标准部署模板","updateBy":"admin","updateTime":"2026-02-18 10:13:09","version":"v1.0.11"} ', '{"msg":"操作成功","code":200}', 0, NULL, '2026-02-18T10:13:09', 60);
INSERT INTO `sys_oper_log` VALUES (155, '部署模板执行', 0, 'com.ruoyi.web.controller.system.OpsDeployTemplateController.deploy()', 'POST', 1, 'admin', '研发部门', '/ops/deployTemplate/1/deploy', '127.0.0.1', '内网IP', '1 {"appId":100,"params":{"":""}} ', '{"msg":"操作成功","code":200,"data":4}', 0, NULL, '2026-02-18T10:13:18', 130);
INSERT INTO `sys_oper_log` VALUES (156, '部署模板', 2, 'com.ruoyi.web.controller.system.OpsDeployTemplateController.edit()', 'PUT', 1, 'admin', '研发部门', '/ops/deployTemplate', '127.0.0.1', '内网IP', '{"appType":"Java","builtIn":"1","createBy":"admin","createTime":"2026-02-17 23:27:59","id":1,"parameterConfig":"[]","params":{},"remark":"系统内置Java应用标准部署流程","scriptContent":"steps:\\n  - name: pull_code\\n    command: git pull\\n  - name: stop_app\\n    command: ./stop.sh\\n  - name: backup\\n    command: cp -r app app_backup_${timestamp}\\n  - name: replace_jar\\n    command: cp target/*.jar app/\\n  - name: start_app\\n    command: ./start.sh\\n  - name: health_check\\n    url: ${health_check_url}\\n    timeout: 30\\n    retry: 3","sha256":"e3b0c44298fc1c149afbf4c8996fb92427ae41e4649b934ca495991b7852b855","status":"0","templateName":"Java标准部署模板","updateBy":"admin","updateTime":"2026-02-18 10:36:46","version":"v1.0.12"} ', '{"msg":"操作成功","code":200}', 0, NULL, '2026-02-18T10:36:47', 297);
INSERT INTO `sys_oper_log` VALUES (157, '部署模板执行', 0, 'com.ruoyi.web.controller.system.OpsDeployTemplateController.deploy()', 'POST', 1, 'admin', '研发部门', '/ops/deployTemplate/1/deploy', '127.0.0.1', '内网IP', '1 {"appId":100,"params":{}} ', '{"msg":"操作成功","code":200,"data":5}', 0, NULL, '2026-02-18T10:36:51', 98);
INSERT INTO `sys_oper_log` VALUES (158, '部署模板', 2, 'com.ruoyi.web.controller.system.OpsDeployTemplateController.edit()', 'PUT', 1, 'admin', '研发部门', '/ops/deployTemplate', '127.0.0.1', '内网IP', '{"appType":"Java","builtIn":"1","createBy":"admin","createTime":"2026-02-17 23:27:59","id":1,"parameterConfig":"[]","params":{},"remark":"系统内置Java应用标准部署流程","scriptContent":"steps:\\n  - name: pull_code\\n    command: git pull\\n  - name: stop_app\\n    command: ./stop.sh\\n  - name: backup\\n    command: cp -r app app_backup_${timestamp}\\n  - name: replace_jar\\n    command: cp target/*.jar app/\\n  - name: start_app\\n    command: ./start.sh\\n  - name: health_check\\n    url: ${health_check_url}\\n    timeout: 30\\n    retry: 3","sha256":"e3b0c44298fc1c149afbf4c8996fb92427ae41e4649b934ca495991b7852b855","status":"0","templateName":"Java标准部署模板","updateBy":"admin","updateTime":"2026-02-18 10:48:43","version":"v1.0.13"} ', '{"msg":"操作成功","code":200}', 0, NULL, '2026-02-18T10:48:43', 73);
INSERT INTO `sys_oper_log` VALUES (159, '应用注册', 2, 'com.ruoyi.web.controller.system.OpsAppController.edit()', 'PUT', 1, 'admin', '研发部门', '/system/app', '127.0.0.1', '内网IP', '{"appId":100,"appName":"测试","appType":"web","createBy":"admin","createTime":"2026-02-17 23:05:36","deployPath":"/home","deployTimeout":60,"deptId":101,"description":"","monitorPorts":"8083","owner":"admin","packagePath":"/profile/upload/2026/02/18/minio-0.0.1-SNAPSHOT_20260218101155A001.jar","params":{},"retryCount":0,"serverIds":"4","startScript":"/home","status":"0","stopScript":"","techStack":"springboot,vue3,element_plus,mysql,redis,react","updateBy":"admin","updateTime":"2026-02-18 11:04:38"} ', '{"msg":"操作成功","code":200}', 0, NULL, '2026-02-18T11:04:38', 89);
INSERT INTO `sys_oper_log` VALUES (160, '应用注册', 2, 'com.ruoyi.web.controller.system.OpsAppController.edit()', 'PUT', 1, 'admin', '研发部门', '/system/app', '127.0.0.1', '内网IP', '{"appId":100,"appName":"测试","appType":"web","createBy":"admin","createTime":"2026-02-17 23:05:36","deployPath":"/home","deployTimeout":60,"deptId":101,"description":"","monitorPorts":"8083","owner":"admin","packagePath":"/profile/upload/2026/02/18/minio-0.0.1-SNAPSHOT_20260218101155A001.jar","params":{},"retryCount":0,"serverIds":"4","startScript":"#!/bin/bash\\r\\n# 脚本名称：start_jar.sh\\r\\n# 功能：启动/停止/重启/查看当前目录下的Jar包\\r\\n# 使用方式：./start_jar.sh [start|stop|restart|status]\\r\\n\\r\\n# ======================== 配置项（可根据需求修改）========================\\r\\n# Jar包名称（如果当前目录只有一个jar包，可留空，脚本会自动识别）\\r\\nJAR_NAME=\\"\\"\\r\\n# JVM启动参数（根据服务器配置调整）\\r\\nJVM_OPTS=\\"-Xms512m -Xmx1024m -XX:+UseG1GC -XX:+PrintGCDetails -Xloggc:./gc.log\\"\\r\\n# 日志文件名称（默认输出到当前目录的app.log）\\r\\nLOG_FILE=\\"./app.log\\"\\r\\n# 端口号（可选，配置后启动前会检查端口是否被占用）\\r\\nPORT=\\"\\"\\r\\n# ========================================================================\\r\\n\\r\\n# 自动识别当前目录下的jar包（如果未配置JAR_NAME）\\r\\nif [ -z \\"$JAR_NAME\\" ]; then\\r\\n    JAR_LIST=($(ls -1 *.jar 2&gt;/dev/null))\\r\\n    if [ ${#JAR_LIST[@]} -eq 0 ]; then\\r\\n        echo \\"【错误】当前目录未找到任何Jar包！\\"\\r\\n        exit 1\\r\\n    elif [ ${#JAR_LIST[@]} -gt 1 ]; then\\r\\n        echo \\"【错误】当前目录存在多个Jar包，请手动配置JAR_NAME变量：\\"\\r\\n        for jar in \\"${JAR_LIST[@]}\\"; do\\r\\n            echo \\" - $jar\\"\\r\\n        done\\r\\n        exit 1\\r\\n    else\\r\\n        JAR_NAME=${JAR_LIST[0]}\\r\\n        echo \\"【提示】自动识别到Jar包：$JAR_NAME\\"\\r\\n    fi\\r\\nfi\\r\\n\\r\\n# 检查Jar包是否存在\\r\\nif [ ! -f \\"$JAR_NAME\\" ]; then\\r\\n    echo \\"【错误】Jar包 $JAR_NAME 不存在！\\"\\r\\n    exit 1\\r\\nfi\\r\\n\\r\\n# 获取进程ID\\r\\nget_pid() {\\r\\n    PID=$(ps -ef | grep \\"$JAR_NAME\\" | grep -v grep | grep -v \\"$0\\" | awk \'{print $2}\')\\r\\n}\\r\\n\\r\\n# 检查端口是否被占用\\r\\ncheck_port() {\\r\\n    if [ -n \\"$PORT\\" ]; then\\r\\n        PORT_PID=$(lsof -i:\\"$PORT\\" -t 2&gt;/dev/null)\\r\\n        if [ -n \\"$PORT_PID\\" ]; then\\r\\n            echo \\"【错误】端口 $PORT 已被进程 $PORT_PID 占用！\\"\\r\\n            exit 1\\r\\n        fi\\r\\n    fi\\r\\n}\\r\\n\\r\\n# 启动函数\\r\\nstart() {\\r\\n    get_pid\\r\\n    if [ -n \\"$', '{"msg":"操作成功","code":200}', 0, NULL, '2026-02-18T11:06:23', 113);
INSERT INTO `sys_oper_log` VALUES (161, '应用注册', 2, 'com.ruoyi.web.controller.system.OpsAppController.edit()', 'PUT', 1, 'admin', '研发部门', '/system/app', '127.0.0.1', '内网IP', '{"appId":100,"appName":"测试","appType":"web","createBy":"admin","createTime":"2026-02-17 23:05:36","deployPath":"/home","deployTimeout":60,"deptId":101,"description":"","monitorPorts":"8083","owner":"admin","packagePath":"/profile/upload/2026/02/18/minio-0.0.1-SNAPSHOT_20260218101155A001.jar","params":{},"retryCount":0,"serverIds":"4","startScript":"#!/bin/bash\\r\\n# 脚本名称：start_jar.sh\\r\\n# 功能：启动/停止/重启/查看当前目录下的Jar包\\r\\n# 使用方式：./start_jar.sh [start|stop|restart|status]\\r\\n\\r\\n# ======================== 配置项（可根据需求修改）========================\\r\\n# Jar包名称（如果当前目录只有一个jar包，可留空，脚本会自动识别）\\r\\nJAR_NAME=\\"\\"\\r\\n# JVM启动参数（根据服务器配置调整）\\r\\nJVM_OPTS=\\"-Xms512m -Xmx1024m -XX:+UseG1GC -XX:+PrintGCDetails -Xloggc:./gc.log\\"\\r\\n# 日志文件名称（默认输出到当前目录的app.log）\\r\\nLOG_FILE=\\"./app.log\\"\\r\\n# 端口号（可选，配置后启动前会检查端口是否被占用）\\r\\nPORT=\\"\\"\\r\\n# ========================================================================\\r\\n\\r\\n# 自动识别当前目录下的jar包（如果未配置JAR_NAME）\\r\\nif [ -z \\"$JAR_NAME\\" ]; then\\r\\n    JAR_LIST=($(ls -1 *.jar 2&gt;/dev/null))\\r\\n    if [ ${#JAR_LIST[@]} -eq 0 ]; then\\r\\n        echo \\"【错误】当前目录未找到任何Jar包！\\"\\r\\n        exit 1\\r\\n    elif [ ${#JAR_LIST[@]} -gt 1 ]; then\\r\\n        echo \\"【错误】当前目录存在多个Jar包，请手动配置JAR_NAME变量：\\"\\r\\n        for jar in \\"${JAR_LIST[@]}\\"; do\\r\\n            echo \\" - $jar\\"\\r\\n        done\\r\\n        exit 1\\r\\n    else\\r\\n        JAR_NAME=${JAR_LIST[0]}\\r\\n        echo \\"【提示】自动识别到Jar包：$JAR_NAME\\"\\r\\n    fi\\r\\nfi\\r\\n\\r\\n# 检查Jar包是否存在\\r\\nif [ ! -f \\"$JAR_NAME\\" ]; then\\r\\n    echo \\"【错误】Jar包 $JAR_NAME 不存在！\\"\\r\\n    exit 1\\r\\nfi\\r\\n\\r\\n# 获取进程ID\\r\\nget_pid() {\\r\\n    PID=$(ps -ef | grep \\"$JAR_NAME\\" | grep -v grep | grep -v \\"$0\\" | awk \'{print $2}\')\\r\\n}\\r\\n\\r\\n# 检查端口是否被占用\\r\\ncheck_port() {\\r\\n    if [ -n \\"$PORT\\" ]; then\\r\\n        PORT_PID=$(lsof -i:\\"$PORT\\" -t 2&gt;/dev/null)\\r\\n        if [ -n \\"$PORT_PID\\" ]; then\\r\\n            echo \\"【错误】端口 $PORT 已被进程 $PORT_PID 占用！\\"\\r\\n            exit 1\\r\\n        fi\\r\\n    fi\\r\\n}\\r\\n\\r\\n# 启动函数\\r\\nstart() {\\r\\n    get_pid\\r\\n    if [ -n \\"$', '{"msg":"操作成功","code":200}', 0, NULL, '2026-02-18T11:07:03', 53);
INSERT INTO `sys_oper_log` VALUES (162, '应用注册', 2, 'com.ruoyi.web.controller.system.OpsAppController.edit()', 'PUT', 1, 'admin', '研发部门', '/system/app', '127.0.0.1', '内网IP', '{"appId":100,"appName":"测试","appType":"web","createBy":"admin","createTime":"2026-02-17 23:05:36","deployPath":"/home","deployTimeout":60,"deptId":101,"description":"","monitorPorts":"8083","owner":"admin","packagePath":"/profile/upload/2026/02/18/minio-0.0.1-SNAPSHOT_20260218101155A001.jar","params":{},"retryCount":1,"serverIds":"4","startScript":"#!/bin/bash\\r\\n# 脚本名称：start_jar.sh\\r\\n# 功能：启动/停止/重启/查看当前目录下的Jar包\\r\\n# 使用方式：./start_jar.sh [start|stop|restart|status]\\r\\n\\r\\n# ======================== 配置项（可根据需求修改）========================\\r\\n# Jar包名称（如果当前目录只有一个jar包，可留空，脚本会自动识别）\\r\\nJAR_NAME=\\"\\"\\r\\n# JVM启动参数（根据服务器配置调整）\\r\\nJVM_OPTS=\\"-Xms512m -Xmx1024m -XX:+UseG1GC -XX:+PrintGCDetails -Xloggc:./gc.log\\"\\r\\n# 日志文件名称（默认输出到当前目录的app.log）\\r\\nLOG_FILE=\\"./app.log\\"\\r\\n# 端口号（可选，配置后启动前会检查端口是否被占用）\\r\\nPORT=\\"\\"\\r\\n# ========================================================================\\r\\n\\r\\n# 自动识别当前目录下的jar包（如果未配置JAR_NAME）\\r\\nif [ -z \\"$JAR_NAME\\" ]; then\\r\\n    JAR_LIST=($(ls -1 *.jar 2&gt;/dev/null))\\r\\n    if [ ${#JAR_LIST[@]} -eq 0 ]; then\\r\\n        echo \\"【错误】当前目录未找到任何Jar包！\\"\\r\\n        exit 1\\r\\n    elif [ ${#JAR_LIST[@]} -gt 1 ]; then\\r\\n        echo \\"【错误】当前目录存在多个Jar包，请手动配置JAR_NAME变量：\\"\\r\\n        for jar in \\"${JAR_LIST[@]}\\"; do\\r\\n            echo \\" - $jar\\"\\r\\n        done\\r\\n        exit 1\\r\\n    else\\r\\n        JAR_NAME=${JAR_LIST[0]}\\r\\n        echo \\"【提示】自动识别到Jar包：$JAR_NAME\\"\\r\\n    fi\\r\\nfi\\r\\n\\r\\n# 检查Jar包是否存在\\r\\nif [ ! -f \\"$JAR_NAME\\" ]; then\\r\\n    echo \\"【错误】Jar包 $JAR_NAME 不存在！\\"\\r\\n    exit 1\\r\\nfi\\r\\n\\r\\n# 获取进程ID\\r\\nget_pid() {\\r\\n    PID=$(ps -ef | grep \\"$JAR_NAME\\" | grep -v grep | grep -v \\"$0\\" | awk \'{print $2}\')\\r\\n}\\r\\n\\r\\n# 检查端口是否被占用\\r\\ncheck_port() {\\r\\n    if [ -n \\"$PORT\\" ]; then\\r\\n        PORT_PID=$(lsof -i:\\"$PORT\\" -t 2&gt;/dev/null)\\r\\n        if [ -n \\"$PORT_PID\\" ]; then\\r\\n            echo \\"【错误】端口 $PORT 已被进程 $PORT_PID 占用！\\"\\r\\n            exit 1\\r\\n        fi\\r\\n    fi\\r\\n}\\r\\n\\r\\n# 启动函数\\r\\nstart() {\\r\\n    get_pid\\r\\n    if [ -n \\"$', '{"msg":"操作成功","code":200}', 0, NULL, '2026-02-18T11:07:14', 55);
INSERT INTO `sys_oper_log` VALUES (163, '应用注册', 2, 'com.ruoyi.web.controller.system.OpsAppController.edit()', 'PUT', 1, 'admin', '研发部门', '/system/app', '127.0.0.1', '内网IP', '{"appId":100,"appName":"测试","appType":"web","createBy":"admin","createTime":"2026-02-17 23:05:36","deployPath":"/home","deployTimeout":60,"deptId":101,"description":"","healthCheckUrl":" http://localhost:8080/health","monitorPorts":"8083","owner":"admin","packagePath":"/profile/upload/2026/02/18/minio-0.0.1-SNAPSHOT_20260218101155A001.jar","params":{},"retryCount":1,"serverIds":"4","startScript":"#!/bin/bash\\r\\n# 脚本名称：start_jar.sh\\r\\n# 功能：启动/停止/重启/查看当前目录下的Jar包\\r\\n# 使用方式：./start_jar.sh [start|stop|restart|status]\\r\\n\\r\\n# ======================== 配置项（可根据需求修改）========================\\r\\n# Jar包名称（如果当前目录只有一个jar包，可留空，脚本会自动识别）\\r\\nJAR_NAME=\\"\\"\\r\\n# JVM启动参数（根据服务器配置调整）\\r\\nJVM_OPTS=\\"-Xms512m -Xmx1024m -XX:+UseG1GC -XX:+PrintGCDetails -Xloggc:./gc.log\\"\\r\\n# 日志文件名称（默认输出到当前目录的app.log）\\r\\nLOG_FILE=\\"./app.log\\"\\r\\n# 端口号（可选，配置后启动前会检查端口是否被占用）\\r\\nPORT=\\"\\"\\r\\n# ========================================================================\\r\\n\\r\\n# 自动识别当前目录下的jar包（如果未配置JAR_NAME）\\r\\nif [ -z \\"$JAR_NAME\\" ]; then\\r\\n    JAR_LIST=($(ls -1 *.jar 2&gt;/dev/null))\\r\\n    if [ ${#JAR_LIST[@]} -eq 0 ]; then\\r\\n        echo \\"【错误】当前目录未找到任何Jar包！\\"\\r\\n        exit 1\\r\\n    elif [ ${#JAR_LIST[@]} -gt 1 ]; then\\r\\n        echo \\"【错误】当前目录存在多个Jar包，请手动配置JAR_NAME变量：\\"\\r\\n        for jar in \\"${JAR_LIST[@]}\\"; do\\r\\n            echo \\" - $jar\\"\\r\\n        done\\r\\n        exit 1\\r\\n    else\\r\\n        JAR_NAME=${JAR_LIST[0]}\\r\\n        echo \\"【提示】自动识别到Jar包：$JAR_NAME\\"\\r\\n    fi\\r\\nfi\\r\\n\\r\\n# 检查Jar包是否存在\\r\\nif [ ! -f \\"$JAR_NAME\\" ]; then\\r\\n    echo \\"【错误】Jar包 $JAR_NAME 不存在！\\"\\r\\n    exit 1\\r\\nfi\\r\\n\\r\\n# 获取进程ID\\r\\nget_pid() {\\r\\n    PID=$(ps -ef | grep \\"$JAR_NAME\\" | grep -v grep | grep -v \\"$0\\" | awk \'{print $2}\')\\r\\n}\\r\\n\\r\\n# 检查端口是否被占用\\r\\ncheck_port() {\\r\\n    if [ -n \\"$PORT\\" ]; then\\r\\n        PORT_PID=$(lsof -i:\\"$PORT\\" -t 2&gt;/dev/null)\\r\\n        if [ -n \\"$PORT_PID\\" ]; then\\r\\n            echo \\"【错误】端口 $PORT 已被进程 $PORT_PID 占用！\\"\\r\\n            exit 1\\r\\n        fi\\r\\n    fi\\r\\n}\\r\\n\\r\\n# 启动', '{"msg":"操作成功","code":200}', 0, NULL, '2026-02-18T11:10:24', 64);
INSERT INTO `sys_oper_log` VALUES (164, '部署模板文档上传', 1, 'com.ruoyi.web.controller.system.OpsDeployDocController.upload()', 'POST', 1, 'admin', '研发部门', '/ops/deployDoc/upload', '127.0.0.1', '内网IP', '{"templateId":"1","version":"v1.0.13"}', '{"msg":"操作成功","code":200,"data":{"createBy":"admin","createTime":"2026-02-18 11:21:16","docId":100,"docName":"附件3-1-1-2_人民银行征信系统数据采集规范 个人基本信息.pdf","docPath":"/profile/upload/2026/02/18/附件3-1-1-2_人民银行征信系统数据采集规范 个人基本信息_20260218112116A001.pdf","docType":"pdf","fileSize":2271991,"params":{},"templateId":1,"version":"v1.0.13"}}', 0, NULL, '2026-02-18T11:21:16', 358);
INSERT INTO `sys_oper_log` VALUES (165, 'Release Apply', 1, 'com.ruoyi.web.controller.system.OpsReleaseApplyController.add()', 'POST', 1, 'admin', '研发部门', '/ops/release', '127.0.0.1', '内网IP', '{"appId":100,"createTime":"2026-02-18 11:23:42","description":"","id":1,"params":{},"scriptContent":"steps:\\n  - name: start_app\\n    command: ./start.sh\\n","status":"1","templateId":1,"title":"Java标准部署模板 - 发布 - 2026年2月18日 上午11:23:27","version":"v1771385007680"} ', '{"msg":"操作成功","code":200}', 0, NULL, '2026-02-18T11:23:42', 54);
INSERT INTO `sys_oper_log` VALUES (166, 'Release Audit', 2, 'com.ruoyi.web.controller.system.OpsReleaseApplyController.audit()', 'PUT', 1, 'admin', '研发部门', '/ops/release/audit', '127.0.0.1', '内网IP', '{"auditReason":"","auditTime":"2026-02-18 11:23:57","id":1,"params":{},"status":"2"} ', '{"msg":"操作成功","code":200}', 0, NULL, '2026-02-18T11:23:57', 24);
INSERT INTO `sys_oper_log` VALUES (167, 'Execute Release', 0, 'com.ruoyi.web.controller.system.OpsReleaseApplyController.execute()', 'POST', 1, 'admin', '研发部门', '/ops/release/execute/1', '127.0.0.1', '内网IP', '1 ', '{"msg":"操作成功","code":200}', 0, NULL, '2026-02-18T11:24:01', 90);
INSERT INTO `sys_oper_log` VALUES (168, 'Release Apply', 1, 'com.ruoyi.web.controller.system.OpsReleaseApplyController.add()', 'POST', 1, 'admin', '研发部门', '/ops/release', '127.0.0.1', '内网IP', '{"appId":100,"createTime":"2026-02-18 11:34:02","description":"测试发布流程","id":2,"params":{},"scriptContent":"steps:\\n  - name: start_app\\n    command: ./start.sh\\n","status":"1","templateId":1,"title":"Java标准部署模板 - 发布 - 2026年2月18日 上午11:33:07","version":"v1771385587302"} ', '{"msg":"操作成功","code":200}', 0, NULL, '2026-02-18T11:34:02', 25);
INSERT INTO `sys_oper_log` VALUES (169, '审批流程配置', 1, 'com.ruoyi.web.controller.system.OpsApprovalConfigController.add()', 'POST', 1, 'admin', '研发部门', '/ops/approvalConfig', '127.0.0.1', '内网IP', '{"appId":0,"approverId":1,"approverType":"role","createBy":"admin","createTime":"2026-02-18 11:47:31","env":"test","id":1,"params":{},"step":1} ', '{"msg":"操作成功","code":200}', 0, NULL, '2026-02-18T11:47:31', 55);
INSERT INTO `sys_oper_log` VALUES (170, 'Release Audit', 2, 'com.ruoyi.web.controller.system.OpsReleaseApplyController.audit()', 'PUT', 1, 'admin', '研发部门', '/ops/release/audit', '127.0.0.1', '内网IP', '{"auditReason":"","id":2,"params":{},"status":"2"} ', '{"msg":"操作成功","code":200}', 0, NULL, '2026-02-18T13:23:37', 128);
INSERT INTO `sys_oper_log` VALUES (171, 'Execute Release', 0, 'com.ruoyi.web.controller.system.OpsReleaseApplyController.execute()', 'POST', 1, 'admin', '研发部门', '/ops/release/execute/2', '127.0.0.1', '内网IP', '2 ', '{"msg":"操作成功","code":200}', 0, NULL, '2026-02-18T13:23:41', 169);
INSERT INTO `sys_oper_log` VALUES (172, 'Release Apply', 1, 'com.ruoyi.web.controller.system.OpsReleaseApplyController.add()', 'POST', 1, 'admin', '研发部门', '/ops/release', '127.0.0.1', '内网IP', '{"appId":100,"approvalStatus":"2","createTime":"2026-02-18 13:30:40","currentStep":0,"description":"","environment":"prod","id":3,"params":{},"scriptContent":"steps:\\n  - name: pull_code\\n    command: git pull\\n  - name: backup\\n    command: cp -r app app_backup_${timestamp}\\n  - name: replace_jar\\n    command: cp target/*.jar app/\\n  - name: start_app\\n    command: ./start.sh\\n  - name: health_check\\n    url: ${health_check_url}\\n    timeout: 30\\n    retry: 3\\n","status":"2","templateId":1,"title":"Java标准部署模板 - 发布 - 2026年2月18日 下午1:30:34","totalSteps":0,"version":"v1771392634372"} ', '{"msg":"操作成功","code":200}', 0, NULL, '2026-02-18T13:30:40', 204);
INSERT INTO `sys_oper_log` VALUES (173, 'Execute Release', 0, 'com.ruoyi.web.controller.system.OpsReleaseApplyController.execute()', 'POST', 1, 'admin', '研发部门', '/ops/release/execute/3', '127.0.0.1', '内网IP', '3 ', '{"msg":"操作成功","code":200}', 0, NULL, '2026-02-18T13:30:52', 197);
INSERT INTO `sys_oper_log` VALUES (174, 'Release Apply', 3, 'com.ruoyi.web.controller.system.OpsReleaseApplyController.remove()', 'DELETE', 1, 'admin', '研发部门', '/ops/release/1,2,3', '127.0.0.1', '内网IP', '[1,2,3] ', '{"msg":"操作成功","code":200}', 0, NULL, '2026-02-18T13:33:49', 92);
INSERT INTO `sys_oper_log` VALUES (175, '审批流程配置', 3, 'com.ruoyi.web.controller.system.OpsApprovalConfigController.remove()', 'DELETE', 1, 'admin', '研发部门', '/ops/approvalConfig/1,2,3', '127.0.0.1', '内网IP', '[1,2,3] ', '{"msg":"操作成功","code":200}', 0, NULL, '2026-02-18T13:33:59', 21);
INSERT INTO `sys_oper_log` VALUES (176, 'Release Apply', 1, 'com.ruoyi.web.controller.system.OpsReleaseApplyController.add()', 'POST', 1, 'admin', '研发部门', '/ops/release', '127.0.0.1', '内网IP', '{"appId":100,"approvalStatus":"2","createTime":"2026-02-18 13:34:09","currentStep":0,"description":"","environment":"prod","id":4,"params":{},"scriptContent":"steps:\\n  - name: stop_app\\n    command: ./stop.sh\\n  - name: backup\\n    command: cp -r app app_backup_${timestamp}\\n  - name: replace_jar\\n    command: cp target/*.jar app/\\n  - name: start_app\\n    command: ./start.sh\\n","status":"2","templateId":1,"title":"Java标准部署模板 - 发布 - 2026年2月18日 下午1:34:02","totalSteps":0,"version":"v1771392842480"} ', '{"msg":"操作成功","code":200}', 0, NULL, '2026-02-18T13:34:09', 143);
INSERT INTO `sys_oper_log` VALUES (177, '审批流程配置', 1, 'com.ruoyi.web.controller.system.OpsApprovalConfigController.add()', 'POST', 1, 'admin', '研发部门', '/ops/approvalConfig', '127.0.0.1', '内网IP', '{"appId":100,"approverId":1,"approverType":"role","createBy":"admin","createTime":"2026-02-18 13:34:28","env":"prod","id":4,"params":{},"step":1} ', '{"msg":"操作成功","code":200}', 0, NULL, '2026-02-18T13:34:29', 45);
INSERT INTO `sys_oper_log` VALUES (178, '审批流程配置', 2, 'com.ruoyi.web.controller.system.OpsApprovalConfigController.edit()', 'PUT', 1, 'admin', '研发部门', '/ops/approvalConfig', '127.0.0.1', '内网IP', '{"appId":100,"approverId":2,"approverType":"role","createBy":"admin","createTime":"2026-02-18 13:34:29","env":"prod","id":4,"params":{},"step":1,"updateBy":"admin","updateTime":"2026-02-18 13:34:45"} ', '{"msg":"操作成功","code":200}', 0, NULL, '2026-02-18T13:34:45', 25);
INSERT INTO `sys_oper_log` VALUES (179, 'Execute Release', 0, 'com.ruoyi.web.controller.system.OpsReleaseApplyController.execute()', 'POST', 1, 'admin', '研发部门', '/ops/release/execute/4', '127.0.0.1', '内网IP', '4 ', '{"msg":"操作成功","code":200}', 0, NULL, '2026-02-18T13:34:52', 203);
INSERT INTO `sys_oper_log` VALUES (180, '审批流程配置', 1, 'com.ruoyi.web.controller.system.OpsApprovalConfigController.add()', 'POST', 1, 'admin', '研发部门', '/ops/approvalConfig', '127.0.0.1', '内网IP', '{"appId":0,"approverId":1,"approverType":"user","createBy":"admin","createTime":"2026-02-18 13:38:17","env":"prod","id":5,"params":{},"step":1} ', '{"msg":"操作成功","code":200}', 0, NULL, '2026-02-18T13:38:17', 13);
INSERT INTO `sys_oper_log` VALUES (181, 'Release Apply', 1, 'com.ruoyi.web.controller.system.OpsReleaseApplyController.add()', 'POST', 1, 'admin', '研发部门', '/ops/release', '127.0.0.1', '内网IP', '{"appId":100,"approvalStatus":"1","createTime":"2026-02-18 13:38:38","currentStep":1,"description":"","environment":"prod","id":5,"params":{},"scriptContent":"steps:\\n  - name: pull_code\\n    command: git pull\\n  - name: stop_app\\n    command: ./stop.sh\\n  - name: backup\\n    command: cp -r app app_backup_${timestamp}\\n  - name: replace_jar\\n    command: cp target/*.jar app/\\n  - name: start_app\\n    command: ./start.sh\\n  - name: health_check\\n    url: ${health_check_url}\\n    timeout: 30\\n    retry: 3","status":"1","templateId":1,"title":"Java标准部署模板 - 发布 - 2026年2月18日 下午1:38:33","totalSteps":1,"version":"v1771393113528"} ', NULL, 1, '\r\n### Error updating database.  Cause: java.sql.SQLSyntaxErrorException: Unknown column \'TASK_DEF_ID_\' in \'field list\'\r\n### The error may exist in org/flowable/task/service/db/mapping/entity/HistoricTaskInstance.xml\r\n### The error may involve org.flowable.task.service.impl.persistence.entity.HistoricTaskInstanceEntityImpl.insertHistoricTaskInstance-Inline\r\n### The error occurred while setting parameters\r\n### SQL: insert into ACT_HI_TASKINST (         ID_,         REV_,         TASK_DEF_ID_,         PROC_DEF_ID_,         PROC_INST_ID_,         EXECUTION_ID_,         SCOPE_ID_,         SUB_SCOPE_ID_,         SCOPE_TYPE_,         SCOPE_DEFINITION_ID_,         PROPAGATED_STAGE_INST_ID_,         NAME_,         PARENT_TASK_ID_,         DESCRIPTION_,         OWNER_,         ASSIGNEE_,         START_TIME_,         CLAIM_TIME_,         END_TIME_,         DURATION_,         DELETE_REASON_,         TASK_DEF_KEY_,         FORM_KEY_,         PRIORITY_,         DUE_DATE_,         CATEGORY_,         TENANT_ID_,         LAST_UPDATED_TIME_       ) values (         ?,         1, ?,         ?,         ?,         ?,         ?,         ?,         ?,         ?,         ?,         ?,         ?,         ?,         ?,         ?,         ?,         ?,         ?,         ?,         ?,         ?,         ?,         ?,         ?,         ?,         ?,         ?       )\r\n### Cause: java.sql.SQLSyntaxErrorException: Unknown column \'TASK_DEF_ID_\' in \'field list\'', '2026-02-18T13:38:39', 1285);
INSERT INTO `sys_oper_log` VALUES (182, 'Release Apply', 1, 'com.ruoyi.web.controller.system.OpsReleaseApplyController.add()', 'POST', 1, 'admin', '研发部门', '/ops/release', '127.0.0.1', '内网IP', '{"appId":100,"approvalStatus":"1","createTime":"2026-02-18 13:38:45","currentStep":1,"description":"","environment":"prod","id":6,"params":{},"scriptContent":"steps:\\n  - name: stop_app\\n    command: ./stop.sh\\n  - name: backup\\n    command: cp -r app app_backup_${timestamp}\\n  - name: replace_jar\\n    command: cp target/*.jar app/\\n  - name: start_app\\n    command: ./start.sh\\n  - name: health_check\\n    url: ${health_check_url}\\n    timeout: 30\\n    retry: 3\\n","status":"1","templateId":1,"title":"Java标准部署模板 - 发布 - 2026年2月18日 下午1:38:33","totalSteps":1,"version":"v1771393113528"} ', NULL, 1, '\r\n### Error updating database.  Cause: java.sql.SQLSyntaxErrorException: Unknown column \'TASK_DEF_ID_\' in \'field list\'\r\n### The error may exist in org/flowable/task/service/db/mapping/entity/HistoricTaskInstance.xml\r\n### The error may involve org.flowable.task.service.impl.persistence.entity.HistoricTaskInstanceEntityImpl.insertHistoricTaskInstance-Inline\r\n### The error occurred while setting parameters\r\n### SQL: insert into ACT_HI_TASKINST (         ID_,         REV_,         TASK_DEF_ID_,         PROC_DEF_ID_,         PROC_INST_ID_,         EXECUTION_ID_,         SCOPE_ID_,         SUB_SCOPE_ID_,         SCOPE_TYPE_,         SCOPE_DEFINITION_ID_,         PROPAGATED_STAGE_INST_ID_,         NAME_,         PARENT_TASK_ID_,         DESCRIPTION_,         OWNER_,         ASSIGNEE_,         START_TIME_,         CLAIM_TIME_,         END_TIME_,         DURATION_,         DELETE_REASON_,         TASK_DEF_KEY_,         FORM_KEY_,         PRIORITY_,         DUE_DATE_,         CATEGORY_,         TENANT_ID_,         LAST_UPDATED_TIME_       ) values (         ?,         1, ?,         ?,         ?,         ?,         ?,         ?,         ?,         ?,         ?,         ?,         ?,         ?,         ?,         ?,         ?,         ?,         ?,         ?,         ?,         ?,         ?,         ?,         ?,         ?,         ?,         ?       )\r\n### Cause: java.sql.SQLSyntaxErrorException: Unknown column \'TASK_DEF_ID_\' in \'field list\'', '2026-02-18T13:38:45', 364);
INSERT INTO `sys_oper_log` VALUES (183, 'Release Apply', 1, 'com.ruoyi.web.controller.system.OpsReleaseApplyController.add()', 'POST', 1, 'admin', '研发部门', '/ops/release', '127.0.0.1', '内网IP', '{"appId":100,"approvalStatus":"1","createTime":"2026-02-18 13:41:19","currentStep":1,"description":"","environment":"prod","id":7,"params":{},"scriptContent":"steps:\\n  - name: pull_code\\n    command: git pull\\n  - name: stop_app\\n    command: ./stop.sh\\n  - name: backup\\n    command: cp -r app app_backup_${timestamp}\\n  - name: replace_jar\\n    command: cp target/*.jar app/\\n  - name: start_app\\n    command: ./start.sh\\n  - name: health_check\\n    url: ${health_check_url}\\n    timeout: 30\\n    retry: 3","status":"1","templateId":1,"title":"Java标准部署模板 - 发布 - 2026年2月18日 下午1:41:13","totalSteps":1,"version":"v1771393273001"} ', NULL, 1, '\r\n### Error updating database.  Cause: java.sql.SQLSyntaxErrorException: Unknown column \'TASK_DEF_ID_\' in \'field list\'\r\n### The error may exist in org/flowable/task/service/db/mapping/entity/HistoricTaskInstance.xml\r\n### The error may involve org.flowable.task.service.impl.persistence.entity.HistoricTaskInstanceEntityImpl.insertHistoricTaskInstance-Inline\r\n### The error occurred while setting parameters\r\n### SQL: insert into ACT_HI_TASKINST (         ID_,         REV_,         TASK_DEF_ID_,         PROC_DEF_ID_,         PROC_INST_ID_,         EXECUTION_ID_,         SCOPE_ID_,         SUB_SCOPE_ID_,         SCOPE_TYPE_,         SCOPE_DEFINITION_ID_,         PROPAGATED_STAGE_INST_ID_,         NAME_,         PARENT_TASK_ID_,         DESCRIPTION_,         OWNER_,         ASSIGNEE_,         START_TIME_,         CLAIM_TIME_,         END_TIME_,         DURATION_,         DELETE_REASON_,         TASK_DEF_KEY_,         FORM_KEY_,         PRIORITY_,         DUE_DATE_,         CATEGORY_,         TENANT_ID_,         LAST_UPDATED_TIME_       ) values (         ?,         1, ?,         ?,         ?,         ?,         ?,         ?,         ?,         ?,         ?,         ?,         ?,         ?,         ?,         ?,         ?,         ?,         ?,         ?,         ?,         ?,         ?,         ?,         ?,         ?,         ?,         ?       )\r\n### Cause: java.sql.SQLSyntaxErrorException: Unknown column \'TASK_DEF_ID_\' in \'field list\'', '2026-02-18T13:41:20', 350);
INSERT INTO `sys_oper_log` VALUES (184, 'Release Apply', 1, 'com.ruoyi.web.controller.system.OpsReleaseApplyController.add()', 'POST', 1, 'admin', '研发部门', '/ops/release', '127.0.0.1', '内网IP', '{"appId":100,"approvalStatus":"1","createTime":"2026-02-18 13:42:00","currentStep":1,"description":"","environment":"prod","id":8,"params":{},"scriptContent":"steps:\\n  - name: stop_app\\n    command: ./stop.sh\\n  - name: backup\\n    command: cp -r app app_backup_${timestamp}\\n  - name: replace_jar\\n    command: cp target/*.jar app/\\n  - name: start_app\\n    command: ./start.sh\\n  - name: health_check\\n    url: ${health_check_url}\\n    timeout: 30\\n    retry: 3\\n","status":"1","templateId":1,"title":"Java标准部署模板 - 发布 - 2026年2月18日 下午1:41:13","totalSteps":1,"version":"v1771393273001"} ', NULL, 1, '\r\n### Error updating database.  Cause: java.sql.SQLSyntaxErrorException: Unknown column \'TASK_DEF_ID_\' in \'field list\'\r\n### The error may exist in org/flowable/task/service/db/mapping/entity/HistoricTaskInstance.xml\r\n### The error may involve org.flowable.task.service.impl.persistence.entity.HistoricTaskInstanceEntityImpl.insertHistoricTaskInstance-Inline\r\n### The error occurred while setting parameters\r\n### SQL: insert into ACT_HI_TASKINST (         ID_,         REV_,         TASK_DEF_ID_,         PROC_DEF_ID_,         PROC_INST_ID_,         EXECUTION_ID_,         SCOPE_ID_,         SUB_SCOPE_ID_,         SCOPE_TYPE_,         SCOPE_DEFINITION_ID_,         PROPAGATED_STAGE_INST_ID_,         NAME_,         PARENT_TASK_ID_,         DESCRIPTION_,         OWNER_,         ASSIGNEE_,         START_TIME_,         CLAIM_TIME_,         END_TIME_,         DURATION_,         DELETE_REASON_,         TASK_DEF_KEY_,         FORM_KEY_,         PRIORITY_,         DUE_DATE_,         CATEGORY_,         TENANT_ID_,         LAST_UPDATED_TIME_       ) values (         ?,         1, ?,         ?,         ?,         ?,         ?,         ?,         ?,         ?,         ?,         ?,         ?,         ?,         ?,         ?,         ?,         ?,         ?,         ?,         ?,         ?,         ?,         ?,         ?,         ?,         ?,         ?       )\r\n### Cause: java.sql.SQLSyntaxErrorException: Unknown column \'TASK_DEF_ID_\' in \'field list\'', '2026-02-18T13:42', 315);
INSERT INTO `sys_oper_log` VALUES (185, 'Release Audit', 2, 'com.ruoyi.web.controller.system.OpsReleaseApplyController.audit()', 'PUT', 1, 'admin', '研发部门', '/ops/release/audit', '127.0.0.1', '内网IP', '{"auditReason":"","id":5,"params":{},"status":"2"} ', '{"msg":"操作成功","code":200}', 0, NULL, '2026-02-18T13:42:42', 178);
INSERT INTO `sys_oper_log` VALUES (186, 'BPMN部署', 1, 'com.ruoyi.web.controller.system.WorkflowController.deployXml()', 'POST', 1, 'admin', '研发部门', '/ops/workflow/deployXml', '127.0.0.1', '内网IP', '{"bpmnXml":"<?xml version=\\"1.0\\" encoding=\\"UTF-8\\"?>\\n<definitions xmlns=\\"http://www.omg.org/spec/BPMN/20100524/MODEL\\" xmlns:xsi=\\"http://www.w3.org/2001/XMLSchema-instance\\" xmlns:bpmndi=\\"http://www.omg.org/spec/BPMN/20100524/DI\\" xmlns:omgdc=\\"http://www.omg.org/spec/DD/20100524/DC\\" xmlns:omgdi=\\"http://www.omg.org/spec/DD/20100524/DI\\" xmlns:flowable=\\"http://flowable.org/bpmn\\" targetNamespace=\\"http://www.flowable.org/processdef\\">\\n  <process id=\\"release_approval_0_prod\\" name=\\"全局默认-prod发布审批\\" isExecutable=\\"true\\">\\n    <startEvent id=\\"startEvent\\"/>\\n    <sequenceFlow id=\\"flow_start_step1\\" sourceRef=\\"startEvent\\" targetRef=\\"step_1\\"/>\\n    <userTask id=\\"step_1\\" name=\\"第1步\\" flowable:assignee=\\"1\\"/>\\n    <endEvent id=\\"endEvent\\"/>\\n    <sequenceFlow id=\\"flow_last_end\\" sourceRef=\\"step_1\\" targetRef=\\"endEvent\\"/>\\n  </process>\\n</definitions>","processKey":"release_approval_0_prod","processName":"全局默认-prod发布审批"} ', '{"msg":"操作成功","code":200,"data":{"deploymentId":"127b0dc0-0ca4-11f1-8f1d-e8b0c5b428ba","name":"全局默认-prod发布审批"}}', 0, NULL, '2026-02-18T16:30:25', 897);
INSERT INTO `sys_oper_log` VALUES (187, 'Release Audit', 2, 'com.ruoyi.web.controller.system.OpsReleaseApplyController.audit()', 'PUT', 1, 'admin', '研发部门', '/ops/release/audit', '127.0.0.1', '内网IP', '{"auditReason":"","id":6,"params":{},"status":"2"} ', '{"msg":"操作成功","code":200}', 0, NULL, '2026-02-18T16:31:08', 74);
INSERT INTO `sys_oper_log` VALUES (188, 'BPMN部署', 1, 'com.ruoyi.web.controller.system.WorkflowController.deployXml()', 'POST', 1, 'admin', '研发部门', '/ops/workflow/deployXml', '127.0.0.1', '内网IP', '{"bpmnXml":"<?xml version=\\"1.0\\" encoding=\\"UTF-8\\"?>\\n<definitions xmlns=\\"http://www.omg.org/spec/BPMN/20100524/MODEL\\" xmlns:xsi=\\"http://www.w3.org/2001/XMLSchema-instance\\" xmlns:bpmndi=\\"http://www.omg.org/spec/BPMN/20100524/DI\\" xmlns:omgdc=\\"http://www.omg.org/spec/DD/20100524/DC\\" xmlns:omgdi=\\"http://www.omg.org/spec/DD/20100524/DI\\" xmlns:flowable=\\"http://flowable.org/bpmn\\" targetNamespace=\\"http://www.flowable.org/processdef\\">\\n  <process id=\\"release_approval_0_prod\\" name=\\"全局默认-prod发布审批\\" isExecutable=\\"true\\">\\n    <startEvent id=\\"startEvent\\"/>\\n    <sequenceFlow id=\\"flow_start_step1\\" sourceRef=\\"startEvent\\" targetRef=\\"step_1\\"/>\\n    <userTask id=\\"step_1\\" name=\\"第1步\\" flowable:assignee=\\"1\\"/>\\n    <endEvent id=\\"endEvent\\"/>\\n    <sequenceFlow id=\\"flow_last_end\\" sourceRef=\\"step_1\\" targetRef=\\"endEvent\\"/>\\n  </process>\\n</definitions>","processKey":"release_approval_0_prod","processName":"全局默认-prod发布审批"} ', '{"msg":"操作成功","code":200,"data":{"deploymentId":"6bc70cc3-0ca5-11f1-8f1d-e8b0c5b428ba","name":"全局默认-prod发布审批"}}', 0, NULL, '2026-02-18T16:40:04', 251);
INSERT INTO `sys_oper_log` VALUES (189, 'BPMN部署', 1, 'com.ruoyi.web.controller.system.WorkflowController.deployXml()', 'POST', 1, 'admin', '研发部门', '/ops/workflow/deployXml', '127.0.0.1', '内网IP', '{"bpmnXml":"<?xml version=\\"1.0\\" encoding=\\"UTF-8\\"?>\\n<definitions xmlns=\\"http://www.omg.org/spec/BPMN/20100524/MODEL\\" xmlns:xsi=\\"http://www.w3.org/2001/XMLSchema-instance\\" xmlns:bpmndi=\\"http://www.omg.org/spec/BPMN/20100524/DI\\" xmlns:omgdc=\\"http://www.omg.org/spec/DD/20100524/DC\\" xmlns:omgdi=\\"http://www.omg.org/spec/DD/20100524/DI\\" xmlns:flowable=\\"http://flowable.org/bpmn\\" targetNamespace=\\"http://www.flowable.org/processdef\\">\\n  <process id=\\"release_approval_0_prod\\" name=\\"全局默认-prod发布审批\\" isExecutable=\\"true\\">\\n    <startEvent id=\\"startEvent\\"/>\\n    <sequenceFlow id=\\"flow_start_step1\\" sourceRef=\\"startEvent\\" targetRef=\\"step_1\\"/>\\n    <userTask id=\\"step_1\\" name=\\"第1步\\" flowable:assignee=\\"1\\"/>\\n    <endEvent id=\\"endEvent\\"/>\\n    <sequenceFlow id=\\"flow_last_end\\" sourceRef=\\"step_1\\" targetRef=\\"endEvent\\"/>\\n  </process>\\n  <bpmndi:BPMNDiagram id=\\"BPMNDiagram_1\\">\\n    <bpmndi:BPMNPlane id=\\"BPMNPlane_1\\" bpmnElement=\\"release_approval_0_prod\\">\\n      <bpmndi:BPMNShape id=\\"_BPMNShape_StartEvent_2\\" bpmnElement=\\"startEvent\\">\\n        <omgdc:Bounds x=\\"150\\" y=\\"100\\" width=\\"36\\" height=\\"36\\" />\\n      </bpmndi:BPMNShape>\\n      <bpmndi:BPMNShape id=\\"BPMNShape_step_1\\" bpmnElement=\\"step_1\\">\\n        <omgdc:Bounds x=\\"250\\" y=\\"78\\" width=\\"100\\" height=\\"80\\" />\\n      </bpmndi:BPMNShape>\\n      <bpmndi:BPMNEdge id=\\"BPMNEdge_flow_start_step1\\" bpmnElement=\\"flow_start_step1\\">\\n        <omgdi:waypoint x=\\"186\\" y=\\"118\\" />\\n        <omgdi:waypoint x=\\"250\\" y=\\"118\\" />\\n      </bpmndi:BPMNEdge>\\n      <bpmndi:BPMNShape id=\\"BPMNShape_endEvent\\" bpmnElement=\\"endEvent\\">\\n        <omgdc:Bounds x=\\"400\\" y=\\"100\\" width=\\"36\\" height=\\"36\\" />\\n      </bpmndi:BPMNShape>\\n      <bpmndi:BPMNEdge id=\\"BPMNEdge_flow_last_end\\" bpmnElement=\\"flow_last_end\\">\\n        <omgdi:waypoint x=\\"350\\" y=\\"118\\" />\\n        <omgdi:waypoint x=\\"400\\" y=\\"118\\" />\\n      </bpmndi:BPMNEdge>\\n    </bpmndi:BPMNPlane>\\n  </bpmndi:BPMNDiagram>\\n</', '{"msg":"操作成功","code":200,"data":{"deploymentId":"e8a14d26-0ca8-11f1-8f1d-e8b0c5b428ba","name":"全局默认-prod发布审批"}}', 0, NULL, '2026-02-18T17:05:03', 919);
INSERT INTO `sys_oper_log` VALUES (190, '菜单管理', 2, 'com.ruoyi.web.controller.system.SysMenuController.edit()', 'PUT', 1, 'admin', '研发部门', '/system/menu', '127.0.0.1', '内网IP', '{"children":[],"component":"ops/processDefinition/index","createTime":"2026-02-18 17:03:41","icon":"tree-table","isCache":"0","isFrame":"1","menuId":2121,"menuName":"流程定义管理","menuType":"C","orderNum":6,"params":{},"parentId":2100,"path":"processDefinition","perms":"ops:processDefinition:list","routeName":"","status":"0","updateBy":"admin","visible":"0"} ', '{"msg":"操作成功","code":200}', 0, NULL, '2026-02-18T17:09:04', 93);
INSERT INTO `sys_oper_log` VALUES (191, '用户管理', 1, 'com.ruoyi.web.controller.system.SysUserController.add()', 'POST', 1, 'admin', '研发部门', '/system/user', '127.0.0.1', '内网IP', '{"admin":false,"createBy":"admin","deptId":101,"nickName":"审批","params":{},"postIds":[],"roleIds":[2],"sex":"0","status":"0","userId":100,"userName":"sp"} ', '{"msg":"操作成功","code":200}', 0, NULL, '2026-02-18T17:27:54', 378);
INSERT INTO `sys_oper_log` VALUES (192, '用户管理', 1, 'com.ruoyi.web.controller.system.SysUserController.add()', 'POST', 1, 'admin', '研发部门', '/system/user', '127.0.0.1', '内网IP', '{"admin":false,"createBy":"admin","deptId":101,"nickName":"二级审批","params":{},"postIds":[],"roleIds":[2],"sex":"2","status":"0","userId":101,"userName":"ejsp"} ', '{"msg":"操作成功","code":200}', 0, NULL, '2026-02-18T17:28:29', 326);
INSERT INTO `sys_oper_log` VALUES (193, '角色管理', 2, 'com.ruoyi.web.controller.system.SysRoleController.edit()', 'PUT', 1, 'admin', '研发部门', '/system/role', '127.0.0.1', '内网IP', '{"admin":false,"createTime":"2026-02-12 15:13:15","dataScope":"2","delFlag":"0","deptCheckStrictly":true,"flag":false,"menuCheckStrictly":true,"menuIds":[1,100,1000,1001,1002,1003,1004,1005,1006,101,1007,1008,1009,1010,1011,102,1012,1013,1014,1015,103,1016,1017,1018,1019,104,1020,1021,1022,1023,1024,105,1025,1026,1027,1028,1029,106,1030,1031,1032,1033,1034,107,1035,1036,1037,1038,108,500,1039,1040,1041,501,1042,1043,1044,1045,2,109,1046,1047,1048,110,1049,1050,1051,1052,1053,1054,111,112,113,114,3,115,116,1055,1056,1057,1058,1059,1060,117,4,2015,2016,2023,2026,2027,2030,2031,2032,2033,2040,2041,2042,2050,2051,2052,2053,2054,2055,2056,2057,2058,2059,2060,2061,2062,118,1070,1061,1062,1063,2100,2111,2116,2117,2118,2119,2065,2066,2067,2068,2069,2070,2071,2072,2121,2122,2123,2124,2102,2103,2104,2105],"params":{},"remark":"普通角色","roleId":2,"roleKey":"common","roleName":"普通角色","roleSort":2,"status":"0","updateBy":"admin"} ', '{"msg":"操作成功","code":200}', 0, NULL, '2026-02-18T17:28:43', 120);
INSERT INTO `sys_oper_log` VALUES (194, 'Release Apply', 1, 'com.ruoyi.web.controller.system.OpsReleaseApplyController.add()', 'POST', 1, 'admin', '研发部门', '/ops/release', '127.0.0.1', '内网IP', '{"appId":100,"approvalStatus":"1","createTime":"2026-02-18 19:06:44","currentStep":1,"description":"","environment":"prod","id":9,"params":{},"scriptContent":"steps:\\n  - name: start_app\\n    command: ./start.sh\\n","status":"1","templateId":1,"title":"Java标准部署模板 - 发布 - 2026年2月18日 下午7:06:18","totalSteps":1,"version":"v1771412778450"} ', NULL, 1, '\r\n### Error updating database.  Cause: java.sql.SQLSyntaxErrorException: Unknown column \'TASK_DEF_ID_\' in \'field list\'\r\n### The error may exist in org/flowable/task/service/db/mapping/entity/HistoricTaskInstance.xml\r\n### The error may involve org.flowable.task.service.impl.persistence.entity.HistoricTaskInstanceEntityImpl.insertHistoricTaskInstance-Inline\r\n### The error occurred while setting parameters\r\n### SQL: insert into ACT_HI_TASKINST (         ID_,         REV_,         TASK_DEF_ID_,         PROC_DEF_ID_,         PROC_INST_ID_,         EXECUTION_ID_,         SCOPE_ID_,         SUB_SCOPE_ID_,         SCOPE_TYPE_,         SCOPE_DEFINITION_ID_,         PROPAGATED_STAGE_INST_ID_,         NAME_,         PARENT_TASK_ID_,         DESCRIPTION_,         OWNER_,         ASSIGNEE_,         START_TIME_,         CLAIM_TIME_,         END_TIME_,         DURATION_,         DELETE_REASON_,         TASK_DEF_KEY_,         FORM_KEY_,         PRIORITY_,         DUE_DATE_,         CATEGORY_,         TENANT_ID_,         LAST_UPDATED_TIME_       ) values (         ?,         1, ?,         ?,         ?,         ?,         ?,         ?,         ?,         ?,         ?,         ?,         ?,         ?,         ?,         ?,         ?,         ?,         ?,         ?,         ?,         ?,         ?,         ?,         ?,         ?,         ?,         ?       )\r\n### Cause: java.sql.SQLSyntaxErrorException: Unknown column \'TASK_DEF_ID_\' in \'field list\'', '2026-02-18T19:06:45', 1473);
INSERT INTO `sys_oper_log` VALUES (195, 'Release Apply', 1, 'com.ruoyi.web.controller.system.OpsReleaseApplyController.add()', 'POST', 1, 'admin', '研发部门', '/ops/release', '127.0.0.1', '内网IP', '{"appId":100,"approvalStatus":"1","createTime":"2026-02-18 19:07:50","currentStep":1,"description":"","environment":"prod","id":10,"params":{},"scriptContent":"steps:\\n  - name: start_app\\n    command: ./start.sh\\n","status":"1","templateId":1,"title":"Java标准部署模板 - 发布 - 2026年2月18日 下午7:06:18","totalSteps":1,"version":"v1771412778450"} ', NULL, 1, '\r\n### Error updating database.  Cause: java.sql.SQLSyntaxErrorException: Unknown column \'TASK_DEF_ID_\' in \'field list\'\r\n### The error may exist in org/flowable/task/service/db/mapping/entity/HistoricTaskInstance.xml\r\n### The error may involve org.flowable.task.service.impl.persistence.entity.HistoricTaskInstanceEntityImpl.insertHistoricTaskInstance-Inline\r\n### The error occurred while setting parameters\r\n### SQL: insert into ACT_HI_TASKINST (         ID_,         REV_,         TASK_DEF_ID_,         PROC_DEF_ID_,         PROC_INST_ID_,         EXECUTION_ID_,         SCOPE_ID_,         SUB_SCOPE_ID_,         SCOPE_TYPE_,         SCOPE_DEFINITION_ID_,         PROPAGATED_STAGE_INST_ID_,         NAME_,         PARENT_TASK_ID_,         DESCRIPTION_,         OWNER_,         ASSIGNEE_,         START_TIME_,         CLAIM_TIME_,         END_TIME_,         DURATION_,         DELETE_REASON_,         TASK_DEF_KEY_,         FORM_KEY_,         PRIORITY_,         DUE_DATE_,         CATEGORY_,         TENANT_ID_,         LAST_UPDATED_TIME_       ) values (         ?,         1, ?,         ?,         ?,         ?,         ?,         ?,         ?,         ?,         ?,         ?,         ?,         ?,         ?,         ?,         ?,         ?,         ?,         ?,         ?,         ?,         ?,         ?,         ?,         ?,         ?,         ?       )\r\n### Cause: java.sql.SQLSyntaxErrorException: Unknown column \'TASK_DEF_ID_\' in \'field list\'', '2026-02-18T19:07:51', 916);
INSERT INTO `sys_oper_log` VALUES (196, 'BPMN部署', 1, 'com.ruoyi.web.controller.system.WorkflowController.deployXml()', 'POST', 1, 'admin', '研发部门', '/ops/workflow/deployXml', '127.0.0.1', '内网IP', '{"bpmnXml":"<?xml version=\\"1.0\\" encoding=\\"UTF-8\\"?>\\n<definitions xmlns=\\"http://www.omg.org/spec/BPMN/20100524/MODEL\\" xmlns:xsi=\\"http://www.w3.org/2001/XMLSchema-instance\\" xmlns:bpmndi=\\"http://www.omg.org/spec/BPMN/20100524/DI\\" xmlns:omgdc=\\"http://www.omg.org/spec/DD/20100524/DC\\" xmlns:omgdi=\\"http://www.omg.org/spec/DD/20100524/DI\\" xmlns:flowable=\\"http://flowable.org/bpmn\\" targetNamespace=\\"http://www.flowable.org/processdef\\">\\n  <process id=\\"release_approval_0_prod\\" name=\\"全局默认-prod发布审批\\" isExecutable=\\"true\\">\\n    <startEvent id=\\"startEvent\\" />\\n    <sequenceFlow id=\\"flow_start_step1\\" sourceRef=\\"startEvent\\" targetRef=\\"step_1\\" />\\n    <userTask id=\\"step_1\\" name=\\"第1步\\" flowable:assignee=\\"sp\\" assignee=\\"sp\\">\\n      <outgoing>Flow_0va76mw</outgoing>\\n    </userTask>\\n    <endEvent id=\\"endEvent\\" name=\\"结束\\">\\n      <incoming>Flow_076sp7u</incoming>\\n    </endEvent>\\n    <userTask id=\\"Activity_02e9bor\\" name=\\"第二步\\" flowable:assignee=\\"ejsp\\" assignee=\\"ejsp\\">\\n      <incoming>Flow_0va76mw</incoming>\\n      <outgoing>Flow_076sp7u</outgoing>\\n    </userTask>\\n    <sequenceFlow id=\\"Flow_0va76mw\\" sourceRef=\\"step_1\\" targetRef=\\"Activity_02e9bor\\" />\\n    <sequenceFlow id=\\"Flow_076sp7u\\" sourceRef=\\"Activity_02e9bor\\" targetRef=\\"endEvent\\" />\\n  </process>\\n  <bpmndi:BPMNDiagram id=\\"BPMNDiagram_1\\">\\n    <bpmndi:BPMNPlane id=\\"BPMNPlane_1\\" bpmnElement=\\"release_approval_0_prod\\">\\n      <bpmndi:BPMNShape id=\\"_BPMNShape_StartEvent_2\\" bpmnElement=\\"startEvent\\">\\n        <omgdc:Bounds x=\\"150\\" y=\\"100\\" width=\\"36\\" height=\\"36\\" />\\n      </bpmndi:BPMNShape>\\n      <bpmndi:BPMNShape id=\\"BPMNShape_step_1\\" bpmnElement=\\"step_1\\">\\n        <omgdc:Bounds x=\\"250\\" y=\\"78\\" width=\\"100\\" height=\\"80\\" />\\n      </bpmndi:BPMNShape>\\n      <bpmndi:BPMNShape id=\\"Activity_02e9bor_di\\" bpmnElement=\\"Activity_02e9bor\\">\\n        <omgdc:Bounds x=\\"379.6666564941406\\" y=\\"78\\" width=\\"100\\" height=\\"80\\" />\\n        <bpmndi:BPMNLabel />\\n', '{"msg":"部署失败: javax.xml.stream.XMLStreamException: org.xml.sax.SAXParseException; lineNumber: 7; columnNumber: 8; cvc-complex-type.3.2.2: 元素 \'userTask\' 中不允许出现属性 \'assignee\'。","code":500}', 0, NULL, '2026-02-18T19:09:30', 93);
INSERT INTO `sys_oper_log` VALUES (197, 'BPMN部署', 1, 'com.ruoyi.web.controller.system.WorkflowController.deployXml()', 'POST', 1, 'admin', '研发部门', '/ops/workflow/deployXml', '127.0.0.1', '内网IP', '{"bpmnXml":"<?xml version=\\"1.0\\" encoding=\\"UTF-8\\"?>\\n<definitions xmlns=\\"http://www.omg.org/spec/BPMN/20100524/MODEL\\" xmlns:xsi=\\"http://www.w3.org/2001/XMLSchema-instance\\" xmlns:bpmndi=\\"http://www.omg.org/spec/BPMN/20100524/DI\\" xmlns:omgdc=\\"http://www.omg.org/spec/DD/20100524/DC\\" xmlns:omgdi=\\"http://www.omg.org/spec/DD/20100524/DI\\" xmlns:flowable=\\"http://flowable.org/bpmn\\" targetNamespace=\\"http://www.flowable.org/processdef\\">\\n  <process id=\\"release_approval_0_prod\\" name=\\"全局默认-prod发布审批\\" isExecutable=\\"true\\">\\n    <startEvent id=\\"startEvent\\" />\\n    <sequenceFlow id=\\"flow_start_step1\\" sourceRef=\\"startEvent\\" targetRef=\\"step_1\\" />\\n    <userTask id=\\"step_1\\" name=\\"第1步\\" flowable:assignee=\\"sp\\" assignee=\\"sp\\">\\n      <outgoing>Flow_0va76mw</outgoing>\\n    </userTask>\\n    <endEvent id=\\"endEvent\\" name=\\"结束\\">\\n      <incoming>Flow_076sp7u</incoming>\\n    </endEvent>\\n    <userTask id=\\"Activity_02e9bor\\" name=\\"第二步\\" flowable:assignee=\\"ejsp\\" assignee=\\"ejsp\\">\\n      <incoming>Flow_0va76mw</incoming>\\n      <outgoing>Flow_076sp7u</outgoing>\\n    </userTask>\\n    <sequenceFlow id=\\"Flow_0va76mw\\" sourceRef=\\"step_1\\" targetRef=\\"Activity_02e9bor\\" />\\n    <sequenceFlow id=\\"Flow_076sp7u\\" sourceRef=\\"Activity_02e9bor\\" targetRef=\\"endEvent\\" />\\n  </process>\\n  <bpmndi:BPMNDiagram id=\\"BPMNDiagram_1\\">\\n    <bpmndi:BPMNPlane id=\\"BPMNPlane_1\\" bpmnElement=\\"release_approval_0_prod\\">\\n      <bpmndi:BPMNShape id=\\"_BPMNShape_StartEvent_2\\" bpmnElement=\\"startEvent\\">\\n        <omgdc:Bounds x=\\"150\\" y=\\"100\\" width=\\"36\\" height=\\"36\\" />\\n      </bpmndi:BPMNShape>\\n      <bpmndi:BPMNShape id=\\"BPMNShape_step_1\\" bpmnElement=\\"step_1\\">\\n        <omgdc:Bounds x=\\"250\\" y=\\"78\\" width=\\"100\\" height=\\"80\\" />\\n      </bpmndi:BPMNShape>\\n      <bpmndi:BPMNShape id=\\"Activity_02e9bor_di\\" bpmnElement=\\"Activity_02e9bor\\">\\n        <omgdc:Bounds x=\\"379.6666564941406\\" y=\\"78\\" width=\\"100\\" height=\\"80\\" />\\n        <bpmndi:BPMNLabel />\\n', '{"msg":"部署失败: javax.xml.stream.XMLStreamException: org.xml.sax.SAXParseException; lineNumber: 7; columnNumber: 8; cvc-complex-type.3.2.2: 元素 \'userTask\' 中不允许出现属性 \'assignee\'。","code":500}', 0, NULL, '2026-02-18T19:09:43', 58);
INSERT INTO `sys_oper_log` VALUES (198, 'BPMN部署', 1, 'com.ruoyi.web.controller.system.WorkflowController.deployXml()', 'POST', 1, 'admin', '研发部门', '/ops/workflow/deployXml', '127.0.0.1', '内网IP', '{"bpmnXml":"<?xml version=\\"1.0\\" encoding=\\"UTF-8\\"?>\\n<definitions xmlns=\\"http://www.omg.org/spec/BPMN/20100524/MODEL\\" xmlns:xsi=\\"http://www.w3.org/2001/XMLSchema-instance\\" xmlns:bpmndi=\\"http://www.omg.org/spec/BPMN/20100524/DI\\" xmlns:omgdc=\\"http://www.omg.org/spec/DD/20100524/DC\\" xmlns:omgdi=\\"http://www.omg.org/spec/DD/20100524/DI\\" xmlns:flowable=\\"http://flowable.org/bpmn\\" targetNamespace=\\"http://www.flowable.org/processdef\\">\\n  <process id=\\"release_approval_0_prod\\" name=\\"全局默认-prod发布审批\\" isExecutable=\\"true\\">\\n    <startEvent id=\\"startEvent\\" />\\n    <sequenceFlow id=\\"flow_start_step1\\" sourceRef=\\"startEvent\\" targetRef=\\"step_1\\" />\\n    <userTask id=\\"step_1\\" name=\\"第1步\\" flowable:assignee=\\"sp\\" assignee=\\"sp\\">\\n      <outgoing>Flow_0va76mw</outgoing>\\n    </userTask>\\n    <endEvent id=\\"endEvent\\" name=\\"结束\\">\\n      <incoming>Flow_076sp7u</incoming>\\n    </endEvent>\\n    <userTask id=\\"Activity_02e9bor\\" name=\\"第二步\\" flowable:assignee=\\"ejsp\\" assignee=\\"ejsp\\">\\n      <incoming>Flow_0va76mw</incoming>\\n      <outgoing>Flow_076sp7u</outgoing>\\n    </userTask>\\n    <sequenceFlow id=\\"Flow_0va76mw\\" sourceRef=\\"step_1\\" targetRef=\\"Activity_02e9bor\\" />\\n    <sequenceFlow id=\\"Flow_076sp7u\\" sourceRef=\\"Activity_02e9bor\\" targetRef=\\"endEvent\\" />\\n  </process>\\n  <bpmndi:BPMNDiagram id=\\"BPMNDiagram_1\\">\\n    <bpmndi:BPMNPlane id=\\"BPMNPlane_1\\" bpmnElement=\\"release_approval_0_prod\\">\\n      <bpmndi:BPMNShape id=\\"_BPMNShape_StartEvent_2\\" bpmnElement=\\"startEvent\\">\\n        <omgdc:Bounds x=\\"150\\" y=\\"100\\" width=\\"36\\" height=\\"36\\" />\\n      </bpmndi:BPMNShape>\\n      <bpmndi:BPMNShape id=\\"BPMNShape_step_1\\" bpmnElement=\\"step_1\\">\\n        <omgdc:Bounds x=\\"250\\" y=\\"78\\" width=\\"100\\" height=\\"80\\" />\\n      </bpmndi:BPMNShape>\\n      <bpmndi:BPMNShape id=\\"Activity_02e9bor_di\\" bpmnElement=\\"Activity_02e9bor\\">\\n        <omgdc:Bounds x=\\"379.6666564941406\\" y=\\"78\\" width=\\"100\\" height=\\"80\\" />\\n        <bpmndi:BPMNLabel />\\n', '{"msg":"部署失败: javax.xml.stream.XMLStreamException: org.xml.sax.SAXParseException; lineNumber: 7; columnNumber: 8; cvc-complex-type.3.2.2: 元素 \'userTask\' 中不允许出现属性 \'assignee\'。","code":500}', 0, NULL, '2026-02-18T19:11:45', 53);
INSERT INTO `sys_oper_log` VALUES (199, 'Release Audit', 2, 'com.ruoyi.web.controller.system.OpsReleaseApplyController.audit()', 'PUT', 1, 'admin', '研发部门', '/ops/release/audit', '127.0.0.1', '内网IP', '{"auditReason":"1","id":10,"params":{},"status":"3"} ', '{"msg":"操作成功","code":200}', 0, NULL, '2026-02-18T19:12:22', 47);
INSERT INTO `sys_oper_log` VALUES (200, 'Release Apply', 3, 'com.ruoyi.web.controller.system.OpsReleaseApplyController.remove()', 'DELETE', 1, 'admin', '研发部门', '/ops/release/10', '127.0.0.1', '内网IP', '[10] ', '{"msg":"操作成功","code":200}', 0, NULL, '2026-02-18T19:12:25', 36);
INSERT INTO `sys_oper_log` VALUES (201, 'Release Apply', 3, 'com.ruoyi.web.controller.system.OpsReleaseApplyController.remove()', 'DELETE', 1, 'admin', '研发部门', '/ops/release/4,5,6,7,8,9', '127.0.0.1', '内网IP', '[4,5,6,7,8,9] ', '{"msg":"操作成功","code":200}', 0, NULL, '2026-02-18T19:12:30', 24);
INSERT INTO `sys_oper_log` VALUES (202, 'BPMN部署', 1, 'com.ruoyi.web.controller.system.WorkflowController.deployXml()', 'POST', 1, 'admin', '研发部门', '/ops/workflow/deployXml', '127.0.0.1', '内网IP', '{"bpmnXml":"<?xml version=\\"1.0\\" encoding=\\"UTF-8\\"?>\\n<definitions xmlns=\\"http://www.omg.org/spec/BPMN/20100524/MODEL\\" xmlns:xsi=\\"http://www.w3.org/2001/XMLSchema-instance\\" xmlns:bpmndi=\\"http://www.omg.org/spec/BPMN/20100524/DI\\" xmlns:omgdc=\\"http://www.omg.org/spec/DD/20100524/DC\\" xmlns:omgdi=\\"http://www.omg.org/spec/DD/20100524/DI\\" xmlns:flowable=\\"http://flowable.org/bpmn\\" targetNamespace=\\"http://www.flowable.org/processdef\\">\\n  <process id=\\"release_approval_0_prod\\" name=\\"全局默认-prod发布审批\\" isExecutable=\\"true\\">\\n    <startEvent id=\\"startEvent\\" />\\n    <sequenceFlow id=\\"flow_start_step1\\" sourceRef=\\"startEvent\\" targetRef=\\"step_1\\" />\\n    <userTask id=\\"step_1\\" name=\\"第1步\\" flowable:assignee=\\"admin\\">\\n      <outgoing>Flow_09hg7c2</outgoing>\\n    </userTask>\\n    <endEvent id=\\"endEvent\\">\\n      <incoming>Flow_0ds4fsb</incoming>\\n    </endEvent>\\n    <userTask id=\\"Activity_1rl0skq\\" flowable:assignee=\\"sp\\">\\n      <incoming>Flow_09hg7c2</incoming>\\n      <outgoing>Flow_1aut8an</outgoing>\\n    </userTask>\\n    <sequenceFlow id=\\"Flow_09hg7c2\\" sourceRef=\\"step_1\\" targetRef=\\"Activity_1rl0skq\\" />\\n    <userTask id=\\"Activity_1swt66w\\" flowable:assignee=\\"ejsp\\">\\n      <incoming>Flow_1aut8an</incoming>\\n      <outgoing>Flow_0ds4fsb</outgoing>\\n    </userTask>\\n    <sequenceFlow id=\\"Flow_1aut8an\\" sourceRef=\\"Activity_1rl0skq\\" targetRef=\\"Activity_1swt66w\\" />\\n    <sequenceFlow id=\\"Flow_0ds4fsb\\" sourceRef=\\"Activity_1swt66w\\" targetRef=\\"endEvent\\" />\\n  </process>\\n  <bpmndi:BPMNDiagram id=\\"BPMNDiagram_1\\">\\n    <bpmndi:BPMNPlane id=\\"BPMNPlane_1\\" bpmnElement=\\"release_approval_0_prod\\">\\n      <bpmndi:BPMNShape id=\\"_BPMNShape_StartEvent_2\\" bpmnElement=\\"startEvent\\">\\n        <omgdc:Bounds x=\\"150\\" y=\\"100\\" width=\\"36\\" height=\\"36\\" />\\n      </bpmndi:BPMNShape>\\n      <bpmndi:BPMNShape id=\\"BPMNShape_step_1\\" bpmnElement=\\"step_1\\">\\n        <omgdc:Bounds x=\\"250\\" y=\\"78\\" width=\\"100\\" height=\\"80\\" />\\n      </bpmndi:BPM', '{"msg":"操作成功","code":200,"data":{"deploymentId":"5d3cf2b9-0cc2-11f1-af10-e8b0c5b428ba","name":"全局默认-prod发布审批"}}', 0, NULL, '2026-02-18T20:07:18', 3413);
INSERT INTO `sys_oper_log` VALUES (203, 'Release Apply', 1, 'com.ruoyi.web.controller.system.OpsReleaseApplyController.add()', 'POST', 1, 'admin', '研发部门', '/ops/release', '127.0.0.1', '内网IP', '{"appId":100,"approvalStatus":"1","createTime":"2026-02-18 20:32:28","currentStep":1,"description":"","environment":"prod","id":11,"params":{},"scriptContent":"steps:\\n  - name: start_app\\n    command: ./start.sh\\n","status":"1","templateId":1,"title":"Java标准部署模板 - 发布 - 2026年2月18日 下午8:32:14","totalSteps":1,"version":"v1771417934290"} ', NULL, 1, '\r\n### Error updating database.  Cause: java.sql.SQLSyntaxErrorException: Unknown column \'BUSINESS_STATUS_\' in \'field list\'\r\n### The error may exist in org/flowable/db/mapping/entity/HistoricProcessInstance.xml\r\n### The error may involve org.flowable.engine.impl.persistence.entity.HistoricProcessInstanceEntityImpl.insertHistoricProcessInstance-Inline\r\n### The error occurred while setting parameters\r\n### SQL: insert into ACT_HI_PROCINST (         ID_,         REV_,         PROC_INST_ID_,         BUSINESS_KEY_,         PROC_DEF_ID_,         START_TIME_,         END_TIME_,         DURATION_,         START_USER_ID_,         START_ACT_ID_,         END_ACT_ID_,         SUPER_PROCESS_INSTANCE_ID_,         DELETE_REASON_,         TENANT_ID_,         NAME_,         CALLBACK_ID_,         CALLBACK_TYPE_,         REFERENCE_ID_,         REFERENCE_TYPE_,         PROPAGATED_STAGE_INST_ID_,         BUSINESS_STATUS_       ) values (         ?,         1, ?,         ?,         ?,         ?,         ?,         ?,         ?,         ?,         ?,         ?,         ?,         ?,         ?,         ?,         ?,         ?,         ?,         ?,         ?       )\r\n### Cause: java.sql.SQLSyntaxErrorException: Unknown column \'BUSINESS_STATUS_\' in \'field list\'', '2026-02-18T20:32:30', 1734);
INSERT INTO `sys_oper_log` VALUES (204, '菜单管理', 3, 'com.ruoyi.web.controller.system.SysMenuController.remove()', 'DELETE', 1, 'admin', '研发部门', '/system/menu/2133', '127.0.0.1', '内网IP', '2133 ', '{"msg":"操作成功","code":200}', 0, NULL, '2026-02-18T20:35:17', 59);
INSERT INTO `sys_oper_log` VALUES (205, 'Release Apply', 1, 'com.ruoyi.web.controller.system.OpsReleaseApplyController.add()', 'POST', 1, 'admin', '研发部门', '/ops/release', '127.0.0.1', '内网IP', '{"appId":100,"approvalStatus":"1","createTime":"2026-02-18 20:35:52","currentStep":1,"description":"发布流程","environment":"prod","id":12,"params":{},"scriptContent":"steps:\\n  - name: start_app\\n    command: ./start.sh\\n","status":"1","templateId":1,"title":"Java标准部署模板 - 发布 - 2026年2月18日 下午8:35:36","totalSteps":1,"version":"v1771418136618"} ', NULL, 1, '\r\n### Error updating database.  Cause: java.sql.SQLSyntaxErrorException: Unknown column \'BUSINESS_STATUS_\' in \'field list\'\r\n### The error may exist in org/flowable/db/mapping/entity/HistoricProcessInstance.xml\r\n### The error may involve org.flowable.engine.impl.persistence.entity.HistoricProcessInstanceEntityImpl.insertHistoricProcessInstance-Inline\r\n### The error occurred while setting parameters\r\n### SQL: insert into ACT_HI_PROCINST (         ID_,         REV_,         PROC_INST_ID_,         BUSINESS_KEY_,         PROC_DEF_ID_,         START_TIME_,         END_TIME_,         DURATION_,         START_USER_ID_,         START_ACT_ID_,         END_ACT_ID_,         SUPER_PROCESS_INSTANCE_ID_,         DELETE_REASON_,         TENANT_ID_,         NAME_,         CALLBACK_ID_,         CALLBACK_TYPE_,         REFERENCE_ID_,         REFERENCE_TYPE_,         PROPAGATED_STAGE_INST_ID_,         BUSINESS_STATUS_       ) values (         ?,         1, ?,         ?,         ?,         ?,         ?,         ?,         ?,         ?,         ?,         ?,         ?,         ?,         ?,         ?,         ?,         ?,         ?,         ?,         ?       )\r\n### Cause: java.sql.SQLSyntaxErrorException: Unknown column \'BUSINESS_STATUS_\' in \'field list\'', '2026-02-18T20:35:52', 478);
INSERT INTO `sys_oper_log` VALUES (206, 'Release Apply', 3, 'com.ruoyi.web.controller.system.OpsReleaseApplyController.remove()', 'DELETE', 1, 'admin', '研发部门', '/ops/release/11,12', '127.0.0.1', '内网IP', '[11,12] ', '{"msg":"操作成功","code":200}', 0, NULL, '2026-02-18T20:38:13', 37);
INSERT INTO `sys_oper_log` VALUES (207, '用户管理', 1, 'com.ruoyi.web.controller.system.SysUserController.add()', 'POST', 1, 'admin', '研发部门', '/system/user', '127.0.0.1', '内网IP', '{"admin":false,"createBy":"admin","deptId":100,"nickName":"测试","params":{},"postIds":[],"roleIds":[2],"status":"0","userId":102,"userName":"test"} ', '{"msg":"操作成功","code":200}', 0, NULL, '2026-02-18T20:49:13', 516);
INSERT INTO `sys_oper_log` VALUES (208, '个人信息', 2, 'com.ruoyi.web.controller.system.SysProfileController.updatePwd()', 'PUT', 1, 'test', '若依科技', '/system/user/profile/updatePwd', '127.0.0.1', '内网IP', '{} ', '{"msg":"操作成功","code":200}', 0, NULL, '2026-02-18T20:49:42', 772);
INSERT INTO `sys_oper_log` VALUES (209, 'Release Apply', 1, 'com.ruoyi.web.controller.system.OpsReleaseApplyController.add()', 'POST', 1, 'test', '若依科技', '/ops/release', '127.0.0.1', '内网IP', '{"appId":100,"approvalStatus":"1","createTime":"2026-02-18 20:50:02","currentStep":1,"description":"","environment":"prod","id":13,"params":{},"scriptContent":"steps:\\n  - name: start_app\\n    command: ./start.sh\\n","status":"1","templateId":1,"title":"Java标准部署模板 - 发布 - 2026/2/18 20:49:52","totalSteps":1,"version":"v1771418992414"} ', NULL, 1, '\r\n### Error updating database.  Cause: java.sql.SQLSyntaxErrorException: Unknown column \'TRANSACTION_ORDER_\' in \'field list\'\r\n### The error may exist in org/flowable/db/mapping/entity/HistoricActivityInstance.xml\r\n### The error may involve org.flowable.engine.impl.persistence.entity.HistoricActivityInstanceEntityImpl.bulkInsertHistoricActivityInstance-Inline\r\n### The error occurred while setting parameters\r\n### SQL: insert into ACT_HI_ACTINST (         ID_,         REV_,         PROC_DEF_ID_,         PROC_INST_ID_,         EXECUTION_ID_,         ACT_ID_,         TASK_ID_,         CALL_PROC_INST_ID_,         ACT_NAME_,         ACT_TYPE_,         ASSIGNEE_,         START_TIME_,         END_TIME_,         TRANSACTION_ORDER_,         DURATION_,         DELETE_REASON_,         TENANT_ID_       ) values                    (?,           1, ?,           ?,           ?,           ?,           ?,           ?,           ?,           ?,           ?,           ?,           ?,           ?,           ?,           ?,           ?)        ,           (?,           1, ?,           ?,           ?,           ?,           ?,           ?,           ?,           ?,           ?,           ?,           ?,           ?,           ?,           ?,           ?)        ,           (?,           1, ?,           ?,           ?,           ?,           ?,           ?,           ?,           ?,           ?,           ?,           ?,           ?,           ?,           ?,           ?)\r\n### Cause: java.sql.SQLSyntaxErrorException: Unknown column \'TRANSACTION_ORDER_\' in \'field list\'', '2026-02-18T20:50:04', 1642);
INSERT INTO `sys_oper_log` VALUES (210, '角色管理', 2, 'com.ruoyi.web.controller.system.SysRoleController.edit()', 'PUT', 1, 'admin', '研发部门', '/system/role', '127.0.0.1', '内网IP', '{"admin":false,"createTime":"2026-02-12 15:13:15","dataScope":"2","delFlag":"0","deptCheckStrictly":true,"flag":false,"menuCheckStrictly":true,"menuIds":[2015,1,100,1000,1001,1002,1003,1004,1005,1006,101,1007,1008,1009,1010,1011,102,1012,1013,1014,1015,103,1016,1017,1018,1019,104,1020,1021,1022,1023,1024,105,1025,1026,1027,1028,1029,106,1030,1031,1032,1033,1034,107,1035,1036,1037,1038,108,500,1039,1040,1041,501,1042,1043,1044,1045,2,109,1046,1047,1048,110,1049,1050,1051,1052,1053,1054,111,112,113,114,3,115,116,1055,1056,1057,1058,1059,1060,117,4,2016,2023,2026,2027,2030,2031,2032,2033,2040,2041,2042,2129,2130,2131,2132,2050,2051,2052,2053,2054,2055,2056,2057,2058,2059,2060,2061,2062,118,1070,1061,1062,1063,2100,2111,2116,2117,2118,2119,2065,2066,2067,2068,2069,2070,2071,2072,2121,2122,2123,2124,2102,2103,2104,2105],"params":{},"remark":"普通角色","roleId":2,"roleKey":"common","roleName":"普通角色","roleSort":2,"status":"0","updateBy":"admin"} ', '{"msg":"操作成功","code":200}', 0, NULL, '2026-02-18T20:54:10', 136);
INSERT INTO `sys_oper_log` VALUES (211, 'Release Audit', 2, 'com.ruoyi.web.controller.system.OpsReleaseApplyController.audit()', 'PUT', 1, 'admin', '研发部门', '/ops/release/audit', '127.0.0.1', '内网IP', '{"auditReason":"","id":13,"params":{},"status":"2"} ', '{"msg":"操作成功","code":200}', 0, NULL, '2026-02-18T20:57:20', 43);
INSERT INTO `sys_oper_log` VALUES (212, 'Release Audit', 2, 'com.ruoyi.web.controller.system.OpsReleaseApplyController.audit()', 'PUT', 1, 'test', '若依科技', '/ops/release/audit', '127.0.0.1', '内网IP', '{"auditReason":"","id":13,"params":{},"status":"2"} ', '{"msg":"操作成功","code":200}', 0, NULL, '2026-02-18T20:58:47', 45);
INSERT INTO `sys_oper_log` VALUES (213, 'Execute Release', 0, 'com.ruoyi.web.controller.system.OpsReleaseApplyController.execute()', 'POST', 1, 'test', '若依科技', '/ops/release/execute/13', '127.0.0.1', '内网IP', '13 ', '{"msg":"操作成功","code":200}', 0, NULL, '2026-02-18T21:00:35', 147);
INSERT INTO `sys_oper_log` VALUES (214, 'Release Apply', 1, 'com.ruoyi.web.controller.system.OpsReleaseApplyController.add()', 'POST', 1, 'test', '若依科技', '/ops/release', '127.0.0.1', '内网IP', '{"appId":100,"approvalStatus":"1","createTime":"2026-02-18 21:05:54","currentStep":1,"description":"","environment":"prod","id":14,"params":{},"scriptContent":"steps:\\n  - name: stop_app\\n    command: ./stop.sh\\n  - name: backup\\n    command: cp -r app app_backup_${timestamp}\\n  - name: replace_jar\\n    command: cp target/*.jar app/\\n  - name: health_check\\n    url: ${health_check_url}\\n    timeout: 30\\n    retry: 3\\n","status":"1","templateId":1,"title":"Java标准部署模板 - 发布 - 2026/2/18 21:05:47","totalSteps":1,"version":"v1771419947937"} ', NULL, 1, '\r\n### Error updating database.  Cause: java.sql.SQLSyntaxErrorException: Unknown column \'EXTERNAL_WORKER_JOB_COUNT_\' in \'field list\'\r\n### The error may exist in org/flowable/db/mapping/entity/Execution.xml\r\n### The error may involve org.flowable.engine.impl.persistence.entity.ExecutionEntityImpl.bulkInsertExecution-Inline\r\n### The error occurred while setting parameters\r\n### SQL: insert into ACT_RU_EXECUTION (ID_, REV_, PROC_INST_ID_, BUSINESS_KEY_, PROC_DEF_ID_, ACT_ID_, IS_ACTIVE_, IS_CONCURRENT_,                                            IS_SCOPE_,IS_EVENT_SCOPE_, IS_MI_ROOT_, PARENT_ID_, SUPER_EXEC_, ROOT_PROC_INST_ID_, SUSPENSION_STATE_,                                            TENANT_ID_, NAME_, START_ACT_ID_, START_TIME_, START_USER_ID_, IS_COUNT_ENABLED_, EVT_SUBSCR_COUNT_,                                            TASK_COUNT_, JOB_COUNT_, TIMER_JOB_COUNT_, SUSP_JOB_COUNT_, DEADLETTER_JOB_COUNT_, EXTERNAL_WORKER_JOB_COUNT_, VAR_COUNT_, ID_LINK_COUNT_,                                            CALLBACK_ID_, CALLBACK_TYPE_, REFERENCE_ID_, REFERENCE_TYPE_, PROPAGATED_STAGE_INST_ID_, BUSINESS_STATUS_)     values                  (?,          1, ?,          ?,          ?,          ?,          ?,          ?,          ?,          ?,          ?,          ?,          ?,          ?,          ?,          ?,          ?,          ?,          ?,          ?,          ?,          ?,          ?,          ?,          ?,          ?,          ?,          ?,          ?,          ?,          ?,          ?,          ?,          ?,          ?,          ?         )        ,          (?,          1, ?,          ?,          ?,          ?,          ?,          ?,          ?,          ?,          ?,          ?,          ?,          ?,          ?,          ?,          ?,          ?,          ?,          ?,          ?,          ?,          ?,          ?,          ?,          ?,          ?,          ?,          ?,          ?,          ?,          ?,          ?,          ?,          ?,', '2026-02-18T21:05:54', 459);
INSERT INTO `sys_oper_log` VALUES (215, 'Release Apply', 1, 'com.ruoyi.web.controller.system.OpsReleaseApplyController.add()', 'POST', 1, 'test', '若依科技', '/ops/release', '127.0.0.1', '内网IP', '{"appId":100,"approvalStatus":"1","createTime":"2026-02-18 21:10:57","currentStep":1,"description":"","environment":"prod","id":15,"params":{},"scriptContent":"steps:\\n  - name: pull_code\\n    command: git pull\\n  - name: stop_app\\n    command: ./stop.sh\\n  - name: backup\\n    command: cp -r app app_backup_${timestamp}\\n  - name: replace_jar\\n    command: cp target/*.jar app/\\n  - name: start_app\\n    command: ./start.sh\\n  - name: health_check\\n    url: ${health_check_url}\\n    timeout: 30\\n    retry: 3","status":"1","templateId":1,"title":"Java标准部署模板 - 发布 - 2026/2/18 21:10:53","totalSteps":1,"version":"v1771420253488"} ', NULL, 1, '\r\n### Error updating database.  Cause: java.sql.SQLSyntaxErrorException: Unknown column \'EXTERNAL_WORKER_JOB_COUNT_\' in \'field list\'\r\n### The error may exist in org/flowable/db/mapping/entity/Execution.xml\r\n### The error may involve org.flowable.engine.impl.persistence.entity.ExecutionEntityImpl.bulkInsertExecution-Inline\r\n### The error occurred while setting parameters\r\n### SQL: insert into ACT_RU_EXECUTION (ID_, REV_, PROC_INST_ID_, BUSINESS_KEY_, PROC_DEF_ID_, ACT_ID_, IS_ACTIVE_, IS_CONCURRENT_,                                            IS_SCOPE_,IS_EVENT_SCOPE_, IS_MI_ROOT_, PARENT_ID_, SUPER_EXEC_, ROOT_PROC_INST_ID_, SUSPENSION_STATE_,                                            TENANT_ID_, NAME_, START_ACT_ID_, START_TIME_, START_USER_ID_, IS_COUNT_ENABLED_, EVT_SUBSCR_COUNT_,                                            TASK_COUNT_, JOB_COUNT_, TIMER_JOB_COUNT_, SUSP_JOB_COUNT_, DEADLETTER_JOB_COUNT_, EXTERNAL_WORKER_JOB_COUNT_, VAR_COUNT_, ID_LINK_COUNT_,                                            CALLBACK_ID_, CALLBACK_TYPE_, REFERENCE_ID_, REFERENCE_TYPE_, PROPAGATED_STAGE_INST_ID_, BUSINESS_STATUS_)     values                  (?,          1, ?,          ?,          ?,          ?,          ?,          ?,          ?,          ?,          ?,          ?,          ?,          ?,          ?,          ?,          ?,          ?,          ?,          ?,          ?,          ?,          ?,          ?,          ?,          ?,          ?,          ?,          ?,          ?,          ?,          ?,          ?,          ?,          ?,          ?         )        ,          (?,          1, ?,          ?,          ?,          ?,          ?,          ?,          ?,          ?,          ?,          ?,          ?,          ?,          ?,          ?,          ?,          ?,          ?,          ?,          ?,          ?,          ?,          ?,          ?,          ?,          ?,          ?,          ?,          ?,          ?,          ?,          ?,          ?,          ?,', '2026-02-18T21:10:59', 1921);
INSERT INTO `sys_oper_log` VALUES (216, 'Release Apply', 3, 'com.ruoyi.web.controller.system.OpsReleaseApplyController.remove()', 'DELETE', 1, 'test', '若依科技', '/ops/release/13,14,15', '127.0.0.1', '内网IP', '[13,14,15] ', '{"msg":"操作成功","code":200}', 0, NULL, '2026-02-18T21:17:42', 72);
INSERT INTO `sys_oper_log` VALUES (217, 'Release Apply', 1, 'com.ruoyi.web.controller.system.OpsReleaseApplyController.add()', 'POST', 1, 'test', '若依科技', '/ops/release', '127.0.0.1', '内网IP', '{"appId":100,"approvalStatus":"1","createTime":"2026-02-18 21:17:51","currentStep":1,"description":"","environment":"prod","id":16,"params":{},"processInstanceId":"3b2b9723-0ccc-11f1-bfa9-e8b0c5b428ba","scriptContent":"steps:\\n  - name: pull_code\\n    command: git pull\\n  - name: stop_app\\n    command: ./stop.sh\\n  - name: backup\\n    command: cp -r app app_backup_${timestamp}\\n  - name: replace_jar\\n    command: cp target/*.jar app/\\n  - name: start_app\\n    command: ./start.sh\\n  - name: health_check\\n    url: ${health_check_url}\\n    timeout: 30\\n    retry: 3","status":"1","templateId":1,"title":"Java标准部署模板 - 发布 - 2026/2/18 21:17:46","totalSteps":1,"version":"v1771420666765"} ', '{"msg":"操作成功","code":200}', 0, NULL, '2026-02-18T21:17:53', 1823);
INSERT INTO `sys_oper_log` VALUES (218, 'Release Audit', 2, 'com.ruoyi.web.controller.system.OpsReleaseApplyController.audit()', 'PUT', 1, 'admin', '研发部门', '/ops/release/audit', '127.0.0.1', '内网IP', '{"auditReason":"","id":16,"params":{},"status":"2"} ', NULL, 1, '\r\n### Error querying database.  Cause: java.sql.SQLSyntaxErrorException: Table \'ry-vue.act_ru_external_job\' doesn\'t exist\r\n### The error may exist in org/flowable/job/service/db/mapping/entity/ExternalWorkerJob.xml\r\n### The error may involve org.flowable.job.service.impl.persistence.entity.ExternalWorkerJobEntityImpl.selectExternalWorkerJobsByExecutionId-Inline\r\n### The error occurred while setting parameters\r\n### SQL: select *         from ACT_RU_EXTERNAL_JOB J         where J.EXECUTION_ID_ = ?\r\n### Cause: java.sql.SQLSyntaxErrorException: Table \'ry-vue.act_ru_external_job\' doesn\'t exist', '2026-02-18T21:18:32', 620);
INSERT INTO `sys_oper_log` VALUES (219, 'Release Audit', 2, 'com.ruoyi.web.controller.system.OpsReleaseApplyController.audit()', 'PUT', 1, 'test', '若依科技', '/ops/release/audit', '127.0.0.1', '内网IP', '{"auditReason":"","id":16,"params":{},"status":"2"} ', NULL, 1, '\r\n### Error querying database.  Cause: java.sql.SQLSyntaxErrorException: Table \'ry-vue.act_ru_external_job\' doesn\'t exist\r\n### The error may exist in org/flowable/job/service/db/mapping/entity/ExternalWorkerJob.xml\r\n### The error may involve org.flowable.job.service.impl.persistence.entity.ExternalWorkerJobEntityImpl.selectExternalWorkerJobsByExecutionId-Inline\r\n### The error occurred while setting parameters\r\n### SQL: select *         from ACT_RU_EXTERNAL_JOB J         where J.EXECUTION_ID_ = ?\r\n### Cause: java.sql.SQLSyntaxErrorException: Table \'ry-vue.act_ru_external_job\' doesn\'t exist', '2026-02-18T21:19:50', 369);
INSERT INTO `sys_oper_log` VALUES (220, '个人信息', 2, 'com.ruoyi.web.controller.system.SysProfileController.updatePwd()', 'PUT', 1, 'sp', '深圳总公司', '/system/user/profile/updatePwd', '127.0.0.1', '内网IP', '{} ', '{"msg":"操作成功","code":200}', 0, NULL, '2026-02-18T21:46:17', 782);
INSERT INTO `sys_oper_log` VALUES (221, '角色管理', 2, 'com.ruoyi.web.controller.system.SysRoleController.edit()', 'PUT', 1, 'sp', '深圳总公司', '/system/role', '127.0.0.1', '内网IP', '{"admin":false,"createTime":"2026-02-12 15:13:15","dataScope":"2","delFlag":"0","deptCheckStrictly":true,"flag":false,"menuCheckStrictly":true,"menuIds":[1,100,1000,1001,1002,1003,1004,1005,1006,101,1007,1008,1009,1010,1011,102,1012,1013,1014,1015,103,1016,1017,1018,1019,104,1020,1021,1022,1023,1024,105,1025,1026,1027,1028,1029,106,1030,1031,1032,1033,1034,107,1035,1036,1037,1038,108,500,1039,1040,1041,501,1042,1043,1044,1045,2,109,1046,1047,1048,110,1049,1050,1051,1052,1053,1054,111,112,113,114,3,115,116,1055,1056,1057,1058,1059,1060,117,4,2015,2016,2023,2026,2027,2030,2031,2032,2033,2040,2041,2042,2129,2130,2131,2132,2050,2051,2052,2053,2054,2055,2056,2057,2058,2059,2060,2061,2062,118,1070,1061,1062,1063,2100,2111,2116,2117,2118,2119,2065,2066,2067,2068,2069,2070,2071,2072,2121,2122,2123,2124,2102,2103,2104,2105],"params":{},"remark":"普通角色","roleId":2,"roleKey":"common","roleName":"普通角色","roleSort":2,"status":"0","updateBy":"sp"} ', '{"msg":"操作成功","code":200}', 0, NULL, '2026-02-18T21:46:36', 295);
INSERT INTO `sys_oper_log` VALUES (222, '角色管理', 2, 'com.ruoyi.web.controller.system.SysRoleController.edit()', 'PUT', 1, 'sp', '深圳总公司', '/system/role', '127.0.0.1', '内网IP', '{"admin":false,"createTime":"2026-02-12 15:13:15","dataScope":"2","delFlag":"0","deptCheckStrictly":true,"flag":false,"menuCheckStrictly":true,"menuIds":[1,100,1000,1001,1002,1003,1004,1005,1006,101,1007,1008,1009,1010,1011,102,1012,1013,1014,1015,103,1016,1017,1018,1019,104,1020,1021,1022,1023,1024,105,1025,1026,1027,1028,1029,106,1030,1031,1032,1033,1034,107,1035,1036,1037,1038,108,500,1039,1040,1041,501,1042,1043,1044,1045,2,109,1046,1047,1048,110,1049,1050,1051,1052,1053,1054,111,112,113,114,3,115,116,1055,1056,1057,1058,1059,1060,117,4,2015,2016,2023,2026,2027,2030,2031,2032,2033,2040,2041,2042,2129,2130,2131,2132,2050,2051,2052,2053,2054,2055,2056,2057,2058,2059,2060,2061,2062,118,1070,1061,1062,1063,2100,2111,2116,2117,2118,2119,2065,2066,2067,2068,2069,2070,2071,2072,2121,2122,2123,2124,2102,2103,2104,2105],"params":{},"remark":"普通角色","roleId":2,"roleKey":"common","roleName":"普通角色","roleSort":2,"status":"0","updateBy":"sp"} ', '{"msg":"操作成功","code":200}', 0, NULL, '2026-02-18T21:47:06', 191);
INSERT INTO `sys_oper_log` VALUES (223, '角色管理', 2, 'com.ruoyi.web.controller.system.SysRoleController.edit()', 'PUT', 1, 'admin', '研发部门', '/system/role', '127.0.0.1', '内网IP', '{"admin":false,"createTime":"2026-02-12 15:13:15","dataScope":"2","delFlag":"0","deptCheckStrictly":true,"flag":false,"menuCheckStrictly":true,"menuIds":[2015,1,100,1000,1001,1002,1003,1004,1005,1006,101,1007,1008,1009,1010,1011,102,1012,1013,1014,1015,103,1016,1017,1018,1019,104,1020,1021,1022,1023,1024,105,1025,1026,1027,1028,1029,106,1030,1031,1032,1033,1034,107,1035,1036,1037,1038,108,500,1039,1040,1041,501,1042,1043,1044,1045,2,109,1046,1047,1048,110,1049,1050,1051,1052,1053,1054,111,112,113,114,3,115,116,1055,1056,1057,1058,1059,1060,117,4,2016,2023,2026,2027,2030,2031,2032,2033,2040,2041,2042,2129,2130,2131,2132,2050,2051,2052,2053,2054,2055,2056,2057,2058,2059,2060,2061,2062,118,1070,1061,1062,1063,2100,2111,2116,2117,2118,2119,2065,2066,2067,2068,2069,2070,2071,2072,2073,2121,2122,2123,2124,2102,2103,2104,2105],"params":{},"remark":"普通角色","roleId":2,"roleKey":"common","roleName":"普通角色","roleSort":2,"status":"0","updateBy":"admin"} ', '{"msg":"操作成功","code":200}', 0, NULL, '2026-02-18T21:48:38', 319);
INSERT INTO `sys_oper_log` VALUES (224, '删除流程', 3, 'com.ruoyi.web.controller.system.WorkflowController.remove()', 'DELETE', 1, 'admin', '研发部门', '/ops/workflow/deployment/3ab24870-0ccc-11f1-bfa9-e8b0c5b428ba', '127.0.0.1', '内网IP', '"3ab24870-0ccc-11f1-bfa9-e8b0c5b428ba" ', NULL, 1, '\r\n### Error querying database.  Cause: java.sql.SQLSyntaxErrorException: Table \'ry-vue.act_ru_external_job\' doesn\'t exist\r\n### The error may exist in org/flowable/job/service/db/mapping/entity/ExternalWorkerJob.xml\r\n### The error may involve org.flowable.job.service.impl.persistence.entity.ExternalWorkerJobEntityImpl.selectExternalWorkerJobsByExecutionId-Inline\r\n### The error occurred while setting parameters\r\n### SQL: select *         from ACT_RU_EXTERNAL_JOB J         where J.EXECUTION_ID_ = ?\r\n### Cause: java.sql.SQLSyntaxErrorException: Table \'ry-vue.act_ru_external_job\' doesn\'t exist', '2026-02-18T21:50:13', 1219);
INSERT INTO `sys_oper_log` VALUES (225, 'Release Audit', 2, 'com.ruoyi.web.controller.system.OpsReleaseApplyController.audit()', 'PUT', 1, 'test', '若依科技', '/ops/release/audit', '127.0.0.1', '内网IP', '{"auditReason":"","id":16,"params":{},"status":"2"} ', NULL, 1, '\r\n### Error querying database.  Cause: java.sql.SQLSyntaxErrorException: Table \'ry-vue.act_ru_external_job\' doesn\'t exist\r\n### The error may exist in org/flowable/job/service/db/mapping/entity/ExternalWorkerJob.xml\r\n### The error may involve org.flowable.job.service.impl.persistence.entity.ExternalWorkerJobEntityImpl.selectExternalWorkerJobsByExecutionId-Inline\r\n### The error occurred while setting parameters\r\n### SQL: select *         from ACT_RU_EXTERNAL_JOB J         where J.EXECUTION_ID_ = ?\r\n### Cause: java.sql.SQLSyntaxErrorException: Table \'ry-vue.act_ru_external_job\' doesn\'t exist', '2026-02-18T21:51:02', 509);
INSERT INTO `sys_oper_log` VALUES (226, 'Release Audit', 2, 'com.ruoyi.web.controller.system.OpsReleaseApplyController.audit()', 'PUT', 1, 'admin', '研发部门', '/ops/release/audit', '127.0.0.1', '内网IP', '{"auditReason":"","id":16,"params":{},"status":"2"} ', NULL, 1, 'HistoricProcessInstanceEntity[superProcessInstanceId=null] was updated by another transaction concurrently', '2026-02-18T22:03:01', 1679);
INSERT INTO `sys_oper_log` VALUES (227, 'Release Audit', 2, 'com.ruoyi.web.controller.system.OpsReleaseApplyController.audit()', 'PUT', 1, 'admin', '研发部门', '/ops/release/audit', '127.0.0.1', '内网IP', '{"auditReason":"","id":16,"params":{},"status":"2"} ', '{"msg":"操作成功","code":200}', 0, NULL, '2026-02-18T22:03:01', 829);
INSERT INTO `sys_oper_log` VALUES (228, '删除流程实例', 3, 'com.ruoyi.web.controller.system.WorkflowController.deleteProcessInstance()', 'DELETE', 1, 'admin', '研发部门', '/ops/workflow/instance/3b2b9723-0ccc-11f1-bfa9-e8b0c5b428ba', '127.0.0.1', '内网IP', '"3b2b9723-0ccc-11f1-bfa9-e8b0c5b428ba" ', '{"msg":"操作成功","code":200}', 0, NULL, '2026-02-18T22:09:52', 375);
INSERT INTO `sys_oper_log` VALUES (229, '删除流程实例', 3, 'com.ruoyi.web.controller.system.WorkflowController.deleteProcessInstance()', 'DELETE', 1, 'admin', '研发部门', '/ops/workflow/instance/443da108-0ccb-11f1-83e2-e8b0c5b428ba', '127.0.0.1', '内网IP', '"443da108-0ccb-11f1-83e2-e8b0c5b428ba" ', NULL, 1, 'Process instance is still running, cannot delete historic process instance: 443da108-0ccb-11f1-83e2-e8b0c5b428ba', '2026-02-18T22:09:54', 35);
INSERT INTO `sys_oper_log` VALUES (230, '删除流程实例', 3, 'com.ruoyi.web.controller.system.WorkflowController.deleteProcessInstance()', 'DELETE', 1, 'admin', '研发部门', '/ops/workflow/instance/8edd49d5-0cca-11f1-9f92-e8b0c5b428ba', '127.0.0.1', '内网IP', '"8edd49d5-0cca-11f1-9f92-e8b0c5b428ba" ', NULL, 1, 'Process instance is still running, cannot delete historic process instance: 8edd49d5-0cca-11f1-9f92-e8b0c5b428ba', '2026-02-18T22:09:57', 37);
INSERT INTO `sys_oper_log` VALUES (231, 'Release Apply', 1, 'com.ruoyi.web.controller.system.OpsReleaseApplyController.add()', 'POST', 1, 'test', '若依科技', '/ops/release', '127.0.0.1', '内网IP', '{"appId":100,"applyUserId":102,"approvalStatus":"1","createBy":"test","createTime":"2026-02-18 22:12:40","currentStep":1,"description":"","environment":"prod","id":17,"params":{},"processInstanceId":"e2c28f01-0cd3-11f1-af46-e8b0c5b428ba","scriptContent":"steps:\\n  - name: pull_code\\n    command: git pull\\n  - name: stop_app\\n    command: ./stop.sh\\n  - name: backup\\n    command: cp -r app app_backup_${timestamp}\\n  - name: replace_jar\\n    command: cp target/*.jar app/\\n  - name: start_app\\n    command: ./start.sh\\n  - name: health_check\\n    url: ${health_check_url}\\n    timeout: 30\\n    retry: 3","status":"1","templateId":1,"title":"Java标准部署模板 - 发布 - 2026年2月18日 下午10:12:34","totalSteps":1,"version":"v1771423954863"} ', '{"msg":"操作成功","code":200}', 0, NULL, '2026-02-18T22:12:41', 1177);
INSERT INTO `sys_oper_log` VALUES (232, 'Release Apply', 3, 'com.ruoyi.web.controller.system.OpsReleaseApplyController.remove()', 'DELETE', 1, 'test', '若依科技', '/ops/release/16', '127.0.0.1', '内网IP', '[16] ', '{"msg":"操作成功","code":200}', 0, NULL, '2026-02-18T22:13:02', 22);
INSERT INTO `sys_oper_log` VALUES (233, '删除流程', 3, 'com.ruoyi.web.controller.system.WorkflowController.remove()', 'DELETE', 1, 'admin', '研发部门', '/ops/workflow/deployment/e26d912e-0cd3-11f1-af46-e8b0c5b428ba', '127.0.0.1', '内网IP', '"e26d912e-0cd3-11f1-af46-e8b0c5b428ba" ', '{"msg":"操作成功","code":200}', 0, NULL, '2026-02-18T22:13:25', 892);
INSERT INTO `sys_oper_log` VALUES (234, '修改流程状态', 2, 'com.ruoyi.web.controller.system.WorkflowController.updateState()', 'POST', 1, 'admin', '研发部门', '/ops/workflow/definition/release_100_prod:8:3ae36a92-0ccc-11f1-bfa9-e8b0c5b428ba/state', '127.0.0.1', '内网IP', '{"action":"suspend"}', '{"msg":"操作成功","code":200}', 0, NULL, '2026-02-18T22:13:48', 58);
INSERT INTO `sys_oper_log` VALUES (235, 'Release Apply', 3, 'com.ruoyi.web.controller.system.OpsReleaseApplyController.remove()', 'DELETE', 1, 'test', '若依科技', '/ops/release/17', '127.0.0.1', '内网IP', '[17] ', '{"msg":"操作成功","code":200}', 0, NULL, '2026-02-18T22:14:09', 20);
INSERT INTO `sys_oper_log` VALUES (236, 'Release Apply', 1, 'com.ruoyi.web.controller.system.OpsReleaseApplyController.add()', 'POST', 1, 'admin', '研发部门', '/ops/release', '127.0.0.1', '内网IP', '{"appId":100,"applyUserId":1,"approvalStatus":"1","createBy":"admin","createTime":"2026-02-18 22:14:42","currentStep":1,"description":"","environment":"prod","id":18,"params":{},"processInstanceId":"2b57cbeb-0cd4-11f1-af46-e8b0c5b428ba","scriptContent":"steps:\\n  - name: pull_code\\n    command: git pull\\n  - name: stop_app\\n    command: ./stop.sh\\n  - name: backup\\n    command: cp -r app app_backup_${timestamp}\\n  - name: replace_jar\\n    command: cp target/*.jar app/\\n  - name: start_app\\n    command: ./start.sh\\n  - name: health_check\\n    url: ${health_check_url}\\n    timeout: 30\\n    retry: 3","status":"1","templateId":1,"title":"Java标准部署模板 - 发布 - 2026/2/18 22:14:36","totalSteps":1,"version":"v1771424076500"} ', '{"msg":"操作成功","code":200}', 0, NULL, '2026-02-18T22:14:42', 529);
INSERT INTO `sys_oper_log` VALUES (237, '删除流程实例', 3, 'com.ruoyi.web.controller.system.WorkflowController.deleteProcessInstance()', 'DELETE', 1, 'admin', '研发部门', '/ops/workflow/instance/585a6ecb-0cc8-11f1-9f92-e8b0c5b428ba', '127.0.0.1', '内网IP', '"585a6ecb-0cc8-11f1-9f92-e8b0c5b428ba" ', NULL, 1, 'Process instance is still running, cannot delete historic process instance: 585a6ecb-0cc8-11f1-9f92-e8b0c5b428ba', '2026-02-18T22:17:12', 36);
INSERT INTO `sys_oper_log` VALUES (238, '删除流程实例', 3, 'com.ruoyi.web.controller.system.WorkflowController.deleteProcessInstance()', 'DELETE', 1, 'admin', '研发部门', '/ops/workflow/instance/443da108-0ccb-11f1-83e2-e8b0c5b428ba', '127.0.0.1', '内网IP', '"443da108-0ccb-11f1-83e2-e8b0c5b428ba" ', NULL, 1, 'Process instance is still running, cannot delete historic process instance: 443da108-0ccb-11f1-83e2-e8b0c5b428ba', '2026-02-18T22:17:18', 29);
INSERT INTO `sys_oper_log` VALUES (239, '删除流程实例', 3, 'com.ruoyi.web.controller.system.WorkflowController.deleteProcessInstance()', 'DELETE', 1, 'admin', '研发部门', '/ops/workflow/instance/2b57cbeb-0cd4-11f1-af46-e8b0c5b428ba', '127.0.0.1', '内网IP', '"2b57cbeb-0cd4-11f1-af46-e8b0c5b428ba" ', '{"msg":"操作成功","code":200}', 0, NULL, '2026-02-18T22:17:20', 455);
INSERT INTO `sys_oper_log` VALUES (240, '删除流程实例', 3, 'com.ruoyi.web.controller.system.WorkflowController.deleteProcessInstance()', 'DELETE', 1, 'admin', '研发部门', '/ops/workflow/instance/2b57cbeb-0cd4-11f1-af46-e8b0c5b428ba', '127.0.0.1', '内网IP', '"2b57cbeb-0cd4-11f1-af46-e8b0c5b428ba" ', '{"msg":"操作成功","code":200}', 0, NULL, '2026-02-18T22:17:24', 193);
INSERT INTO `sys_oper_log` VALUES (241, 'JVM监控', 0, 'com.ruoyi.web.controller.monitor.JvmMonitorController.triggerGc()', 'POST', 1, 'admin', '研发部门', '/monitor/jvm/gc/1', '127.0.0.1', '内网IP', '1 ', '{"msg":"GC 触发成功","code":200}', 0, NULL, '2026-02-18T22:18:11', 3231);
INSERT INTO `sys_oper_log` VALUES (242, '删除流程', 3, 'com.ruoyi.web.controller.system.WorkflowController.remove()', 'DELETE', 1, 'admin', '研发部门', '/ops/workflow/deployment/2b2faa78-0cd4-11f1-af46-e8b0c5b428ba', '127.0.0.1', '内网IP', '"2b2faa78-0cd4-11f1-af46-e8b0c5b428ba" ', '{"msg":"操作成功","code":200}', 0, NULL, '2026-02-18T22:47:03', 333);
INSERT INTO `sys_oper_log` VALUES (243, 'Release Apply', 3, 'com.ruoyi.web.controller.system.OpsReleaseApplyController.remove()', 'DELETE', 1, 'test', '若依科技', '/ops/release/18', '127.0.0.1', '内网IP', '[18] ', '{"msg":"操作成功","code":200}', 0, NULL, '2026-02-18T22:48:08', 22);
INSERT INTO `sys_oper_log` VALUES (244, 'Release Apply', 1, 'com.ruoyi.web.controller.system.OpsReleaseApplyController.add()', 'POST', 1, 'test', '若依科技', '/ops/release', '127.0.0.1', '内网IP', '{"appId":100,"applyUserId":102,"approvalStatus":"1","createBy":"test","createTime":"2026-02-18 22:48:32","currentStep":1,"description":"","environment":"prod","id":19,"params":{},"processInstanceId":"e5a60db5-0cd8-11f1-af46-e8b0c5b428ba","scriptContent":"steps:\\n  - name: pull_code\\n    command: git pull\\n  - name: stop_app\\n    command: ./stop.sh\\n  - name: backup\\n    command: cp -r app app_backup_${timestamp}\\n  - name: replace_jar\\n    command: cp target/*.jar app/\\n  - name: start_app\\n    command: ./start.sh\\n  - name: health_check\\n    url: ${health_check_url}\\n    timeout: 30\\n    retry: 3","status":"1","templateId":1,"title":"Java标准部署模板 - 发布 - 2026/2/18 22:48:27","totalSteps":1,"version":"v1771426107498"} ', '{"msg":"操作成功","code":200}', 0, NULL, '2026-02-18T22:48:33', 526);
INSERT INTO `sys_oper_log` VALUES (245, 'Release Audit', 2, 'com.ruoyi.web.controller.system.OpsReleaseApplyController.audit()', 'PUT', 1, 'admin', '研发部门', '/ops/release/audit', '127.0.0.1', '内网IP', '{"auditReason":"","id":19,"params":{},"status":"2"} ', '{"msg":"操作成功","code":200}', 0, NULL, '2026-02-18T23:08:12', 2057);
INSERT INTO `sys_oper_log` VALUES (246, '删除流程', 3, 'com.ruoyi.web.controller.system.WorkflowController.remove()', 'DELETE', 1, 'admin', '研发部门', '/ops/workflow/deployment/e580f982-0cd8-11f1-af46-e8b0c5b428ba', '127.0.0.1', '内网IP', '"e580f982-0cd8-11f1-af46-e8b0c5b428ba" ', '{"msg":"操作成功","code":200}', 0, NULL, '2026-02-21T20:22:57', 1007);
INSERT INTO `sys_oper_log` VALUES (247, '删除流程', 3, 'com.ruoyi.web.controller.system.WorkflowController.remove()', 'DELETE', 1, 'admin', '研发部门', '/ops/workflow/deployment/3ab24870-0ccc-11f1-bfa9-e8b0c5b428ba', '127.0.0.1', '内网IP', '"3ab24870-0ccc-11f1-bfa9-e8b0c5b428ba" ', '{"msg":"操作成功","code":200}', 0, NULL, '2026-02-21T20:23:01', 228);
INSERT INTO `sys_oper_log` VALUES (248, '删除流程', 3, 'com.ruoyi.web.controller.system.WorkflowController.remove()', 'DELETE', 1, 'admin', '研发部门', '/ops/workflow/deployment/43bd2665-0ccb-11f1-83e2-e8b0c5b428ba', '127.0.0.1', '内网IP', '"43bd2665-0ccb-11f1-83e2-e8b0c5b428ba" ', '{"msg":"操作成功","code":200}', 0, NULL, '2026-02-21T20:34:05', 2266);
INSERT INTO `sys_oper_log` VALUES (249, 'BPMN部署', 1, 'com.ruoyi.web.controller.system.WorkflowController.deployXml()', 'POST', 1, 'admin', '研发部门', '/ops/workflow/deployXml', '127.0.0.1', '内网IP', '{"bpmnXml":"<?xml version=\\"1.0\\" encoding=\\"UTF-8\\"?>\\n<definitions xmlns=\\"http://www.omg.org/spec/BPMN/20100524/MODEL\\" xmlns:xsi=\\"http://www.w3.org/2001/XMLSchema-instance\\" xmlns:bpmndi=\\"http://www.omg.org/spec/BPMN/20100524/DI\\" xmlns:omgdc=\\"http://www.omg.org/spec/DD/20100524/DC\\" xmlns:omgdi=\\"http://www.omg.org/spec/DD/20100524/DI\\" xmlns:flowable=\\"http://flowable.org/bpmn\\" targetNamespace=\\"http://www.flowable.org/processdef\\">\\n  <process id=\\"release_approval_0_prod\\" name=\\"全局默认-prod发布审批\\" isExecutable=\\"true\\">\\n    <startEvent id=\\"startEvent\\" name=\\"开始\\" />\\n    <sequenceFlow id=\\"flow_start_step1\\" sourceRef=\\"startEvent\\" targetRef=\\"step_1\\" />\\n    <userTask id=\\"step_1\\" name=\\"第1步\\" flowable:assignee=\\"ejsp\\" />\\n    <endEvent id=\\"endEvent\\" name=\\"结束\\" />\\n    <sequenceFlow id=\\"flow_last_end\\" sourceRef=\\"step_1\\" targetRef=\\"endEvent\\" />\\n  </process>\\n  <bpmndi:BPMNDiagram id=\\"BPMNDiagram_1\\">\\n    <bpmndi:BPMNPlane id=\\"BPMNPlane_1\\" bpmnElement=\\"release_approval_0_prod\\">\\n      <bpmndi:BPMNShape id=\\"_BPMNShape_StartEvent_2\\" bpmnElement=\\"startEvent\\">\\n        <omgdc:Bounds x=\\"150\\" y=\\"100\\" width=\\"36\\" height=\\"36\\" />\\n        <bpmndi:BPMNLabel>\\n          <omgdc:Bounds x=\\"157\\" y=\\"143\\" width=\\"23\\" height=\\"14\\" />\\n        </bpmndi:BPMNLabel>\\n      </bpmndi:BPMNShape>\\n      <bpmndi:BPMNShape id=\\"BPMNShape_step_1\\" bpmnElement=\\"step_1\\">\\n        <omgdc:Bounds x=\\"250\\" y=\\"78\\" width=\\"100\\" height=\\"80\\" />\\n      </bpmndi:BPMNShape>\\n      <bpmndi:BPMNShape id=\\"BPMNShape_endEvent\\" bpmnElement=\\"endEvent\\">\\n        <omgdc:Bounds x=\\"400\\" y=\\"100\\" width=\\"36\\" height=\\"36\\" />\\n        <bpmndi:BPMNLabel>\\n          <omgdc:Bounds x=\\"407\\" y=\\"143\\" width=\\"23\\" height=\\"14\\" />\\n        </bpmndi:BPMNLabel>\\n      </bpmndi:BPMNShape>\\n      <bpmndi:BPMNEdge id=\\"BPMNEdge_flow_start_step1\\" bpmnElement=\\"flow_start_step1\\">\\n        <omgdi:waypoint x=\\"186\\" y=\\"118\\" />\\n        <omgdi:waypoint x=\\"250\\" y=\\', '{"msg":"操作成功","code":200,"data":{"deploymentId":"5be95995-0f22-11f1-b93a-e8b0c5b428ba","name":"全局默认-prod发布审批"}}', 0, NULL, '2026-02-21T20:39:30', 3469);
INSERT INTO `sys_oper_log` VALUES (250, '删除流程', 3, 'com.ruoyi.web.controller.system.WorkflowController.remove()', 'DELETE', 1, 'admin', '研发部门', '/ops/workflow/deployment/5be95995-0f22-11f1-b93a-e8b0c5b428ba', '127.0.0.1', '内网IP', '"5be95995-0f22-11f1-b93a-e8b0c5b428ba" ', '{"msg":"操作成功","code":200}', 0, NULL, '2026-02-21T20:39:48', 643);
INSERT INTO `sys_oper_log` VALUES (251, 'BPMN部署', 1, 'com.ruoyi.web.controller.system.WorkflowController.deployXml()', 'POST', 1, 'admin', '研发部门', '/ops/workflow/deployXml', '127.0.0.1', '内网IP', '{"bpmnXml":"<?xml version=\\"1.0\\" encoding=\\"UTF-8\\"?>\\n<definitions xmlns=\\"http://www.omg.org/spec/BPMN/20100524/MODEL\\" xmlns:xsi=\\"http://www.w3.org/2001/XMLSchema-instance\\" xmlns:bpmndi=\\"http://www.omg.org/spec/BPMN/20100524/DI\\" xmlns:omgdc=\\"http://www.omg.org/spec/DD/20100524/DC\\" xmlns:omgdi=\\"http://www.omg.org/spec/DD/20100524/DI\\" xmlns:flowable=\\"http://flowable.org/bpmn\\" targetNamespace=\\"http://www.flowable.org/processdef\\">\\n  <process id=\\"release_approval_0_prod\\" name=\\"全局默认-prod发布审批\\" isExecutable=\\"true\\">\\n    <startEvent id=\\"startEvent\\" name=\\"开始\\" />\\n    <sequenceFlow id=\\"flow_start_step1\\" sourceRef=\\"startEvent\\" targetRef=\\"step_1\\" />\\n    <userTask id=\\"step_1\\" name=\\"第1步\\" flowable:assignee=\\"ejsp\\" />\\n    <endEvent id=\\"endEvent\\" name=\\"结束\\" />\\n    <sequenceFlow id=\\"flow_last_end\\" sourceRef=\\"step_1\\" targetRef=\\"endEvent\\" />\\n  </process>\\n  <bpmndi:BPMNDiagram id=\\"BPMNDiagram_1\\">\\n    <bpmndi:BPMNPlane id=\\"BPMNPlane_1\\" bpmnElement=\\"release_approval_0_prod\\">\\n      <bpmndi:BPMNShape id=\\"_BPMNShape_StartEvent_2\\" bpmnElement=\\"startEvent\\">\\n        <omgdc:Bounds x=\\"150\\" y=\\"100\\" width=\\"36\\" height=\\"36\\" />\\n        <bpmndi:BPMNLabel>\\n          <omgdc:Bounds x=\\"157\\" y=\\"143\\" width=\\"23\\" height=\\"14\\" />\\n        </bpmndi:BPMNLabel>\\n      </bpmndi:BPMNShape>\\n      <bpmndi:BPMNShape id=\\"BPMNShape_step_1\\" bpmnElement=\\"step_1\\">\\n        <omgdc:Bounds x=\\"250\\" y=\\"78\\" width=\\"100\\" height=\\"80\\" />\\n      </bpmndi:BPMNShape>\\n      <bpmndi:BPMNShape id=\\"BPMNShape_endEvent\\" bpmnElement=\\"endEvent\\">\\n        <omgdc:Bounds x=\\"400\\" y=\\"100\\" width=\\"36\\" height=\\"36\\" />\\n        <bpmndi:BPMNLabel>\\n          <omgdc:Bounds x=\\"407\\" y=\\"143\\" width=\\"23\\" height=\\"14\\" />\\n        </bpmndi:BPMNLabel>\\n      </bpmndi:BPMNShape>\\n      <bpmndi:BPMNEdge id=\\"BPMNEdge_flow_start_step1\\" bpmnElement=\\"flow_start_step1\\">\\n        <omgdi:waypoint x=\\"186\\" y=\\"118\\" />\\n        <omgdi:waypoint x=\\"250\\" y=\\', '{"msg":"操作成功","code":200,"data":{"deploymentId":"73833859-0f22-11f1-b93a-e8b0c5b428ba","name":"全局默认-prod发布审批"}}', 0, NULL, '2026-02-21T20:40:07', 630);
INSERT INTO `sys_oper_log` VALUES (252, 'Release Apply', 3, 'com.ruoyi.web.controller.system.OpsReleaseApplyController.remove()', 'DELETE', 1, 'admin', '研发部门', '/ops/release/19', '127.0.0.1', '内网IP', '[19] ', '{"msg":"操作成功","code":200}', 0, NULL, '2026-02-21T20:48:05', 32);
INSERT INTO `sys_oper_log` VALUES (253, 'Release Apply', 1, 'com.ruoyi.web.controller.system.OpsReleaseApplyController.add()', 'POST', 1, 'admin', '研发部门', '/ops/release', '127.0.0.1', '内网IP', '{"appId":100,"applyUserId":1,"approvalStatus":"1","createBy":"admin","createTime":"2026-02-21 20:50:31","currentStep":1,"description":"","environment":"prod","id":20,"params":{},"processInstanceId":"e8247070-0f23-11f1-b93a-e8b0c5b428ba","scriptContent":"steps:\\n  - name: pull_code\\n    command: git pull\\n  - name: stop_app\\n    command: ./stop.sh\\n  - name: backup\\n    command: cp -r app app_backup_${timestamp}\\n  - name: replace_jar\\n    command: cp target/*.jar app/\\n  - name: start_app\\n    command: ./start.sh\\n  - name: health_check\\n    url: ${health_check_url}\\n    timeout: 30\\n    retry: 3","status":"1","templateId":1,"title":"Java标准部署模板 - 发布 - 2026年2月21日 下午8:50:28","totalSteps":1,"version":"v1771678228032"} ', '{"msg":"操作成功","code":200}', 0, NULL, '2026-02-21T20:50:32', 939);
INSERT INTO `sys_oper_log` VALUES (254, '删除流程实例', 3, 'com.ruoyi.web.controller.system.WorkflowController.deleteProcessInstance()', 'DELETE', 1, 'admin', '研发部门', '/ops/workflow/instance/e8247070-0f23-11f1-b93a-e8b0c5b428ba', '127.0.0.1', '内网IP', '["e8247070-0f23-11f1-b93a-e8b0c5b428ba"] ', '{"msg":"操作成功","code":200}', 0, NULL, '2026-02-21T21:14:47', 1682);
INSERT INTO `sys_oper_log` VALUES (255, 'Release Apply', 3, 'com.ruoyi.web.controller.system.OpsReleaseApplyController.remove()', 'DELETE', 1, 'admin', '研发部门', '/ops/release/20', '127.0.0.1', '内网IP', '[20] ', '{"msg":"操作成功","code":200}', 0, NULL, '2026-02-21T21:15:09', 33);
INSERT INTO `sys_oper_log` VALUES (256, 'Release Apply', 1, 'com.ruoyi.web.controller.system.OpsReleaseApplyController.add()', 'POST', 1, 'admin', '研发部门', '/ops/release', '127.0.0.1', '内网IP', '{"appId":100,"applyUserId":1,"approvalStatus":"1","createBy":"admin","createTime":"2026-02-21 21:15:20","currentStep":1,"description":"","environment":"prod","id":21,"params":{},"processInstanceId":"600494d6-0f27-11f1-ac54-e8b0c5b428ba","scriptContent":"steps:\\n  - name: pull_code\\n    command: git pull\\n  - name: stop_app\\n    command: ./stop.sh\\n  - name: backup\\n    command: cp -r app app_backup_${timestamp}\\n  - name: replace_jar\\n    command: cp target/*.jar app/\\n  - name: start_app\\n    command: ./start.sh\\n  - name: health_check\\n    url: ${health_check_url}\\n    timeout: 30\\n    retry: 3","status":"1","templateId":1,"title":"Java标准部署模板 - 发布 - 2026年2月21日 下午9:15:16","totalSteps":1,"version":"v1771679716754"} ', '{"msg":"操作成功","code":200}', 0, NULL, '2026-02-21T21:15:21', 995);
INSERT INTO `sys_oper_log` VALUES (257, '删除流程', 3, 'com.ruoyi.web.controller.system.WorkflowController.remove()', 'DELETE', 1, 'admin', '研发部门', '/ops/workflow/deployment/5fbc8f53-0f27-11f1-ac54-e8b0c5b428ba', '127.0.0.1', '内网IP', '"5fbc8f53-0f27-11f1-ac54-e8b0c5b428ba" ', '{"msg":"操作成功","code":200}', 0, NULL, '2026-02-21T21:17', 1350);
INSERT INTO `sys_oper_log` VALUES (258, 'Release Apply', 1, 'com.ruoyi.web.controller.system.OpsReleaseApplyController.add()', 'POST', 1, 'admin', '研发部门', '/ops/release', '127.0.0.1', '内网IP', '{"appId":100,"applyUserId":1,"approvalStatus":"1","createBy":"admin","createTime":"2026-02-21 21:17:21","currentStep":1,"description":"","environment":"prod","id":22,"params":{},"processInstanceId":"a7d9dd21-0f27-11f1-ac54-e8b0c5b428ba","scriptContent":"steps:\\n  - name: pull_code\\n    command: git pull\\n  - name: stop_app\\n    command: ./stop.sh\\n  - name: backup\\n    command: cp -r app app_backup_${timestamp}\\n  - name: replace_jar\\n    command: cp target/*.jar app/\\n  - name: start_app\\n    command: ./start.sh\\n  - name: health_check\\n    url: ${health_check_url}\\n    timeout: 30\\n    retry: 3","status":"1","templateId":1,"title":"Java标准部署模板 - 发布 - 2026年2月21日 下午9:17:18","totalSteps":1,"version":"v1771679838431"} ', '{"msg":"操作成功","code":200}', 0, NULL, '2026-02-21T21:17:22', 404);
INSERT INTO `sys_oper_log` VALUES (259, '删除流程', 3, 'com.ruoyi.web.controller.system.WorkflowController.remove()', 'DELETE', 1, 'admin', '研发部门', '/ops/workflow/deployment/a7b7af1e-0f27-11f1-ac54-e8b0c5b428ba', '127.0.0.1', '内网IP', '"a7b7af1e-0f27-11f1-ac54-e8b0c5b428ba" ', '{"msg":"操作成功","code":200}', 0, NULL, '2026-02-21T21:18:56', 990);
INSERT INTO `sys_oper_log` VALUES (260, 'Release Apply', 1, 'com.ruoyi.web.controller.system.OpsReleaseApplyController.add()', 'POST', 1, 'admin', '研发部门', '/ops/release', '127.0.0.1', '内网IP', '{"appId":100,"applyUserId":1,"approvalStatus":"1","createBy":"admin","createTime":"2026-02-21 21:19:18","currentStep":1,"description":"","environment":"prod","id":23,"params":{},"processInstanceId":"ed4ea02c-0f27-11f1-ac54-e8b0c5b428ba","scriptContent":"steps:\\n  - name: pull_code\\n    command: git pull\\n  - name: stop_app\\n    command: ./stop.sh\\n  - name: backup\\n    command: cp -r app app_backup_${timestamp}\\n  - name: replace_jar\\n    command: cp target/*.jar app/\\n  - name: start_app\\n    command: ./start.sh\\n  - name: health_check\\n    url: ${health_check_url}\\n    timeout: 30\\n    retry: 3","status":"1","templateId":1,"title":"Java标准部署模板 - 发布 - 2026年2月21日 下午9:19:15","totalSteps":1,"version":"v1771679955336"} ', '{"msg":"操作成功","code":200}', 0, NULL, '2026-02-21T21:19:18', 469);
INSERT INTO `sys_oper_log` VALUES (261, '删除流程', 3, 'com.ruoyi.web.controller.system.WorkflowController.remove()', 'DELETE', 1, 'admin', '研发部门', '/ops/workflow/deployment/ed2cc049-0f27-11f1-ac54-e8b0c5b428ba', '127.0.0.1', '内网IP', '"ed2cc049-0f27-11f1-ac54-e8b0c5b428ba" ', '{"msg":"操作成功","code":200}', 0, NULL, '2026-02-21T21:39:03', 1685);
INSERT INTO `sys_oper_log` VALUES (262, '删除流程', 3, 'com.ruoyi.web.controller.system.WorkflowController.remove()', 'DELETE', 1, 'admin', '研发部门', '/ops/workflow/deployment/73833859-0f22-11f1-b93a-e8b0c5b428ba', '127.0.0.1', '内网IP', '"73833859-0f22-11f1-b93a-e8b0c5b428ba" ', '{"msg":"操作成功","code":200}', 0, NULL, '2026-02-21T21:39:06', 305);
INSERT INTO `sys_oper_log` VALUES (263, 'BPMN部署', 1, 'com.ruoyi.web.controller.system.WorkflowController.deployXml()', 'POST', 1, 'admin', '研发部门', '/ops/workflow/deployXml', '127.0.0.1', '内网IP', '{"bpmnXml":"<?xml version=\\"1.0\\" encoding=\\"UTF-8\\"?>\\n<definitions xmlns=\\"http://www.omg.org/spec/BPMN/20100524/MODEL\\" xmlns:xsi=\\"http://www.w3.org/2001/XMLSchema-instance\\" xmlns:bpmndi=\\"http://www.omg.org/spec/BPMN/20100524/DI\\" xmlns:omgdc=\\"http://www.omg.org/spec/DD/20100524/DC\\" xmlns:omgdi=\\"http://www.omg.org/spec/DD/20100524/DI\\" xmlns:flowable=\\"http://flowable.org/bpmn\\" targetNamespace=\\"http://www.flowable.org/processdef\\">\\n  <process id=\\"release_approval_0_prod\\" name=\\"全局默认-prod发布审批\\" isExecutable=\\"true\\">\\n    <startEvent id=\\"startEvent\\" />\\n    <sequenceFlow id=\\"flow_start_step1\\" sourceRef=\\"startEvent\\" targetRef=\\"step_1\\" />\\n    <userTask id=\\"step_1\\" name=\\"第1步\\" flowable:assignee=\\"ejsp\\" />\\n    <endEvent id=\\"endEvent\\" />\\n    <sequenceFlow id=\\"flow_last_end\\" sourceRef=\\"step_1\\" targetRef=\\"endEvent\\" />\\n  </process>\\n  <bpmndi:BPMNDiagram id=\\"BPMNDiagram_1\\">\\n    <bpmndi:BPMNPlane id=\\"BPMNPlane_1\\" bpmnElement=\\"release_approval_0_prod\\">\\n      <bpmndi:BPMNShape id=\\"_BPMNShape_StartEvent_2\\" bpmnElement=\\"startEvent\\">\\n        <omgdc:Bounds x=\\"150\\" y=\\"100\\" width=\\"36\\" height=\\"36\\" />\\n      </bpmndi:BPMNShape>\\n      <bpmndi:BPMNShape id=\\"BPMNShape_step_1\\" bpmnElement=\\"step_1\\">\\n        <omgdc:Bounds x=\\"250\\" y=\\"78\\" width=\\"100\\" height=\\"80\\" />\\n      </bpmndi:BPMNShape>\\n      <bpmndi:BPMNShape id=\\"BPMNShape_endEvent\\" bpmnElement=\\"endEvent\\">\\n        <omgdc:Bounds x=\\"400\\" y=\\"100\\" width=\\"36\\" height=\\"36\\" />\\n      </bpmndi:BPMNShape>\\n      <bpmndi:BPMNEdge id=\\"BPMNEdge_flow_start_step1\\" bpmnElement=\\"flow_start_step1\\">\\n        <omgdi:waypoint x=\\"186\\" y=\\"118\\" />\\n        <omgdi:waypoint x=\\"250\\" y=\\"118\\" />\\n      </bpmndi:BPMNEdge>\\n      <bpmndi:BPMNEdge id=\\"BPMNEdge_flow_last_end\\" bpmnElement=\\"flow_last_end\\">\\n        <omgdi:waypoint x=\\"350\\" y=\\"118\\" />\\n        <omgdi:waypoint x=\\"400\\" y=\\"118\\" />\\n      </bpmndi:BPMNEdge>\\n    </bpmndi:BPMNPlane>\\n  </bpmndi:BPMNDiag', '{"msg":"操作成功","code":200,"data":{"deploymentId":"c0003c78-0f2a-11f1-bad4-e8b0c5b428ba","name":"全局默认-prod发布审批"}}', 0, NULL, '2026-02-21T21:39:34', 3603);
INSERT INTO `sys_oper_log` VALUES (264, 'Release Apply', 1, 'com.ruoyi.web.controller.system.OpsReleaseApplyController.add()', 'POST', 1, 'admin', '研发部门', '/ops/release', '127.0.0.1', '内网IP', '{"appId":100,"applyUserId":1,"approvalStatus":"1","createBy":"admin","createTime":"2026-02-21 21:39:54","currentStep":1,"description":"","environment":"prod","id":24,"params":{},"scriptContent":"steps:\\n  - name: pull_code\\n    command: git pull\\n  - name: stop_app\\n    command: ./stop.sh\\n  - name: backup\\n    command: cp -r app app_backup_${timestamp}\\n  - name: replace_jar\\n    command: cp target/*.jar app/\\n  - name: start_app\\n    command: ./start.sh\\n  - name: health_check\\n    url: ${health_check_url}\\n    timeout: 30\\n    retry: 3","status":"1","templateId":1,"title":"Java标准部署模板 - 发布 - 2026年2月21日 下午9:39:46","totalSteps":1,"version":"v1771681186618"} ', NULL, 1, 'No process definition found for key \'release_prod\'', '2026-02-21T21:39:54', 183);
INSERT INTO `sys_oper_log` VALUES (265, 'BPMN部署', 1, 'com.ruoyi.web.controller.system.WorkflowController.deployXml()', 'POST', 1, 'admin', '研发部门', '/ops/workflow/deployXml', '127.0.0.1', '内网IP', '{"bpmnXml":"<?xml version=\\"1.0\\" encoding=\\"UTF-8\\"?>\\n<definitions xmlns=\\"http://www.omg.org/spec/BPMN/20100524/MODEL\\" xmlns:xsi=\\"http://www.w3.org/2001/XMLSchema-instance\\" xmlns:bpmndi=\\"http://www.omg.org/spec/BPMN/20100524/DI\\" xmlns:omgdc=\\"http://www.omg.org/spec/DD/20100524/DC\\" xmlns:omgdi=\\"http://www.omg.org/spec/DD/20100524/DI\\" xmlns:flowable=\\"http://flowable.org/bpmn\\" targetNamespace=\\"http://www.flowable.org/processdef\\">\\n  <process id=\\"release_approval_0_prod\\" name=\\"全局默认-prod发布审批\\" isExecutable=\\"true\\">\\n    <startEvent id=\\"startEvent\\" />\\n    <sequenceFlow id=\\"flow_start_step1\\" sourceRef=\\"startEvent\\" targetRef=\\"step_1\\" />\\n    <userTask id=\\"step_1\\" name=\\"第1步\\" flowable:assignee=\\"sp\\" />\\n    <endEvent id=\\"endEvent\\" />\\n    <sequenceFlow id=\\"flow_last_end\\" sourceRef=\\"step_1\\" targetRef=\\"endEvent\\" />\\n  </process>\\n  <bpmndi:BPMNDiagram id=\\"BPMNDiagram_1\\">\\n    <bpmndi:BPMNPlane id=\\"BPMNPlane_1\\" bpmnElement=\\"release_approval_0_prod\\">\\n      <bpmndi:BPMNShape id=\\"_BPMNShape_StartEvent_2\\" bpmnElement=\\"startEvent\\">\\n        <omgdc:Bounds x=\\"150\\" y=\\"100\\" width=\\"36\\" height=\\"36\\" />\\n      </bpmndi:BPMNShape>\\n      <bpmndi:BPMNShape id=\\"BPMNShape_step_1\\" bpmnElement=\\"step_1\\">\\n        <omgdc:Bounds x=\\"250\\" y=\\"78\\" width=\\"100\\" height=\\"80\\" />\\n      </bpmndi:BPMNShape>\\n      <bpmndi:BPMNShape id=\\"BPMNShape_endEvent\\" bpmnElement=\\"endEvent\\">\\n        <omgdc:Bounds x=\\"400\\" y=\\"100\\" width=\\"36\\" height=\\"36\\" />\\n      </bpmndi:BPMNShape>\\n      <bpmndi:BPMNEdge id=\\"BPMNEdge_flow_start_step1\\" bpmnElement=\\"flow_start_step1\\">\\n        <omgdi:waypoint x=\\"186\\" y=\\"118\\" />\\n        <omgdi:waypoint x=\\"250\\" y=\\"118\\" />\\n      </bpmndi:BPMNEdge>\\n      <bpmndi:BPMNEdge id=\\"BPMNEdge_flow_last_end\\" bpmnElement=\\"flow_last_end\\">\\n        <omgdi:waypoint x=\\"350\\" y=\\"118\\" />\\n        <omgdi:waypoint x=\\"400\\" y=\\"118\\" />\\n      </bpmndi:BPMNEdge>\\n    </bpmndi:BPMNPlane>\\n  </bpmndi:BPMNDiagra', '{"msg":"操作成功","code":200,"data":{"deploymentId":"7347d129-0f2c-11f1-ac97-e8b0c5b428ba","name":"全局默认-prod发布审批"}}', 0, NULL, '2026-02-21T21:51:45', 4007);
INSERT INTO `sys_oper_log` VALUES (266, 'Release Apply', 1, 'com.ruoyi.web.controller.system.OpsReleaseApplyController.add()', 'POST', 1, 'admin', '研发部门', '/ops/release', '127.0.0.1', '内网IP', '{"appId":100,"applyUserId":1,"createBy":"admin","createTime":"2026-02-21 21:52:27","description":"","environment":"prod","params":{},"scriptContent":"steps:\\n  - name: pull_code\\n    command: git pull\\n  - name: stop_app\\n    command: ./stop.sh\\n  - name: backup\\n    command: cp -r app app_backup_${timestamp}\\n  - name: replace_jar\\n    command: cp target/*.jar app/\\n  - name: start_app\\n    command: ./start.sh\\n  - name: health_check\\n    url: ${health_check_url}\\n    timeout: 30\\n    retry: 3","status":"1","templateId":1,"title":"Java标准部署模板 - 发布 - 2026年2月21日 下午9:52:21","version":"v1771681941151"} ', NULL, 1, '环境[prod]配置了审批流程[release_prod]，但未找到对应的流程定义。请先在流程设计中部署该流程。', '2026-02-21T21:52:27', 80);
INSERT INTO `sys_oper_log` VALUES (267, 'Release Apply', 1, 'com.ruoyi.web.controller.system.OpsReleaseApplyController.add()', 'POST', 1, 'admin', '研发部门', '/ops/release', '127.0.0.1', '内网IP', '{"appId":100,"applyUserId":1,"createBy":"admin","createTime":"2026-02-21 21:52:29","description":"","environment":"prod","params":{},"scriptContent":"steps:\\n  - name: pull_code\\n    command: git pull\\n  - name: stop_app\\n    command: ./stop.sh\\n  - name: backup\\n    command: cp -r app app_backup_${timestamp}\\n  - name: replace_jar\\n    command: cp target/*.jar app/\\n  - name: start_app\\n    command: ./start.sh\\n  - name: health_check\\n    url: ${health_check_url}\\n    timeout: 30\\n    retry: 3","status":"1","templateId":1,"title":"Java标准部署模板 - 发布 - 2026年2月21日 下午9:52:21","version":"v1771681941151"} ', NULL, 1, '环境[prod]配置了审批流程[release_prod]，但未找到对应的流程定义。请先在流程设计中部署该流程。', '2026-02-21T21:52:29', 30);
INSERT INTO `sys_oper_log` VALUES (268, 'Release Apply', 1, 'com.ruoyi.web.controller.system.OpsReleaseApplyController.add()', 'POST', 1, 'admin', '研发部门', '/ops/release', '127.0.0.1', '内网IP', '{"appId":100,"applyUserId":1,"createBy":"admin","createTime":"2026-02-21 21:52:33","description":"","environment":"prod","params":{},"scriptContent":"steps:\\n  - name: pull_code\\n    command: git pull\\n  - name: stop_app\\n    command: ./stop.sh\\n  - name: backup\\n    command: cp -r app app_backup_${timestamp}\\n  - name: replace_jar\\n    command: cp target/*.jar app/\\n  - name: start_app\\n    command: ./start.sh\\n  - name: health_check\\n    url: ${health_check_url}\\n    timeout: 30\\n    retry: 3","status":"1","templateId":1,"title":"Java标准部署模板 - 发布 - 2026年2月21日 下午9:52:21","version":"v1771681941151"} ', NULL, 1, '环境[prod]配置了审批流程[release_prod]，但未找到对应的流程定义。请先在流程设计中部署该流程。', '2026-02-21T21:52:33', 36);
INSERT INTO `sys_oper_log` VALUES (269, '删除流程', 3, 'com.ruoyi.web.controller.system.WorkflowController.remove()', 'DELETE', 1, 'admin', '研发部门', '/ops/workflow/deployment/7347d129-0f2c-11f1-ac97-e8b0c5b428ba', '127.0.0.1', '内网IP', '"7347d129-0f2c-11f1-ac97-e8b0c5b428ba" ', '{"msg":"操作成功","code":200}', 0, NULL, '2026-02-21T21:55:26', 488);
INSERT INTO `sys_oper_log` VALUES (270, 'BPMN部署', 1, 'com.ruoyi.web.controller.system.WorkflowController.deployXml()', 'POST', 1, 'admin', '研发部门', '/ops/workflow/deployXml', '127.0.0.1', '内网IP', '{"bpmnXml":"<?xml version=\\"1.0\\" encoding=\\"UTF-8\\"?>\\n<definitions xmlns=\\"http://www.omg.org/spec/BPMN/20100524/MODEL\\" xmlns:xsi=\\"http://www.w3.org/2001/XMLSchema-instance\\" xmlns:bpmndi=\\"http://www.omg.org/spec/BPMN/20100524/DI\\" xmlns:omgdc=\\"http://www.omg.org/spec/DD/20100524/DC\\" xmlns:omgdi=\\"http://www.omg.org/spec/DD/20100524/DI\\" xmlns:flowable=\\"http://flowable.org/bpmn\\" targetNamespace=\\"http://www.flowable.org/processdef\\">\\n  <process id=\\"release_prod\\" name=\\"全局默认-prod发布审批\\" isExecutable=\\"true\\">\\n    <startEvent id=\\"startEvent\\" />\\n    <sequenceFlow id=\\"flow_start_step1\\" sourceRef=\\"startEvent\\" targetRef=\\"step_1\\" />\\n    <userTask id=\\"step_1\\" name=\\"第1步\\" flowable:assignee=\\"ejsp\\" />\\n    <endEvent id=\\"endEvent\\" />\\n    <sequenceFlow id=\\"flow_last_end\\" sourceRef=\\"step_1\\" targetRef=\\"endEvent\\" />\\n  </process>\\n  <bpmndi:BPMNDiagram id=\\"BPMNDiagram_1\\">\\n    <bpmndi:BPMNPlane id=\\"BPMNPlane_1\\" bpmnElement=\\"release_approval_0_prod\\">\\n      <bpmndi:BPMNShape id=\\"_BPMNShape_StartEvent_2\\" bpmnElement=\\"startEvent\\">\\n        <omgdc:Bounds x=\\"150\\" y=\\"100\\" width=\\"36\\" height=\\"36\\" />\\n      </bpmndi:BPMNShape>\\n      <bpmndi:BPMNShape id=\\"BPMNShape_step_1\\" bpmnElement=\\"step_1\\">\\n        <omgdc:Bounds x=\\"250\\" y=\\"78\\" width=\\"100\\" height=\\"80\\" />\\n      </bpmndi:BPMNShape>\\n      <bpmndi:BPMNShape id=\\"BPMNShape_endEvent\\" bpmnElement=\\"endEvent\\">\\n        <omgdc:Bounds x=\\"400\\" y=\\"100\\" width=\\"36\\" height=\\"36\\" />\\n      </bpmndi:BPMNShape>\\n      <bpmndi:BPMNEdge id=\\"BPMNEdge_flow_start_step1\\" bpmnElement=\\"flow_start_step1\\">\\n        <omgdi:waypoint x=\\"186\\" y=\\"118\\" />\\n        <omgdi:waypoint x=\\"250\\" y=\\"118\\" />\\n      </bpmndi:BPMNEdge>\\n      <bpmndi:BPMNEdge id=\\"BPMNEdge_flow_last_end\\" bpmnElement=\\"flow_last_end\\">\\n        <omgdi:waypoint x=\\"350\\" y=\\"118\\" />\\n        <omgdi:waypoint x=\\"400\\" y=\\"118\\" />\\n      </bpmndi:BPMNEdge>\\n    </bpmndi:BPMNPlane>\\n  </bpmndi:BPMNDiagram>\\n</def', '{"msg":"操作成功","code":200,"data":{"deploymentId":"08cccb6d-0f2d-11f1-ac97-e8b0c5b428ba","name":"全局默认-prod发布审批"}}', 0, NULL, '2026-02-21T21:55:52', 584);
INSERT INTO `sys_oper_log` VALUES (271, 'Release Apply', 3, 'com.ruoyi.web.controller.system.OpsReleaseApplyController.remove()', 'DELETE', 1, 'admin', '研发部门', '/ops/release/21,22,23,24', '127.0.0.1', '内网IP', '[21,22,23,24] ', '{"msg":"操作成功","code":200}', 0, NULL, '2026-02-21T21:56:03', 35);
INSERT INTO `sys_oper_log` VALUES (272, 'Release Apply', 1, 'com.ruoyi.web.controller.system.OpsReleaseApplyController.add()', 'POST', 1, 'admin', '研发部门', '/ops/release', '127.0.0.1', '内网IP', '{"appId":100,"applyUserId":1,"approvalStatus":"1","createBy":"admin","createTime":"2026-02-21 21:56:19","currentStep":1,"description":"","environment":"prod","id":25,"params":{},"processInstanceId":"19358a11-0f2d-11f1-ac97-e8b0c5b428ba","scriptContent":"steps:\\n  - name: pull_code\\n    command: git pull\\n  - name: stop_app\\n    command: ./stop.sh\\n  - name: backup\\n    command: cp -r app app_backup_${timestamp}\\n  - name: replace_jar\\n    command: cp target/*.jar app/\\n  - name: start_app\\n    command: ./start.sh\\n  - name: health_check\\n    url: ${health_check_url}\\n    timeout: 30\\n    retry: 3","status":"1","templateId":1,"title":"Java标准部署模板 - 发布 - 2026年2月21日 下午9:56:15","totalSteps":1,"version":"v1771682175548"} ', '{"msg":"操作成功","code":200}', 0, NULL, '2026-02-21T21:56:20', 723);
INSERT INTO `sys_oper_log` VALUES (273, '个人信息', 2, 'com.ruoyi.web.controller.system.SysProfileController.updatePwd()', 'PUT', 1, 'ejsp', '深圳总公司', '/system/user/profile/updatePwd', '127.0.0.1', '内网IP', '{} ', '{"msg":"操作成功","code":200}', 0, NULL, '2026-02-21T21:58:01', 817);
INSERT INTO `sys_oper_log` VALUES (274, 'Release Apply', 3, 'com.ruoyi.web.controller.system.OpsReleaseApplyController.remove()', 'DELETE', 1, 'admin', '研发部门', '/ops/release/25', '127.0.0.1', '内网IP', '[25] ', '{"msg":"操作成功","code":200}', 0, NULL, '2026-02-23T19:43:59', 48);
INSERT INTO `sys_oper_log` VALUES (275, 'Release Apply', 1, 'com.ruoyi.web.controller.system.OpsReleaseApplyController.add()', 'POST', 1, 'admin', '研发部门', '/ops/release', '127.0.0.1', '内网IP', '{"appId":100,"applyUserId":1,"approvalStatus":"1","createBy":"admin","createTime":"2026-02-23 19:44:15","currentStep":1,"description":"","environment":"prod","id":26,"params":{},"processInstanceId":"fb77393c-10ac-11f1-a966-e8b0c5b428ba","scriptContent":"steps:\\n  - name: pull_code\\n    command: git pull\\n  - name: stop_app\\n    command: ./stop.sh\\n  - name: backup\\n    command: cp -r app app_backup_${timestamp}\\n  - name: replace_jar\\n    command: cp target/*.jar app/\\n  - name: start_app\\n    command: ./start.sh\\n  - name: health_check\\n    url: ${health_check_url}\\n    timeout: 30\\n    retry: 3","status":"1","templateId":1,"title":"Java标准部署模板 - 发布 - 2026年2月23日 下午7:44:08","totalSteps":1,"version":"v1771847048456"} ', '{"msg":"操作成功","code":200}', 0, NULL, '2026-02-23T19:44:17', 1233);
INSERT INTO `sys_oper_log` VALUES (276, 'Release Apply', 3, 'com.ruoyi.web.controller.system.OpsReleaseApplyController.remove()', 'DELETE', 1, 'admin', '研发部门', '/ops/release/26', '127.0.0.1', '内网IP', '[26] ', '{"msg":"操作成功","code":200}', 0, NULL, '2026-02-23T20:04:35', 45);
INSERT INTO `sys_oper_log` VALUES (277, 'Cancel Release Apply', 2, 'com.ruoyi.web.controller.system.OpsReleaseApplyController.cancel()', 'POST', 1, 'admin', '研发部门', '/ops/release/cancel/26', '127.0.0.1', '内网IP', '26 ', NULL, 1, '申请不存在', '2026-02-23T20:07:04', 31);
INSERT INTO `sys_oper_log` VALUES (278, 'Cancel Release Apply', 2, 'com.ruoyi.web.controller.system.OpsReleaseApplyController.cancel()', 'POST', 1, 'admin', '研发部门', '/ops/release/cancel/25', '127.0.0.1', '内网IP', '25 ', NULL, 1, '申请不存在', '2026-02-23T20:07:07', 21);
INSERT INTO `sys_oper_log` VALUES (279, 'Release Apply', 1, 'com.ruoyi.web.controller.system.OpsReleaseApplyController.add()', 'POST', 1, 'admin', '研发部门', '/ops/release', '127.0.0.1', '内网IP', '{"appId":100,"applyUserId":1,"approvalStatus":"1","createBy":"admin","createTime":"2026-02-23 20:11:47","currentStep":1,"description":"","environment":"prod","id":27,"params":{},"processInstanceId":"d3f149d2-10b0-11f1-a843-e8b0c5b428ba","scriptContent":"steps:\\n  - name: pull_code\\n    command: git pull\\n  - name: stop_app\\n    command: ./stop.sh\\n  - name: backup\\n    command: cp -r app app_backup_${timestamp}\\n  - name: replace_jar\\n    command: cp target/*.jar app/\\n  - name: start_app\\n    command: ./start.sh\\n  - name: health_check\\n    url: ${health_check_url}\\n    timeout: 30\\n    retry: 3","status":"1","templateId":1,"title":"Java标准部署模板 - 发布 - 2026年2月23日 下午8:11:42","totalSteps":1,"version":"v1771848702438"} ', '{"msg":"操作成功","code":200}', 0, NULL, '2026-02-23T20:11:48', 1342);
INSERT INTO `sys_oper_log` VALUES (280, '角色管理', 2, 'com.ruoyi.web.controller.system.SysRoleController.edit()', 'PUT', 1, 'admin', '研发部门', '/system/role', '127.0.0.1', '内网IP', '{"admin":false,"createTime":"2026-02-12 15:13:15","dataScope":"2","delFlag":"0","deptCheckStrictly":true,"flag":false,"menuCheckStrictly":true,"menuIds":[1,100,1000,1001,1002,1003,1004,1005,1006,101,1007,1008,1009,1010,1011,102,1012,1013,1014,1015,103,1016,1017,1018,1019,104,1020,1021,1022,1023,1024,105,1025,1026,1027,1028,1029,106,1030,1031,1032,1033,1034,107,1035,1036,1037,1038,108,500,1039,1040,1041,501,1042,1043,1044,1045,2,109,1046,1047,1048,110,1049,1050,1051,1052,1053,1054,111,112,113,114,3,115,116,1055,1056,1057,1058,1059,1060,117,4,2015,2016,2023,2026,2027,2030,2031,2032,2033,2040,2041,2042,2129,2130,2131,2132,2140,2141,2142,2143,2144,2145,2150,2151,2152,2153,2154,2155,2134,2050,2051,2052,2053,2054,2055,2056,2057,2058,2059,2060,2061,2062,118,1070,1061,1062,1063,2100,2111,2116,2117,2118,2119,2065,2066,2067,2068,2069,2070,2071,2072,2073,2121,2122,2123,2124,2102,2103,2104,2105],"params":{},"remark":"普通角色","roleId":2,"roleKey":"common","roleName":"普通角色","roleSort":2,"status":"0","updateBy":"admin"} ', '{"msg":"操作成功","code":200}', 0, NULL, '2026-02-23T20:17:34', 396);
INSERT INTO `sys_oper_log` VALUES (281, 'Release Apply', 3, 'com.ruoyi.web.controller.system.OpsReleaseApplyController.remove()', 'DELETE', 1, 'admin', '研发部门', '/ops/release/27', '127.0.0.1', '内网IP', '[27] ', '{"msg":"操作成功","code":200}', 0, NULL, '2026-02-23T20:19:02', 26);
INSERT INTO `sys_oper_log` VALUES (282, 'Cancel Release Apply', 2, 'com.ruoyi.web.controller.system.OpsReleaseApplyController.cancel()', 'POST', 1, 'admin', '研发部门', '/ops/release/cancel/27', '127.0.0.1', '内网IP', '27 ', NULL, 1, '申请不存在', '2026-02-23T20:19:09', 21);
INSERT INTO `sys_oper_log` VALUES (283, 'Release Apply', 1, 'com.ruoyi.web.controller.system.OpsReleaseApplyController.add()', 'POST', 1, 'admin', '研发部门', '/ops/release', '127.0.0.1', '内网IP', '{"appId":100,"applyUserId":1,"approvalStatus":"1","createBy":"admin","createTime":"2026-02-23 20:19:33","currentStep":1,"description":"","environment":"prod","id":28,"params":{},"processInstanceId":"e9970419-10b1-11f1-ba14-e8b0c5b428ba","scriptContent":"steps:\\n  - name: pull_code\\n    command: git pull\\n  - name: stop_app\\n    command: ./stop.sh\\n  - name: backup\\n    command: cp -r app app_backup_${timestamp}\\n  - name: replace_jar\\n    command: cp target/*.jar app/\\n  - name: start_app\\n    command: ./start.sh\\n  - name: health_check\\n    url: ${health_check_url}\\n    timeout: 30\\n    retry: 3","status":"1","templateId":1,"title":"Java标准部署模板 - 发布 - 2026年2月23日 下午8:19:29","totalSteps":1,"version":"v1771849169667"} ', '{"msg":"操作成功","code":200}', 0, NULL, '2026-02-23T20:19:34', 1289);
INSERT INTO `sys_oper_log` VALUES (284, 'Release Audit', 2, 'com.ruoyi.web.controller.system.OpsReleaseApplyController.audit()', 'PUT', 1, 'ejsp', '深圳总公司', '/ops/release/audit', '127.0.0.1', '内网IP', '{"auditReason":"","id":28,"params":{},"status":"2"} ', '{"msg":"操作成功","code":200}', 0, NULL, '2026-02-23T20:19:56', 1190);
INSERT INTO `sys_oper_log` VALUES (285, '站内信', 1, 'com.ruoyi.web.controller.system.SysMessageController.add()', 'POST', 1, 'admin', '研发部门', '/system/message', '127.0.0.1', '内网IP', '{"content":"哈哈哈","createBy":"admin","messageType":"1","params":{},"receiverIds":[101],"senderId":1,"title":"测试一下"} ', '{"msg":"操作成功","code":200}', 0, NULL, '2026-02-23T21:08:52', 228);
INSERT INTO `sys_oper_log` VALUES (286, '角色管理', 2, 'com.ruoyi.web.controller.system.SysRoleController.edit()', 'PUT', 1, 'admin', '研发部门', '/system/role', '127.0.0.1', '内网IP', '{"admin":false,"createTime":"2026-02-12 15:13:15","dataScope":"2","delFlag":"0","deptCheckStrictly":true,"flag":false,"menuCheckStrictly":true,"menuIds":[1,100,1000,1001,1002,1003,1004,1005,1006,101,1007,1008,1009,1010,1011,102,1012,1013,1014,1015,103,1016,1017,1018,1019,104,1020,1021,1022,1023,1024,105,1025,1026,1027,1028,1029,106,1030,1031,1032,1033,1034,107,1035,1036,1037,1038,108,500,1039,1040,1041,501,1042,1043,1044,1045,2162,2168,2169,2170,2171,2172,2,109,1046,1047,1048,110,1049,1050,1051,1052,1053,1054,111,112,113,114,3,115,116,1055,1056,1057,1058,1059,1060,117,4,2015,2016,2023,2026,2027,2030,2031,2032,2033,2040,2041,2042,2129,2130,2131,2132,2140,2141,2142,2143,2144,2145,2150,2151,2152,2153,2154,2155,2134,2050,2051,2052,2053,2054,2055,2056,2057,2058,2059,2060,2061,2062,118,1070,1061,1062,1063,2100,2111,2116,2117,2118,2119,2065,2066,2067,2068,2069,2070,2071,2072,2073,2121,2122,2123,2124,2102,2103,2104,2105],"params":{},"remark":"普通角色","roleId":2,"roleKey":"common","roleName":"普通角色","roleSort":2,"status":"0","updateBy":"admin"} ', '{"msg":"操作成功","code":200}', 0, NULL, '2026-02-23T21:10:19', 259);
INSERT INTO `sys_oper_log` VALUES (287, '站内信', 1, 'com.ruoyi.web.controller.system.SysMessageController.add()', 'POST', 1, 'admin', '研发部门', '/system/message', '127.0.0.1', '内网IP', '{"content":"<p><a href=\\"http://localhost:8080/profile/upload/2026/02/23/附件3-1-1-5_人民银行征信系统数据采集规范  抵（质）押物信息_20260223213339A001.pdf\\" rel=\\"noopener noreferrer\\" target=\\"_blank\\">附件3-1-1-5_人民银行征信系统数据采集规范  抵（质）押物信息.pdf</a></p>","createBy":"admin","messageType":"1","params":{},"receiverIds":[102],"senderId":1,"title":"测试"} ', '{"msg":"操作成功","code":200}', 0, NULL, '2026-02-23T21:33:41', 158);
INSERT INTO `sys_oper_log` VALUES (288, '站内信', 1, 'com.ruoyi.web.controller.system.SysMessageController.add()', 'POST', 1, 'admin', '研发部门', '/system/message', '127.0.0.1', '内网IP', '{"content":"<p><a href=\\"http://localhost:8080/profile/upload/2026/02/23/附件3-1-1-6_人民银行征信系统数据采集规范 企业基本信息_20260223213454A002.pdf\\" rel=\\"noopener noreferrer\\" target=\\"_blank\\">附件3-1-1-6_人民银行征信系统数据采集规范 企业基本信息.pdf</a></p>","createBy":"admin","messageType":"1","params":{},"receiverIds":[101],"senderId":1,"title":"阿达"} ', '{"msg":"操作成功","code":200}', 0, NULL, '2026-02-23T21:34:55', 24);
INSERT INTO `sys_oper_log` VALUES (289, '数据库连接配置', 1, 'com.ruoyi.web.controller.system.SysDbConnController.add()', 'POST', 1, 'admin', '研发部门', '/system/db/conn', '127.0.0.1', '内网IP', '{"connId":1,"connName":"本地","createBy":"admin","createTime":"2026-02-23 22:17:33","dbName":"ry_vue","dbType":"mysql","host":"localhost","params":{},"port":"3306","status":"0","username":"root"} ', '{"msg":"操作成功","code":200}', 0, NULL, '2026-02-23T22:17:33', 143);
INSERT INTO `sys_oper_log` VALUES (290, '数据库连接配置', 2, 'com.ruoyi.web.controller.system.SysDbConnController.edit()', 'PUT', 1, 'admin', '研发部门', '/system/db/conn', '127.0.0.1', '内网IP', '{"connId":1,"connName":"本地","createBy":"admin","createTime":"2026-02-23 22:17:34","dbName":"ry_vue","dbType":"mysql","host":"localhost","params":{},"port":"3306","status":"0","updateBy":"admin","updateTime":"2026-02-23 22:19:42","username":"root"} ', '{"msg":"操作成功","code":200}', 0, NULL, '2026-02-23T22:19:42', 80);
INSERT INTO `sys_oper_log` VALUES (291, '数据库连接配置', 2, 'com.ruoyi.web.controller.system.SysDbConnController.edit()', 'PUT', 1, 'admin', '研发部门', '/system/db/conn', '127.0.0.1', '内网IP', '{"connId":1,"connName":"本地","createBy":"admin","createTime":"2026-02-23 22:17:34","dbName":"ry-vue","dbType":"mysql","host":"localhost","params":{},"port":"3306","status":"0","updateBy":"admin","updateTime":"2026-02-23 22:22:37","username":"root"} ', '{"msg":"操作成功","code":200}', 0, NULL, '2026-02-23T22:22:37', 47);
INSERT INTO `sys_oper_log` VALUES (292, '数据库备份', 1, 'com.ruoyi.web.controller.system.SysDbBackupController.backup()', 'POST', 1, 'admin', '研发部门', '/system/db/backup/backup', '127.0.0.1', '内网IP', '{"connId":1,"params":{}} ', '{"msg":"备份成功","code":200}', 0, NULL, '2026-02-23T22:35:41', 370);
INSERT INTO `sys_oper_log` VALUES (293, '数据库备份记录', 3, 'com.ruoyi.web.controller.system.SysDbBackupController.remove()', 'DELETE', 1, 'admin', '研发部门', '/system/db/backup/1', '127.0.0.1', '内网IP', '[1] ', '{"msg":"操作成功","code":200}', 0, NULL, '2026-02-23T22:36:03', 43);
INSERT INTO `sys_oper_log` VALUES (294, '数据库连接配置', 1, 'com.ruoyi.web.controller.system.SysDbConnController.add()', 'POST', 1, 'admin', '研发部门', '/system/db/conn', '127.0.0.1', '内网IP', '{"connId":2,"connName":"csp","createBy":"admin","createTime":"2026-02-24 12:22:48","dbName":"csp","dbType":"mysql","host":"localhost","params":{},"port":"3306","status":"0","username":"admin"} ', '{"msg":"操作成功","code":200}', 0, NULL, '2026-02-24T12:22:48', 61);
INSERT INTO `sys_oper_log` VALUES (295, '数据库连接配置', 2, 'com.ruoyi.web.controller.system.SysDbConnController.edit()', 'PUT', 1, 'admin', '研发部门', '/system/db/conn', '127.0.0.1', '内网IP', '{"connId":2,"connName":"csp","createBy":"admin","createTime":"2026-02-24 12:22:48","dbName":"csp","dbType":"mysql","host":"localhost","params":{},"port":"3306","status":"0","updateBy":"admin","updateTime":"2026-02-24 12:26:42","username":"root"} ', '{"msg":"操作成功","code":200}', 0, NULL, '2026-02-24T12:26:42', 33);
INSERT INTO `sys_oper_log` VALUES (296, '数据库连接配置', 1, 'com.ruoyi.web.controller.system.SysDbConnController.add()', 'POST', 1, 'admin', '研发部门', '/system/db/conn', '127.0.0.1', '内网IP', '{"connId":3,"connName":"tx","createBy":"admin","createTime":"2026-02-25 09:52:34","dbName":"ry-vue","dbType":"mysql","host":"82.157.176.188","params":{},"port":"3306","status":"0","username":"root"} ', '{"msg":"操作成功","code":200}', 0, NULL, '2026-02-25T01:52:36', 134);
INSERT INTO `sys_oper_log` VALUES (297, '数据库高级备份', 1, 'com.ruoyi.web.controller.system.SysDbBackupController.backupAdvanced()', 'POST', 1, 'admin', '研发部门', '/system/db/backup/backup-advanced', '127.0.0.1', '内网IP', '{"backupLevel":"database","backupMode":"full","compressEnabled":"1","connId":3,"dbType":"mysql","params":{},"storageType":"local","targetName":"ry-vue"} ', '{"msg":"备份失败: \\r\\n### Error updating database.  Cause: java.sql.SQLException: Field \'file_name\' doesn\'t have a default value\\r\\n### The error may exist in file [E:\\\\package\\\\operations_Center\\\\ruoyi-system\\\\target\\\\classes\\\\mapper\\\\system\\\\SysDbBackupMapper.xml]\\r\\n### The error may involve com.ruoyi.system.mapper.SysDbBackupMapper.insertSysDbBackup-Inline\\r\\n### The error occurred while setting parameters\\r\\n### SQL: insert into sys_db_backup          ( conn_id,                                       backup_type,             status,                          db_type,             backup_mode,             backup_level,             target_name,                                       storage_type,                                                    create_by,             create_time )           values ( ?,                                       ?,             ?,                          ?,             ?,             ?,             ?,                                       ?,                                                    ?,             ? )\\r\\n### Cause: java.sql.SQLException: Field \'file_name\' doesn\'t have a default value\\n; Field \'file_name\' doesn\'t have a default value; nested exception is java.sql.SQLException: Field \'file_name\' doesn\'t have a default value","code":500}', 0, NULL, '2026-02-25T01:52:58', 218);
INSERT INTO `sys_oper_log` VALUES (298, '数据库高级备份', 1, 'com.ruoyi.web.controller.system.SysDbBackupController.backupAdvanced()', 'POST', 1, 'admin', '研发部门', '/system/db/backup/backup-advanced', '127.0.0.1', '内网IP', '{"backupLevel":"database","backupMode":"full","compressEnabled":"1","connId":3,"dbType":"mysql","params":{},"storageType":"local"} ', '{"msg":"备份失败: \\r\\n### Error updating database.  Cause: java.sql.SQLException: Field \'file_name\' doesn\'t have a default value\\r\\n### The error may exist in file [E:\\\\package\\\\operations_Center\\\\ruoyi-system\\\\target\\\\classes\\\\mapper\\\\system\\\\SysDbBackupMapper.xml]\\r\\n### The error may involve com.ruoyi.system.mapper.SysDbBackupMapper.insertSysDbBackup-Inline\\r\\n### The error occurred while setting parameters\\r\\n### SQL: insert into sys_db_backup          ( conn_id,                                       backup_type,             status,                          db_type,             backup_mode,             backup_level,                                                    storage_type,                                                    create_by,             create_time )           values ( ?,                                       ?,             ?,                          ?,             ?,             ?,                                                    ?,                                                    ?,             ? )\\r\\n### Cause: java.sql.SQLException: Field \'file_name\' doesn\'t have a default value\\n; Field \'file_name\' doesn\'t have a default value; nested exception is java.sql.SQLException: Field \'file_name\' doesn\'t have a default value","code":500}', 0, NULL, '2026-02-25T01:53:32', 267);
INSERT INTO `sys_oper_log` VALUES (299, '数据库高级备份', 1, 'com.ruoyi.web.controller.system.SysDbBackupController.backupAdvanced()', 'POST', 1, 'admin', '研发部门', '/system/db/backup/backup-advanced', '127.0.0.1', '内网IP', '{"backupLevel":"instance","backupMode":"full","compressEnabled":"1","connId":3,"dbType":"mysql","params":{},"storageType":"local","targetName":""} ', '{"msg":"备份成功","code":200,"data":{"backupId":2,"backupLevel":"instance","backupMode":"full","backupType":"0","connId":3,"createBy":"admin","createTime":"2026-02-25 10:11:44","dbType":"mysql","fileMd5":"41bf68127f841136463297b428a53805","fileName":"mysql_ry-vue_full_20260225_101144.sql.gz","filePath":"E:\\\\ruoyi\\\\uploadPath\\\\backup\\\\mysql_ry-vue_full_20260225_101144.sql.gz","fileSize":57759,"params":{},"status":"0","storageType":"local","verifyStatus":"0"}}', 0, NULL, '2026-02-25T02:11:55', 10460);
INSERT INTO `sys_oper_log` VALUES (300, '数据库备份记录', 3, 'com.ruoyi.web.controller.system.SysDbBackupController.remove()', 'DELETE', 1, 'admin', '研发部门', '/system/db/backup/2', '127.0.0.1', '内网IP', '[2] ', '{"msg":"操作成功","code":200}', 0, NULL, '2026-02-25T02:14:50', 113);
INSERT INTO `sys_oper_log` VALUES (301, '数据库高级备份', 1, 'com.ruoyi.web.controller.system.SysDbBackupController.backupAdvanced()', 'POST', 1, 'admin', '研发部门', '/system/db/backup/backup-advanced', '127.0.0.1', '内网IP', '{"backupLevel":"database","backupMode":"full","compressEnabled":"1","connId":3,"dbType":"mysql","params":{},"storageType":"local","targetName":"act_evt_log,act_ge_bytearray,act_ge_property,act_hi_actinst,act_hi_attachment,act_hi_comment,act_hi_detail,act_hi_identitylink,act_hi_procinst,act_hi_taskinst,act_hi_varinst,act_procdef_info,act_re_deployment,act_re_model,act_re_procdef,act_ru_actinst,act_ru_deadletter_job,act_ru_event_subscr,act_ru_execution,act_ru_external_job,act_ru_history_job,act_ru_identitylink,act_ru_job,act_ru_suspended_job,act_ru_task,act_ru_timer_job,act_ru_variable,flw_channel_definition,flw_ev_databasechangelog,flw_ev_databasechangeloglock,flw_event_definition,flw_event_deployment,flw_event_resource,gen_table,gen_table_column,ops_deploy_doc,ops_deploy_record,ops_deploy_template,ops_deploy_template_version,ops_doc_feedback,ops_environment,ops_release_apply,qrtz_blob_triggers,qrtz_calendars,qrtz_cron_triggers,qrtz_fired_triggers,qrtz_job_details,qrtz_locks,qrtz_paused_trigger_grps,qrtz_scheduler_state,qrtz_simple_triggers,qrtz_simprop_triggers,qrtz_triggers,recover_your_data_info,sys_batch_task,sys_batch_task_detail,sys_command_template,sys_config,sys_db_backup,sys_db_backup_log,sys_db_backup_strategy,sys_db_conn,sys_db_log,sys_dept,sys_dict_data,sys_dict_type,sys_job,sys_job_log,sys_jvm_alert_rule,sys_jvm_metric,sys_jvm_target,sys_logininfor,sys_menu,sys_message,sys_notice,sys_oper_log,sys_ops_monitor_log,sys_post,sys_role,sys_role_dept,sys_role_menu,sys_user,sys_user_post,sys_user_role,t_ops_alert,t_ops_app,t_ops_approval_config,t_ops_approval_record,t_ops_deployment,t_ops_host,t_ops_monitor_log,t_ops_server,t_ops_server_group"} ', '{"msg":"备份失败: \\r\\n### Error updating database.  Cause: com.mysql.cj.jdbc.exceptions.MysqlDataTruncation: Data truncation: Data too long for column \'target_name\' at row 1\\r\\n### The error may exist in file [E:\\\\package\\\\operations_Center\\\\ruoyi-system\\\\target\\\\classes\\\\mapper\\\\system\\\\SysDbBackupMapper.xml]\\r\\n### The error may involve com.ruoyi.system.mapper.SysDbBackupMapper.insertSysDbBackup-Inline\\r\\n### The error occurred while setting parameters\\r\\n### SQL: insert into sys_db_backup          ( conn_id,             file_name,             file_path,             backup_type,             status,                          db_type,             backup_mode,             backup_level,             target_name,                                       storage_type,                                                    create_by,             create_time )           values ( ?,             ?,             ?,             ?,             ?,                          ?,             ?,             ?,             ?,                                       ?,                                                    ?,             ? )\\r\\n### Cause: com.mysql.cj.jdbc.exceptions.MysqlDataTruncation: Data truncation: Data too long for column \'target_name\' at row 1\\n; Data truncation: Data too long for column \'target_name\' at row 1; nested exception is com.mysql.cj.jdbc.exceptions.MysqlDataTruncation: Data truncation: Data too long for column \'target_name\' at row 1","code":500}', 0, NULL, '2026-02-25T02:15:11', 322);
INSERT INTO `sys_oper_log` VALUES (302, '数据库高级备份', 1, 'com.ruoyi.web.controller.system.SysDbBackupController.backupAdvanced()', 'POST', 1, 'admin', '研发部门', '/system/db/backup/backup-advanced', '127.0.0.1', '内网IP', '{"backupLevel":"database","backupMode":"full","compressEnabled":"0","connId":3,"dbType":"mysql","params":{},"storageType":"local","targetName":"act_evt_log,act_ge_bytearray,act_ge_property,act_hi_actinst,act_hi_attachment,act_hi_comment,act_hi_detail,act_hi_identitylink,act_hi_procinst,act_hi_taskinst,act_hi_varinst,act_procdef_info,act_re_deployment,act_re_model,act_re_procdef,act_ru_actinst,act_ru_deadletter_job,act_ru_event_subscr,act_ru_execution,act_ru_external_job,act_ru_history_job,act_ru_identitylink,act_ru_job,act_ru_suspended_job,act_ru_task,act_ru_timer_job,act_ru_variable,flw_channel_definition,flw_ev_databasechangelog,flw_ev_databasechangeloglock,flw_event_definition,flw_event_deployment,flw_event_resource,gen_table,gen_table_column,ops_deploy_doc,ops_deploy_record,ops_deploy_template,ops_deploy_template_version,ops_doc_feedback,ops_environment,ops_release_apply,qrtz_blob_triggers,qrtz_calendars,qrtz_cron_triggers,qrtz_fired_triggers,qrtz_job_details,qrtz_locks,qrtz_paused_trigger_grps,qrtz_scheduler_state,qrtz_simple_triggers,qrtz_simprop_triggers,qrtz_triggers,recover_your_data_info,sys_batch_task,sys_batch_task_detail,sys_command_template,sys_config,sys_db_backup,sys_db_backup_log,sys_db_backup_strategy,sys_db_conn,sys_db_log,sys_dept,sys_dict_data,sys_dict_type,sys_job,sys_job_log,sys_jvm_alert_rule,sys_jvm_metric,sys_jvm_target,sys_logininfor,sys_menu,sys_message,sys_notice,sys_oper_log,sys_ops_monitor_log,sys_post,sys_role,sys_role_dept,sys_role_menu,sys_user,sys_user_post,sys_user_role,t_ops_alert,t_ops_app,t_ops_approval_config,t_ops_approval_record,t_ops_deployment,t_ops_host,t_ops_monitor_log,t_ops_server,t_ops_server_group"} ', '{"msg":"备份成功","code":200,"data":{"backupId":3,"backupLevel":"database","backupMode":"full","backupType":"0","connId":3,"createBy":"admin","createTime":"2026-02-25 10:17:55","dbType":"mysql","fileMd5":"ba2832c6495d6e740ea4fec72af8aeed","fileName":"mysql_ry-vue_full_20260225_101756.sql.gz","filePath":"E:\\\\package\\\\operations_Center\\\\ruoyi-admin\\\\uploadPath\\\\backup\\\\mysql_ry-vue_full_20260225_101756.sql.gz","fileSize":59127,"params":{},"status":"0","storageType":"local","targetName":"act_evt_log,act_ge_bytearray,act_ge_property,act_hi_actinst,act_hi_attachment,act_hi_comment,act_hi_detail,act_hi_identitylink,act_hi_procinst,act_hi_taskinst,act_hi_varinst,act_procdef_info,act_re_deployment,act_re_model,act_re_procdef,act_ru_actinst,act_ru_deadletter_job,act_ru_event_subscr,act_ru_execution,act_ru_external_job,act_ru_history_job,act_ru_identitylink,act_ru_job,act_ru_suspended_job,act_ru_task,act_ru_timer_job,act_ru_variable,flw_channel_definition,flw_ev_databasechangelog,flw_ev_databasechangeloglock,flw_event_definition,flw_event_deployment,flw_event_resource,gen_table,gen_table_column,ops_deploy_doc,ops_deploy_record,ops_deploy_template,ops_deploy_template_version,ops_doc_feedback,ops_environment,ops_release_apply,qrtz_blob_triggers,qrtz_calendars,qrtz_cron_triggers,qrtz_fired_triggers,qrtz_job_details,qrtz_locks,qrtz_paused_trigger_grps,qrtz_scheduler_state,qrtz_simple_triggers,qrtz_simprop_triggers,qrtz_triggers,recover_your_data_info,sys_batch_task,sys_batch_task_detail,sys_command_template,sys_config,sys_db_backup,sys_db_backup_log,sys_db_backup_strategy,sys_db_conn,sys_db_log,sys_dept,sys_dict_data,sys_dict_type,sys_job,sys_job_log,sys_jvm_alert_rule,sys_jvm_metric,sys_jvm_target,sys_logininfor,sys_menu,sys_message,sys_notice,sys_oper_log,sys_ops_monitor_log,sys_post,sys_role,sys_role_dept,sys_role_menu,sys_user,sys_user_post,sys_user_role,t_ops_alert,t_ops_app,t_ops_approval_config,t_ops_approval_record,t_ops_deployment,t_ops_host,t_ops_monitor_log,t_ops_server,t_', 0, NULL, '2026-02-25T02:18:07', 10289);
INSERT INTO `sys_oper_log` VALUES (303, '数据库高级备份', 1, 'com.ruoyi.web.controller.system.SysDbBackupController.backupAdvanced()', 'POST', 1, 'admin', '研发部门', '/system/db/backup/backup-advanced', '127.0.0.1', '内网IP', '{"backupLevel":"database","backupMode":"incremental","compressEnabled":"0","connId":3,"dbType":"mysql","params":{},"storageType":"local","targetName":"act_evt_log"} ', '{"msg":"备份成功","code":200,"data":{"backupId":4,"backupLevel":"database","backupMode":"incremental","backupType":"0","connId":3,"createBy":"admin","createTime":"2026-02-25 10:27:14","dbType":"mysql","fileMd5":"220e0ceb6f32da1f7f6223fc5cc83bea","fileName":"mysql_ry-vue_full_20260225_102714.sql.gz","filePath":"E:\\\\package\\\\operations_Center\\\\ruoyi-admin\\\\uploadPath\\\\backup\\\\mysql_ry-vue_full_20260225_102714.sql.gz","fileSize":59410,"params":{},"status":"0","storageType":"local","targetName":"act_evt_log","verifyStatus":"0"}}', 0, NULL, '2026-02-25T02:27:40', 25454);
INSERT INTO `sys_oper_log` VALUES (304, '数据库高级备份', 1, 'com.ruoyi.web.controller.system.SysDbBackupController.backupAdvanced()', 'POST', 1, 'admin', '研发部门', '/system/db/backup/backup-advanced', '127.0.0.1', '内网IP', '{"backupLevel":"database","backupMode":"incremental","compressEnabled":"0","connId":3,"dbType":"mysql","params":{},"storageType":"local","targetName":"act_evt_log,act_ge_bytearray,act_ge_property,act_hi_actinst,act_hi_attachment,act_hi_comment,act_hi_detail,act_hi_identitylink,act_hi_procinst,act_hi_taskinst,act_hi_varinst,act_procdef_info,act_re_deployment,act_re_model,act_re_procdef,act_ru_actinst,act_ru_deadletter_job,act_ru_event_subscr,act_ru_execution,act_ru_external_job,act_ru_history_job,act_ru_identitylink,act_ru_job,act_ru_suspended_job,act_ru_task,act_ru_timer_job,act_ru_variable,flw_channel_definition,flw_ev_databasechangelog,flw_ev_databasechangeloglock,flw_event_definition,flw_event_deployment,flw_event_resource,gen_table,gen_table_column,ops_deploy_doc,ops_deploy_record,ops_deploy_template,ops_deploy_template_version,ops_doc_feedback,ops_environment,ops_release_apply,qrtz_blob_triggers,qrtz_calendars,qrtz_cron_triggers,qrtz_fired_triggers,qrtz_job_details,qrtz_locks,qrtz_paused_trigger_grps,qrtz_scheduler_state,qrtz_simple_triggers,qrtz_simprop_triggers,qrtz_triggers,recover_your_data_info,sys_batch_task,sys_batch_task_detail,sys_command_template,sys_config,sys_db_backup,sys_db_backup_log,sys_db_backup_strategy,sys_db_conn,sys_db_log,sys_dept,sys_dict_data,sys_dict_type,sys_job,sys_job_log,sys_jvm_alert_rule,sys_jvm_metric,sys_jvm_target,sys_logininfor,sys_menu,sys_message,sys_notice,sys_oper_log,sys_ops_monitor_log,sys_post,sys_role,sys_role_dept,sys_role_menu,sys_user,sys_user_post,sys_user_role,t_ops_alert,t_ops_app,t_ops_approval_config,t_ops_approval_record,t_ops_deployment,t_ops_host,t_ops_monitor_log,t_ops_server,t_ops_server_group"} ', '{"msg":"备份失败: You have an error in your SQL syntax; check the manual that corresponds to your MySQL server version for the right syntax to use near \'MASTER STATUS\' at line 1","code":500}', 0, NULL, '2026-02-25T02:39:40', 1031);
INSERT INTO `sys_oper_log` VALUES (305, '数据库备份记录', 3, 'com.ruoyi.web.controller.system.SysDbBackupController.remove()', 'DELETE', 1, 'admin', '研发部门', '/system/db/backup/5', '127.0.0.1', '内网IP', '[5] ', '{"msg":"操作成功","code":200}', 0, NULL, '2026-02-25T02:43:55', 125);
INSERT INTO `sys_oper_log` VALUES (306, '数据库备份记录', 3, 'com.ruoyi.web.controller.system.SysDbBackupController.remove()', 'DELETE', 1, 'admin', '研发部门', '/system/db/backup/4', '127.0.0.1', '内网IP', '[4] ', '{"msg":"操作成功","code":200}', 0, NULL, '2026-02-25T02:43:56', 104);
INSERT INTO `sys_oper_log` VALUES (307, '数据库备份记录', 3, 'com.ruoyi.web.controller.system.SysDbBackupController.remove()', 'DELETE', 1, 'admin', '研发部门', '/system/db/backup/3', '127.0.0.1', '内网IP', '[3] ', '{"msg":"操作成功","code":200}', 0, NULL, '2026-02-25T02:43:58', 129);

-- ----------------------------
-- Table structure for `sys_ops_monitor_log`
-- ----------------------------
DROP TABLE IF EXISTS `sys_ops_monitor_log`;
CREATE TABLE `sys_ops_monitor_log` (
  `id` bigint NOT NULL AUTO_INCREMENT COMMENT '主键ID',
  `server_id` bigint NOT NULL COMMENT '服务器ID',
  `cpu_usage` decimal(5,2) DEFAULT '0.00' COMMENT 'CPU使用率(%)',
  `memory_usage` decimal(5,2) DEFAULT '0.00' COMMENT '内存使用率(%)',
  `disk_usage` decimal(5,2) DEFAULT '0.00' COMMENT '磁盘使用率(%)',
  `net_tx_rate` decimal(10,2) DEFAULT '0.00' COMMENT '网络发送速率(KB/s)',
  `net_rx_rate` decimal(10,2) DEFAULT '0.00' COMMENT '网络接收速率(KB/s)',
  `create_time` datetime DEFAULT NULL COMMENT '采集时间',
  PRIMARY KEY (`id`) USING BTREE,
  KEY `idx_server_time` (`server_id`,`create_time`) USING BTREE
) ENGINE=InnoDB DEFAULT CHARSET=utf8mb4 COLLATE=utf8mb4_0900_ai_ci ROW_FORMAT=DYNAMIC COMMENT='服务器监控日志表';

-- ----------------------------
-- Dumping data for table `sys_ops_monitor_log`
-- ----------------------------

-- ----------------------------
-- Table structure for `sys_post`
-- ----------------------------
DROP TABLE IF EXISTS `sys_post`;
CREATE TABLE `sys_post` (
  `post_id` bigint NOT NULL AUTO_INCREMENT COMMENT '岗位ID',
  `post_code` varchar(64) CHARACTER SET utf8mb4 COLLATE utf8mb4_0900_ai_ci NOT NULL COMMENT '岗位编码',
  `post_name` varchar(50) CHARACTER SET utf8mb4 COLLATE utf8mb4_0900_ai_ci NOT NULL COMMENT '岗位名称',
  `post_sort` int NOT NULL COMMENT '显示顺序',
  `status` char(1) CHARACTER SET utf8mb4 COLLATE utf8mb4_0900_ai_ci NOT NULL COMMENT '状态（0正常 1停用）',
  `create_by` varchar(64) CHARACTER SET utf8mb4 COLLATE utf8mb4_0900_ai_ci DEFAULT '' COMMENT '创建者',
  `create_time` datetime DEFAULT NULL COMMENT '创建时间',
  `update_by` varchar(64) CHARACTER SET utf8mb4 COLLATE utf8mb4_0900_ai_ci DEFAULT '' COMMENT '更新者',
  `update_time` datetime DEFAULT NULL COMMENT '更新时间',
  `remark` varchar(500) CHARACTER SET utf8mb4 COLLATE utf8mb4_0900_ai_ci DEFAULT NULL COMMENT '备注',
  PRIMARY KEY (`post_id`) USING BTREE
) ENGINE=InnoDB AUTO_INCREMENT=5 DEFAULT CHARSET=utf8mb4 COLLATE=utf8mb4_0900_ai_ci ROW_FORMAT=DYNAMIC COMMENT='岗位信息表';

-- ----------------------------
-- Dumping data for table `sys_post`
-- ----------------------------
INSERT INTO `sys_post` VALUES (1, 'ceo', '董事长', 1, '0', 'admin', '2026-02-12T15:13:15', '', NULL, '');
INSERT INTO `sys_post` VALUES (2, 'se', '项目经理', 2, '0', 'admin', '2026-02-12T15:13:15', '', NULL, '');
INSERT INTO `sys_post` VALUES (3, 'hr', '人力资源', 3, '0', 'admin', '2026-02-12T15:13:15', '', NULL, '');
INSERT INTO `sys_post` VALUES (4, 'user', '普通员工', 4, '0', 'admin', '2026-02-12T15:13:15', '', NULL, '');

-- ----------------------------
-- Table structure for `sys_role`
-- ----------------------------
DROP TABLE IF EXISTS `sys_role`;
CREATE TABLE `sys_role` (
  `role_id` bigint NOT NULL AUTO_INCREMENT COMMENT '角色ID',
  `role_name` varchar(30) CHARACTER SET utf8mb4 COLLATE utf8mb4_0900_ai_ci NOT NULL COMMENT '角色名称',
  `role_key` varchar(100) CHARACTER SET utf8mb4 COLLATE utf8mb4_0900_ai_ci NOT NULL COMMENT '角色权限字符串',
  `role_sort` int NOT NULL COMMENT '显示顺序',
  `data_scope` char(1) CHARACTER SET utf8mb4 COLLATE utf8mb4_0900_ai_ci DEFAULT '1' COMMENT '数据范围（1：全部数据权限 2：自定数据权限 3：本部门数据权限 4：本部门及以下数据权限）',
  `menu_check_strictly` tinyint(1) DEFAULT '1' COMMENT '菜单树选择项是否关联显示',
  `dept_check_strictly` tinyint(1) DEFAULT '1' COMMENT '部门树选择项是否关联显示',
  `status` char(1) CHARACTER SET utf8mb4 COLLATE utf8mb4_0900_ai_ci NOT NULL COMMENT '角色状态（0正常 1停用）',
  `del_flag` char(1) CHARACTER SET utf8mb4 COLLATE utf8mb4_0900_ai_ci DEFAULT '0' COMMENT '删除标志（0代表存在 2代表删除）',
  `create_by` varchar(64) CHARACTER SET utf8mb4 COLLATE utf8mb4_0900_ai_ci DEFAULT '' COMMENT '创建者',
  `create_time` datetime DEFAULT NULL COMMENT '创建时间',
  `update_by` varchar(64) CHARACTER SET utf8mb4 COLLATE utf8mb4_0900_ai_ci DEFAULT '' COMMENT '更新者',
  `update_time` datetime DEFAULT NULL COMMENT '更新时间',
  `remark` varchar(500) CHARACTER SET utf8mb4 COLLATE utf8mb4_0900_ai_ci DEFAULT NULL COMMENT '备注',
  PRIMARY KEY (`role_id`) USING BTREE
) ENGINE=InnoDB AUTO_INCREMENT=100 DEFAULT CHARSET=utf8mb4 COLLATE=utf8mb4_0900_ai_ci ROW_FORMAT=DYNAMIC COMMENT='角色信息表';

-- ----------------------------
-- Dumping data for table `sys_role`
-- ----------------------------
INSERT INTO `sys_role` VALUES (1, '超级管理员', 'admin', 1, '1', 'true', 'true', '0', '0', 'admin', '2026-02-12T15:13:15', '', NULL, '超级管理员');
INSERT INTO `sys_role` VALUES (2, '普通角色', 'common', 2, '2', 'true', 'true', '0', '0', 'admin', '2026-02-12T15:13:15', 'admin', '2026-02-23T21:10:19', '普通角色');

-- ----------------------------
-- Table structure for `sys_role_dept`
-- ----------------------------
DROP TABLE IF EXISTS `sys_role_dept`;
CREATE TABLE `sys_role_dept` (
  `role_id` bigint NOT NULL COMMENT '角色ID',
  `dept_id` bigint NOT NULL COMMENT '部门ID',
  PRIMARY KEY (`role_id`,`dept_id`) USING BTREE
) ENGINE=InnoDB DEFAULT CHARSET=utf8mb4 COLLATE=utf8mb4_0900_ai_ci ROW_FORMAT=DYNAMIC COMMENT='角色和部门关联表';

-- ----------------------------
-- Dumping data for table `sys_role_dept`
-- ----------------------------
INSERT INTO `sys_role_dept` VALUES (2, 100);
INSERT INTO `sys_role_dept` VALUES (2, 101);
INSERT INTO `sys_role_dept` VALUES (2, 105);

-- ----------------------------
-- Table structure for `sys_role_menu`
-- ----------------------------
DROP TABLE IF EXISTS `sys_role_menu`;
CREATE TABLE `sys_role_menu` (
  `role_id` bigint NOT NULL COMMENT '角色ID',
  `menu_id` bigint NOT NULL COMMENT '菜单ID',
  PRIMARY KEY (`role_id`,`menu_id`) USING BTREE
) ENGINE=InnoDB DEFAULT CHARSET=utf8mb4 COLLATE=utf8mb4_0900_ai_ci ROW_FORMAT=DYNAMIC COMMENT='角色和菜单关联表';

-- ----------------------------
-- Dumping data for table `sys_role_menu`
-- ----------------------------
INSERT INTO `sys_role_menu` VALUES (2, 1);
INSERT INTO `sys_role_menu` VALUES (2, 2);
INSERT INTO `sys_role_menu` VALUES (2, 3);
INSERT INTO `sys_role_menu` VALUES (2, 4);
INSERT INTO `sys_role_menu` VALUES (2, 100);
INSERT INTO `sys_role_menu` VALUES (2, 101);
INSERT INTO `sys_role_menu` VALUES (2, 102);
INSERT INTO `sys_role_menu` VALUES (2, 103);
INSERT INTO `sys_role_menu` VALUES (2, 104);
INSERT INTO `sys_role_menu` VALUES (2, 105);
INSERT INTO `sys_role_menu` VALUES (2, 106);
INSERT INTO `sys_role_menu` VALUES (2, 107);
INSERT INTO `sys_role_menu` VALUES (2, 108);
INSERT INTO `sys_role_menu` VALUES (2, 109);
INSERT INTO `sys_role_menu` VALUES (2, 110);
INSERT INTO `sys_role_menu` VALUES (2, 111);
INSERT INTO `sys_role_menu` VALUES (2, 112);
INSERT INTO `sys_role_menu` VALUES (2, 113);
INSERT INTO `sys_role_menu` VALUES (2, 114);
INSERT INTO `sys_role_menu` VALUES (2, 115);
INSERT INTO `sys_role_menu` VALUES (2, 116);
INSERT INTO `sys_role_menu` VALUES (2, 117);
INSERT INTO `sys_role_menu` VALUES (2, 118);
INSERT INTO `sys_role_menu` VALUES (2, 500);
INSERT INTO `sys_role_menu` VALUES (2, 501);
INSERT INTO `sys_role_menu` VALUES (2, 1000);
INSERT INTO `sys_role_menu` VALUES (2, 1001);
INSERT INTO `sys_role_menu` VALUES (2, 1002);
INSERT INTO `sys_role_menu` VALUES (2, 1003);
INSERT INTO `sys_role_menu` VALUES (2, 1004);
INSERT INTO `sys_role_menu` VALUES (2, 1005);
INSERT INTO `sys_role_menu` VALUES (2, 1006);
INSERT INTO `sys_role_menu` VALUES (2, 1007);
INSERT INTO `sys_role_menu` VALUES (2, 1008);
INSERT INTO `sys_role_menu` VALUES (2, 1009);
INSERT INTO `sys_role_menu` VALUES (2, 1010);
INSERT INTO `sys_role_menu` VALUES (2, 1011);
INSERT INTO `sys_role_menu` VALUES (2, 1012);
INSERT INTO `sys_role_menu` VALUES (2, 1013);
INSERT INTO `sys_role_menu` VALUES (2, 1014);
INSERT INTO `sys_role_menu` VALUES (2, 1015);
INSERT INTO `sys_role_menu` VALUES (2, 1016);
INSERT INTO `sys_role_menu` VALUES (2, 1017);
INSERT INTO `sys_role_menu` VALUES (2, 1018);
INSERT INTO `sys_role_menu` VALUES (2, 1019);
INSERT INTO `sys_role_menu` VALUES (2, 1020);
INSERT INTO `sys_role_menu` VALUES (2, 1021);
INSERT INTO `sys_role_menu` VALUES (2, 1022);
INSERT INTO `sys_role_menu` VALUES (2, 1023);
INSERT INTO `sys_role_menu` VALUES (2, 1024);
INSERT INTO `sys_role_menu` VALUES (2, 1025);
INSERT INTO `sys_role_menu` VALUES (2, 1026);
INSERT INTO `sys_role_menu` VALUES (2, 1027);
INSERT INTO `sys_role_menu` VALUES (2, 1028);
INSERT INTO `sys_role_menu` VALUES (2, 1029);
INSERT INTO `sys_role_menu` VALUES (2, 1030);
INSERT INTO `sys_role_menu` VALUES (2, 1031);
INSERT INTO `sys_role_menu` VALUES (2, 1032);
INSERT INTO `sys_role_menu` VALUES (2, 1033);
INSERT INTO `sys_role_menu` VALUES (2, 1034);
INSERT INTO `sys_role_menu` VALUES (2, 1035);
INSERT INTO `sys_role_menu` VALUES (2, 1036);
INSERT INTO `sys_role_menu` VALUES (2, 1037);
INSERT INTO `sys_role_menu` VALUES (2, 1038);
INSERT INTO `sys_role_menu` VALUES (2, 1039);
INSERT INTO `sys_role_menu` VALUES (2, 1040);
INSERT INTO `sys_role_menu` VALUES (2, 1041);
INSERT INTO `sys_role_menu` VALUES (2, 1042);
INSERT INTO `sys_role_menu` VALUES (2, 1043);
INSERT INTO `sys_role_menu` VALUES (2, 1044);
INSERT INTO `sys_role_menu` VALUES (2, 1045);
INSERT INTO `sys_role_menu` VALUES (2, 1046);
INSERT INTO `sys_role_menu` VALUES (2, 1047);
INSERT INTO `sys_role_menu` VALUES (2, 1048);
INSERT INTO `sys_role_menu` VALUES (2, 1049);
INSERT INTO `sys_role_menu` VALUES (2, 1050);
INSERT INTO `sys_role_menu` VALUES (2, 1051);
INSERT INTO `sys_role_menu` VALUES (2, 1052);
INSERT INTO `sys_role_menu` VALUES (2, 1053);
INSERT INTO `sys_role_menu` VALUES (2, 1054);
INSERT INTO `sys_role_menu` VALUES (2, 1055);
INSERT INTO `sys_role_menu` VALUES (2, 1056);
INSERT INTO `sys_role_menu` VALUES (2, 1057);
INSERT INTO `sys_role_menu` VALUES (2, 1058);
INSERT INTO `sys_role_menu` VALUES (2, 1059);
INSERT INTO `sys_role_menu` VALUES (2, 1060);
INSERT INTO `sys_role_menu` VALUES (2, 1061);
INSERT INTO `sys_role_menu` VALUES (2, 1062);
INSERT INTO `sys_role_menu` VALUES (2, 1063);
INSERT INTO `sys_role_menu` VALUES (2, 1070);
INSERT INTO `sys_role_menu` VALUES (2, 2015);
INSERT INTO `sys_role_menu` VALUES (2, 2016);
INSERT INTO `sys_role_menu` VALUES (2, 2023);
INSERT INTO `sys_role_menu` VALUES (2, 2026);
INSERT INTO `sys_role_menu` VALUES (2, 2027);
INSERT INTO `sys_role_menu` VALUES (2, 2030);
INSERT INTO `sys_role_menu` VALUES (2, 2031);
INSERT INTO `sys_role_menu` VALUES (2, 2032);
INSERT INTO `sys_role_menu` VALUES (2, 2033);
INSERT INTO `sys_role_menu` VALUES (2, 2040);
INSERT INTO `sys_role_menu` VALUES (2, 2041);
INSERT INTO `sys_role_menu` VALUES (2, 2042);
INSERT INTO `sys_role_menu` VALUES (2, 2050);
INSERT INTO `sys_role_menu` VALUES (2, 2051);
INSERT INTO `sys_role_menu` VALUES (2, 2052);
INSERT INTO `sys_role_menu` VALUES (2, 2053);
INSERT INTO `sys_role_menu` VALUES (2, 2054);
INSERT INTO `sys_role_menu` VALUES (2, 2055);
INSERT INTO `sys_role_menu` VALUES (2, 2056);
INSERT INTO `sys_role_menu` VALUES (2, 2057);
INSERT INTO `sys_role_menu` VALUES (2, 2058);
INSERT INTO `sys_role_menu` VALUES (2, 2059);
INSERT INTO `sys_role_menu` VALUES (2, 2060);
INSERT INTO `sys_role_menu` VALUES (2, 2061);
INSERT INTO `sys_role_menu` VALUES (2, 2062);
INSERT INTO `sys_role_menu` VALUES (2, 2065);
INSERT INTO `sys_role_menu` VALUES (2, 2066);
INSERT INTO `sys_role_menu` VALUES (2, 2067);
INSERT INTO `sys_role_menu` VALUES (2, 2068);
INSERT INTO `sys_role_menu` VALUES (2, 2069);
INSERT INTO `sys_role_menu` VALUES (2, 2070);
INSERT INTO `sys_role_menu` VALUES (2, 2071);
INSERT INTO `sys_role_menu` VALUES (2, 2072);
INSERT INTO `sys_role_menu` VALUES (2, 2073);
INSERT INTO `sys_role_menu` VALUES (2, 2100);
INSERT INTO `sys_role_menu` VALUES (2, 2102);
INSERT INTO `sys_role_menu` VALUES (2, 2103);
INSERT INTO `sys_role_menu` VALUES (2, 2104);
INSERT INTO `sys_role_menu` VALUES (2, 2105);
INSERT INTO `sys_role_menu` VALUES (2, 2111);
INSERT INTO `sys_role_menu` VALUES (2, 2116);
INSERT INTO `sys_role_menu` VALUES (2, 2117);
INSERT INTO `sys_role_menu` VALUES (2, 2118);
INSERT INTO `sys_role_menu` VALUES (2, 2119);
INSERT INTO `sys_role_menu` VALUES (2, 2121);
INSERT INTO `sys_role_menu` VALUES (2, 2122);
INSERT INTO `sys_role_menu` VALUES (2, 2123);
INSERT INTO `sys_role_menu` VALUES (2, 2124);
INSERT INTO `sys_role_menu` VALUES (2, 2129);
INSERT INTO `sys_role_menu` VALUES (2, 2130);
INSERT INTO `sys_role_menu` VALUES (2, 2131);
INSERT INTO `sys_role_menu` VALUES (2, 2132);
INSERT INTO `sys_role_menu` VALUES (2, 2134);
INSERT INTO `sys_role_menu` VALUES (2, 2140);
INSERT INTO `sys_role_menu` VALUES (2, 2141);
INSERT INTO `sys_role_menu` VALUES (2, 2142);
INSERT INTO `sys_role_menu` VALUES (2, 2143);
INSERT INTO `sys_role_menu` VALUES (2, 2144);
INSERT INTO `sys_role_menu` VALUES (2, 2145);
INSERT INTO `sys_role_menu` VALUES (2, 2150);
INSERT INTO `sys_role_menu` VALUES (2, 2151);
INSERT INTO `sys_role_menu` VALUES (2, 2152);
INSERT INTO `sys_role_menu` VALUES (2, 2153);
INSERT INTO `sys_role_menu` VALUES (2, 2154);
INSERT INTO `sys_role_menu` VALUES (2, 2155);
INSERT INTO `sys_role_menu` VALUES (2, 2162);
INSERT INTO `sys_role_menu` VALUES (2, 2168);
INSERT INTO `sys_role_menu` VALUES (2, 2169);
INSERT INTO `sys_role_menu` VALUES (2, 2170);
INSERT INTO `sys_role_menu` VALUES (2, 2171);
INSERT INTO `sys_role_menu` VALUES (2, 2172);

-- ----------------------------
-- Table structure for `sys_user`
-- ----------------------------
DROP TABLE IF EXISTS `sys_user`;
CREATE TABLE `sys_user` (
  `user_id` bigint NOT NULL AUTO_INCREMENT COMMENT '用户ID',
  `dept_id` bigint DEFAULT NULL COMMENT '部门ID',
  `user_name` varchar(30) CHARACTER SET utf8mb4 COLLATE utf8mb4_0900_ai_ci NOT NULL COMMENT '用户账号',
  `nick_name` varchar(30) CHARACTER SET utf8mb4 COLLATE utf8mb4_0900_ai_ci NOT NULL COMMENT '用户昵称',
  `user_type` varchar(2) CHARACTER SET utf8mb4 COLLATE utf8mb4_0900_ai_ci DEFAULT '00' COMMENT '用户类型（00系统用户）',
  `email` varchar(50) CHARACTER SET utf8mb4 COLLATE utf8mb4_0900_ai_ci DEFAULT '' COMMENT '用户邮箱',
  `phonenumber` varchar(11) CHARACTER SET utf8mb4 COLLATE utf8mb4_0900_ai_ci DEFAULT '' COMMENT '手机号码',
  `sex` char(1) CHARACTER SET utf8mb4 COLLATE utf8mb4_0900_ai_ci DEFAULT '0' COMMENT '用户性别（0男 1女 2未知）',
  `avatar` varchar(100) CHARACTER SET utf8mb4 COLLATE utf8mb4_0900_ai_ci DEFAULT '' COMMENT '头像地址',
  `password` varchar(100) CHARACTER SET utf8mb4 COLLATE utf8mb4_0900_ai_ci DEFAULT '' COMMENT '密码',
  `status` char(1) CHARACTER SET utf8mb4 COLLATE utf8mb4_0900_ai_ci DEFAULT '0' COMMENT '账号状态（0正常 1停用）',
  `del_flag` char(1) CHARACTER SET utf8mb4 COLLATE utf8mb4_0900_ai_ci DEFAULT '0' COMMENT '删除标志（0代表存在 2代表删除）',
  `login_ip` varchar(128) CHARACTER SET utf8mb4 COLLATE utf8mb4_0900_ai_ci DEFAULT '' COMMENT '最后登录IP',
  `login_date` datetime DEFAULT NULL COMMENT '最后登录时间',
  `pwd_update_date` datetime DEFAULT NULL COMMENT '密码最后更新时间',
  `create_by` varchar(64) CHARACTER SET utf8mb4 COLLATE utf8mb4_0900_ai_ci DEFAULT '' COMMENT '创建者',
  `create_time` datetime DEFAULT NULL COMMENT '创建时间',
  `update_by` varchar(64) CHARACTER SET utf8mb4 COLLATE utf8mb4_0900_ai_ci DEFAULT '' COMMENT '更新者',
  `update_time` datetime DEFAULT NULL COMMENT '更新时间',
  `remark` varchar(500) CHARACTER SET utf8mb4 COLLATE utf8mb4_0900_ai_ci DEFAULT NULL COMMENT '备注',
  PRIMARY KEY (`user_id`) USING BTREE
) ENGINE=InnoDB AUTO_INCREMENT=103 DEFAULT CHARSET=utf8mb4 COLLATE=utf8mb4_0900_ai_ci ROW_FORMAT=DYNAMIC COMMENT='用户信息表';

-- ----------------------------
-- Dumping data for table `sys_user`
-- ----------------------------
INSERT INTO `sys_user` VALUES (1, 103, 'admin', '若依', '00', 'ry@163.com', '15888888888', '1', 'https://picx.zhimg.com/v2-d6f44389971daab7e688e5b37046e4e4_720w.jpg?source=172ae18b', '$2a$10$7JB720yubVSZvUI0rEqK/.VqGOZTH.ulu33dHOiBE8ByOhJIrdAu2', '0', '0', '127.0.0.1', '2026-02-25T10:21:16', '2026-02-12T15:13:15', 'admin', '2026-02-12T15:13:15', '', NULL, '管理员');
INSERT INTO `sys_user` VALUES (2, 105, 'ry', '若依', '00', 'ry@qq.com', '15666666666', '1', '', '$2a$10$7JB720yubVSZvUI0rEqK/.VqGOZTH.ulu33dHOiBE8ByOhJIrdAu2', '0', '0', '127.0.0.1', '2026-02-12T15:13:15', '2026-02-12T15:13:15', 'admin', '2026-02-12T15:13:15', '', NULL, '测试员');
INSERT INTO `sys_user` VALUES (100, 101, 'sp', '审批', '00', '', '', '0', '', '$2a$10$y7xedECBujhYe2oe5HGoi.s3JnzuSz/DNHwiZsXxnBYUeE25Bwgb.', '0', '0', '127.0.0.1', '2026-02-18T21:46:05', '2026-02-18T21:46:17', 'admin', '2026-02-18T17:27:54', '', '2026-02-18T21:46:17', NULL);
INSERT INTO `sys_user` VALUES (101, 101, 'ejsp', '二级审批', '00', '', '', '2', '', '$2a$10$BStmKlK.ObETPgQgTAt7pO2ZYAIhx3Pej5GCPoBHkd/Tzf3KXdCgW', '0', '0', '127.0.0.1', '2026-02-23T21:34:18', '2026-02-21T21:58:01', 'admin', '2026-02-18T17:28:29', '', '2026-02-21T21:58:01', NULL);
INSERT INTO `sys_user` VALUES (102, 100, 'test', '测试', '00', '', '', '0', '', '$2a$10$AzC8tihiMxEPpDIh6ypeVu.jtCx40RPMmYiMeeibvx5gwK1VVgMXa', '0', '0', '127.0.0.1', '2026-02-18T22:47:44', '2026-02-18T20:49:42', 'admin', '2026-02-18T20:49:13', '', '2026-02-18T20:49:42', NULL);

-- ----------------------------
-- Table structure for `sys_user_post`
-- ----------------------------
DROP TABLE IF EXISTS `sys_user_post`;
CREATE TABLE `sys_user_post` (
  `user_id` bigint NOT NULL COMMENT '用户ID',
  `post_id` bigint NOT NULL COMMENT '岗位ID',
  PRIMARY KEY (`user_id`,`post_id`) USING BTREE
) ENGINE=InnoDB DEFAULT CHARSET=utf8mb4 COLLATE=utf8mb4_0900_ai_ci ROW_FORMAT=DYNAMIC COMMENT='用户与岗位关联表';

-- ----------------------------
-- Dumping data for table `sys_user_post`
-- ----------------------------
INSERT INTO `sys_user_post` VALUES (1, 1);
INSERT INTO `sys_user_post` VALUES (2, 2);

-- ----------------------------
-- Table structure for `sys_user_role`
-- ----------------------------
DROP TABLE IF EXISTS `sys_user_role`;
CREATE TABLE `sys_user_role` (
  `user_id` bigint NOT NULL COMMENT '用户ID',
  `role_id` bigint NOT NULL COMMENT '角色ID',
  PRIMARY KEY (`user_id`,`role_id`) USING BTREE
) ENGINE=InnoDB DEFAULT CHARSET=utf8mb4 COLLATE=utf8mb4_0900_ai_ci ROW_FORMAT=DYNAMIC COMMENT='用户和角色关联表';

-- ----------------------------
-- Dumping data for table `sys_user_role`
-- ----------------------------
INSERT INTO `sys_user_role` VALUES (1, 1);
INSERT INTO `sys_user_role` VALUES (2, 2);
INSERT INTO `sys_user_role` VALUES (100, 2);
INSERT INTO `sys_user_role` VALUES (101, 2);
INSERT INTO `sys_user_role` VALUES (102, 2);

-- ----------------------------
-- Table structure for `t_ops_alert`
-- ----------------------------
DROP TABLE IF EXISTS `t_ops_alert`;
CREATE TABLE `t_ops_alert` (
  `alert_id` bigint NOT NULL AUTO_INCREMENT COMMENT '告警ID',
  `alert_content` varchar(500) CHARACTER SET utf8mb4 COLLATE utf8mb4_0900_ai_ci DEFAULT '' COMMENT '告警内容',
  `alert_type` varchar(20) CHARACTER SET utf8mb4 COLLATE utf8mb4_0900_ai_ci DEFAULT 'info' COMMENT '类型(danger/warning/info)',
  `status` char(1) CHARACTER SET utf8mb4 COLLATE utf8mb4_0900_ai_ci DEFAULT '0' COMMENT '状态（0待处理 1已处理）',
  `alert_time` datetime DEFAULT NULL COMMENT '告警时间',
  `create_by` varchar(64) CHARACTER SET utf8mb4 COLLATE utf8mb4_0900_ai_ci DEFAULT '' COMMENT '创建者',
  `create_time` datetime DEFAULT NULL COMMENT '创建时间',
  `update_by` varchar(64) CHARACTER SET utf8mb4 COLLATE utf8mb4_0900_ai_ci DEFAULT '' COMMENT '更新者',
  `update_time` datetime DEFAULT NULL COMMENT '更新时间',
  `del_flag` char(1) CHARACTER SET utf8mb4 COLLATE utf8mb4_0900_ai_ci DEFAULT '0' COMMENT '删除标志（0代表存在 2代表删除）',
  PRIMARY KEY (`alert_id`) USING BTREE
) ENGINE=InnoDB AUTO_INCREMENT=4 DEFAULT CHARSET=utf8mb4 COLLATE=utf8mb4_0900_ai_ci ROW_FORMAT=DYNAMIC COMMENT='运维告警表';

-- ----------------------------
-- Dumping data for table `t_ops_alert`
-- ----------------------------
INSERT INTO `t_ops_alert` VALUES (1, 'CPU load high on Server-01', 'danger', '0', '2026-02-13T15:26:30', '', '2026-02-13T15:26:30', '', NULL, '0');
INSERT INTO `t_ops_alert` VALUES (2, 'Disk space low on Server-02', 'warning', '0', '2026-02-13T14:56:30', '', '2026-02-13T15:26:30', '', NULL, '0');
INSERT INTO `t_ops_alert` VALUES (3, 'System backup completed', 'info', '1', '2026-02-13T14:26:30', '', '2026-02-13T15:26:30', '', NULL, '0');

-- ----------------------------
-- Table structure for `t_ops_app`
-- ----------------------------
DROP TABLE IF EXISTS `t_ops_app`;
CREATE TABLE `t_ops_app` (
  `app_id` bigint NOT NULL AUTO_INCREMENT COMMENT '应用ID',
  `app_name` varchar(50) CHARACTER SET utf8mb4 COLLATE utf8mb4_0900_ai_ci NOT NULL COMMENT '应用名称',
  `app_type` varchar(20) CHARACTER SET utf8mb4 COLLATE utf8mb4_0900_ai_ci NOT NULL COMMENT '应用类型',
  `deploy_path` varchar(200) CHARACTER SET utf8mb4 COLLATE utf8mb4_0900_ai_ci NOT NULL COMMENT '部署路径',
  `start_script` text CHARACTER SET utf8mb4 COLLATE utf8mb4_0900_ai_ci COMMENT '启动脚本内容',
  `monitor_ports` varchar(100) CHARACTER SET utf8mb4 COLLATE utf8mb4_0900_ai_ci NOT NULL COMMENT '监控端口',
  `status` char(1) CHARACTER SET utf8mb4 COLLATE utf8mb4_0900_ai_ci DEFAULT '0' COMMENT '状态（0正常 1停用）',
  `create_by` varchar(64) CHARACTER SET utf8mb4 COLLATE utf8mb4_0900_ai_ci DEFAULT '' COMMENT '创建者',
  `create_time` datetime DEFAULT NULL COMMENT '创建时间',
  `update_by` varchar(64) CHARACTER SET utf8mb4 COLLATE utf8mb4_0900_ai_ci DEFAULT '' COMMENT '更新者',
  `update_time` datetime DEFAULT NULL COMMENT '更新时间',
  `remark` varchar(500) CHARACTER SET utf8mb4 COLLATE utf8mb4_0900_ai_ci DEFAULT NULL COMMENT '备注',
  `owner` varchar(64) CHARACTER SET utf8mb4 COLLATE utf8mb4_0900_ai_ci DEFAULT '' COMMENT '负责人',
  `tech_stack` varchar(50) CHARACTER SET utf8mb4 COLLATE utf8mb4_0900_ai_ci DEFAULT '' COMMENT '技术栈',
  `dept_id` bigint DEFAULT NULL COMMENT '所属部门ID',
  `stop_script` text CHARACTER SET utf8mb4 COLLATE utf8mb4_0900_ai_ci COMMENT '停止脚本内容',
  `description` varchar(500) CHARACTER SET utf8mb4 COLLATE utf8mb4_0900_ai_ci DEFAULT '' COMMENT '应用描述',
  `server_ids` varchar(255) CHARACTER SET utf8mb4 COLLATE utf8mb4_0900_ai_ci DEFAULT '' COMMENT '关联服务器ID集合',
  `package_path` varchar(500) CHARACTER SET utf8mb4 COLLATE utf8mb4_0900_ai_ci DEFAULT NULL COMMENT '应用包路径',
  `health_check_url` varchar(200) CHARACTER SET utf8mb4 COLLATE utf8mb4_0900_ai_ci DEFAULT NULL COMMENT '健康检查地址',
  `deploy_timeout` int DEFAULT '60' COMMENT '部署超时时间(秒)',
  `retry_count` int DEFAULT '0' COMMENT '重试次数',
  PRIMARY KEY (`app_id`) USING BTREE
) ENGINE=InnoDB AUTO_INCREMENT=101 DEFAULT CHARSET=utf8mb4 COLLATE=utf8mb4_0900_ai_ci ROW_FORMAT=DYNAMIC COMMENT='应用注册表';

-- ----------------------------
-- Dumping data for table `t_ops_app`
-- ----------------------------
INSERT INTO `t_ops_app` VALUES (100, '测试', 'web', '/home', '#!/bin/bash\r\n# 脚本名称：start_jar.sh\r\n# 功能：启动/停止/重启/查看当前目录下的Jar包\r\n# 使用方式：./start_jar.sh [start|stop|restart|status]\r\n\r\n# ======================== 配置项（可根据需求修改）========================\r\n# Jar包名称（如果当前目录只有一个jar包，可留空，脚本会自动识别）\r\nJAR_NAME=""\r\n# JVM启动参数（根据服务器配置调整）\r\nJVM_OPTS="-Xms512m -Xmx1024m -XX:+UseG1GC -XX:+PrintGCDetails -Xloggc:./gc.log"\r\n# 日志文件名称（默认输出到当前目录的app.log）\r\nLOG_FILE="./app.log"\r\n# 端口号（可选，配置后启动前会检查端口是否被占用）\r\nPORT=""\r\n# ========================================================================\r\n\r\n# 自动识别当前目录下的jar包（如果未配置JAR_NAME）\r\nif [ -z "$JAR_NAME" ]; then\r\n    JAR_LIST=($(ls -1 *.jar 2&gt;/dev/null))\r\n    if [ ${#JAR_LIST[@]} -eq 0 ]; then\r\n        echo "【错误】当前目录未找到任何Jar包！"\r\n        exit 1\r\n    elif [ ${#JAR_LIST[@]} -gt 1 ]; then\r\n        echo "【错误】当前目录存在多个Jar包，请手动配置JAR_NAME变量："\r\n        for jar in "${JAR_LIST[@]}"; do\r\n            echo " - $jar"\r\n        done\r\n        exit 1\r\n    else\r\n        JAR_NAME=${JAR_LIST[0]}\r\n        echo "【提示】自动识别到Jar包：$JAR_NAME"\r\n    fi\r\nfi\r\n\r\n# 检查Jar包是否存在\r\nif [ ! -f "$JAR_NAME" ]; then\r\n    echo "【错误】Jar包 $JAR_NAME 不存在！"\r\n    exit 1\r\nfi\r\n\r\n# 获取进程ID\r\nget_pid() {\r\n    PID=$(ps -ef | grep "$JAR_NAME" | grep -v grep | grep -v "$0" | awk \'{print $2}\')\r\n}\r\n\r\n# 检查端口是否被占用\r\ncheck_port() {\r\n    if [ -n "$PORT" ]; then\r\n        PORT_PID=$(lsof -i:"$PORT" -t 2&gt;/dev/null)\r\n        if [ -n "$PORT_PID" ]; then\r\n            echo "【错误】端口 $PORT 已被进程 $PORT_PID 占用！"\r\n            exit 1\r\n        fi\r\n    fi\r\n}\r\n\r\n# 启动函数\r\nstart() {\r\n    get_pid\r\n    if [ -n "$PID" ]; then\r\n        echo "【提示】$JAR_NAME 已在运行（PID：$PID），无需重复启动！"\r\n        exit 0\r\n    fi\r\n\r\n    # 检查端口（如果配置）\r\n    check_port\r\n\r\n    echo "【开始启动】$JAR_NAME ..."\r\n    # 后台启动Jar包，输出日志到指定文件\r\n    nohup java $JVM_OPTS -jar "$JAR_NAME" &gt;&gt; "$LOG_FILE" 2&gt;&1 &\r\n    \r\n    # 等待2秒，检查是否启动成功\r\n    sleep 2\r\n    get_pid\r\n    if [ -n "$PID" ]; then\r\n        echo "【成功】$JAR_NAME 启动完成（PID：$PID），日志文件：$LOG_FILE"\r\n    else\r\n        echo "【失败】$JAR_NAME 启动失败！请查看日志文件：$LOG_FILE"\r\n        exit 1\r\n    fi\r\n}\r\n\r\n# 停止函数\r\nstop() {\r\n    get_pid\r\n    if [ -z "$PID" ]; then\r\n        echo "【提示】$JAR_NAME 未运行，无需停止！"\r\n        exit 0\r\n    fi\r\n\r\n    echo "【开始停止】$JAR_NAME（PID：$PID）..."\r\n    kill -15 "$PID"\r\n    \r\n    # 等待5秒，检查是否停止成功\r\n    sleep 5\r\n    get_pid\r\n    if [ -z "$PID" ]; then\r\n        echo "【成功】$JAR_NAME 已停止！"\r\n    else\r\n        # 强制杀死进程\r\n        echo "【提示】优雅停止失败，强制杀死进程 $PID ..."\r\n        kill -9 "$PID"\r\n        sleep 2\r\n        get_pid\r\n        if [ -z "$PID" ]; then\r\n            echo "【成功】$JAR_NAME 已强制停止！"\r\n        else\r\n            echo "【失败】$JAR_NAME 停止失败！"\r\n            exit 1\r\n        fi\r\n    fi\r\n}\r\n\r\n# 状态查看函数\r\nstatus() {\r\n    get_pid\r\n    if [ -n "$PID" ]; then\r\n        echo "【状态】$JAR_NAME 正在运行（PID：$PID）"\r\n    else\r\n        echo "【状态】$JAR_NAME 未运行"\r\n    fi\r\n}\r\n\r\n# 重启函数\r\nrestart() {\r\n    stop\r\n    echo "【提示】等待3秒后启动 $JAR_NAME ..."\r\n    sleep 3\r\n    start\r\n}\r\n\r\n# 主逻辑\r\ncase "$1" in\r\n    start)\r\n        start\r\n        ;;\r\n    stop)\r\n        stop\r\n        ;;\r\n    restart)\r\n        restart\r\n        ;;\r\n    status)\r\n        status\r\n        ;;\r\n    *)\r\n        echo "【使用说明】$0 [start|stop|restart|status]"\r\n        echo "示例："\r\n        echo "  启动：./start_jar.sh start"\r\n        echo "  停止：./start_jar.sh stop"\r\n        echo "  重启：./start_jar.sh restart"\r\n        echo "  查看状态：./start_jar.sh status"\r\n        exit 1\r\n        ;;\r\nesac', '8083', '0', 'admin', '2026-02-17T23:05:36', 'admin', '2026-02-18T11:10:25', NULL, 'admin', 'springboot,vue3,element_plus,mysql,redis,react', 101, '#!/bin/bash\r\n# 脚本名称：stop_jar.sh\r\n# 功能：安全停止当前目录下的Jar包（优先优雅停止，失败则强制停止）\r\n# 使用方式：./stop_jar.sh\r\n\r\n# ======================== 配置项（可根据需求修改）========================\r\n# Jar包名称（如果当前目录只有一个jar包，可留空，脚本会自动识别）\r\nJAR_NAME=""\r\n# 优雅停止等待时间（秒），超时后强制杀死进程\r\nWAIT_TIME=5\r\n# ========================================================================\r\n\r\n# 脚本颜色输出（增强可读性）\r\nRED=\'\\033[0;31m\'\r\nGREEN=\'\\033[0;32m\'\r\nYELLOW=\'\\033[1;33m\'\r\nNC=\'\\033[0m\' # 重置颜色\r\n\r\n# 自动识别当前目录下的jar包（如果未配置JAR_NAME）\r\nif [ -z "$JAR_NAME" ]; then\r\n    JAR_LIST=($(ls -1 *.jar 2&gt;/dev/null))\r\n    if [ ${#JAR_LIST[@]} -eq 0 ]; then\r\n        echo -e "${RED}【错误】当前目录未找到任何Jar包！${NC}"\r\n        exit 1\r\n    elif [ ${#JAR_LIST[@]} -gt 1 ]; then\r\n        echo -e "${RED}【错误】当前目录存在多个Jar包，请手动配置JAR_NAME变量：${NC}"\r\n        for jar in "${JAR_LIST[@]}"; do\r\n            echo " - $jar"\r\n        done\r\n        exit 1\r\n    else\r\n        JAR_NAME=${JAR_LIST[0]}\r\n        echo -e "${YELLOW}【提示】自动识别到Jar包：$JAR_NAME${NC}"\r\n    fi\r\nfi\r\n\r\n# 检查Jar包是否存在\r\nif [ ! -f "$JAR_NAME" ]; then\r\n    echo -e "${RED}【错误】Jar包 $JAR_NAME 不存在！${NC}"\r\n    exit 1\r\nfi\r\n\r\n# 获取Jar包对应的进程ID（排除grep和脚本自身进程）\r\nget_pid() {\r\n    PID=$(ps -ef | grep "$JAR_NAME" | grep -v grep | grep -v "$0" | awk \'{print $2}\')\r\n}\r\n\r\n# 核心停止逻辑\r\nstop_jar() {\r\n    get_pid\r\n    # 1. 检查进程是否运行\r\n    if [ -z "$PID" ]; then\r\n        echo -e "${YELLOW}【提示】$JAR_NAME 未运行，无需停止！${NC}"\r\n        exit 0\r\n    fi\r\n\r\n    # 2. 优雅停止进程（kill -15：让进程清理资源后退出）\r\n    echo -e "${YELLOW}【开始停止】$JAR_NAME（PID：$PID），等待${WAIT_TIME}秒优雅退出...${NC}"\r\n    kill -15 "$PID"\r\n\r\n    # 3. 等待指定时间，检查是否停止成功\r\n    sleep "$WAIT_TIME"\r\n    get_pid\r\n    if [ -z "$PID" ]; then\r\n        echo -e "${GREEN}【成功】$JAR_NAME 已优雅停止！${NC}"\r\n        exit 0\r\n    fi\r\n\r\n    # 4. 优雅停止失败，执行强制停止（kill -9：强制终止进程）\r\n    echo -e "${YELLOW}【提示】优雅停止失败，强制杀死进程 $PID ...${NC}"\r\n    kill -9 "$PID"\r\n    sleep 2\r\n    get_pid\r\n\r\n    # 5. 最终检查停止结果\r\n    if [ -z "$PID" ]; then\r\n        echo -e "${GREEN}【成功】$JAR_NAME 已强制停止！${NC}"\r\n    else\r\n        echo -e "${RED}【失败】$JAR_NAME 停止失败！请手动检查进程 $PID！${NC}"\r\n        exit 1\r\n    fi\r\n}\r\n\r\n# 执行停止逻辑\r\nstop_jar', '', '4', '/profile/upload/2026/02/18/minio-0.0.1-SNAPSHOT_20260218101155A001.jar', ' http://localhost:8080/health', 60, 1);

-- ----------------------------
-- Table structure for `t_ops_approval_config`
-- ----------------------------
DROP TABLE IF EXISTS `t_ops_approval_config`;
CREATE TABLE `t_ops_approval_config` (
  `id` bigint NOT NULL AUTO_INCREMENT COMMENT '主键ID',
  `app_id` bigint DEFAULT NULL COMMENT '应用ID(0或null表示全局)',
  `env` varchar(20) CHARACTER SET utf8mb4 COLLATE utf8mb4_0900_ai_ci DEFAULT NULL COMMENT '环境(test/prod)',
  `step` int NOT NULL COMMENT '审批节点序号',
  `approver_type` varchar(20) CHARACTER SET utf8mb4 COLLATE utf8mb4_0900_ai_ci NOT NULL COMMENT '审批人类型(role/user)',
  `approver_id` bigint NOT NULL COMMENT '审批人ID(角色ID或用户ID)',
  `create_by` varchar(64) CHARACTER SET utf8mb4 COLLATE utf8mb4_0900_ai_ci DEFAULT '' COMMENT '创建者',
  `create_time` datetime DEFAULT NULL COMMENT '创建时间',
  `update_by` varchar(64) CHARACTER SET utf8mb4 COLLATE utf8mb4_0900_ai_ci DEFAULT '' COMMENT '更新者',
  `update_time` datetime DEFAULT NULL COMMENT '更新时间',
  `remark` varchar(500) CHARACTER SET utf8mb4 COLLATE utf8mb4_0900_ai_ci DEFAULT NULL COMMENT '备注',
  PRIMARY KEY (`id`) USING BTREE
) ENGINE=InnoDB AUTO_INCREMENT=6 DEFAULT CHARSET=utf8mb4 COLLATE=utf8mb4_0900_ai_ci ROW_FORMAT=DYNAMIC COMMENT='审批流程配置表';

-- ----------------------------
-- Dumping data for table `t_ops_approval_config`
-- ----------------------------
INSERT INTO `t_ops_approval_config` VALUES (4, 100, 'prod', 1, 'role', 2, 'admin', '2026-02-18T13:34:29', 'admin', '2026-02-18T13:34:46', NULL);
INSERT INTO `t_ops_approval_config` VALUES (5, 0, 'prod', 1, 'user', 1, 'admin', '2026-02-18T13:38:17', '', NULL, NULL);

-- ----------------------------
-- Table structure for `t_ops_approval_record`
-- ----------------------------
DROP TABLE IF EXISTS `t_ops_approval_record`;
CREATE TABLE `t_ops_approval_record` (
  `id` bigint NOT NULL AUTO_INCREMENT COMMENT '主键ID',
  `release_id` bigint NOT NULL COMMENT '发布申请ID',
  `step` int NOT NULL COMMENT '审批节点序号',
  `approver_id` bigint NOT NULL COMMENT '审批人ID',
  `status` char(1) CHARACTER SET utf8mb4 COLLATE utf8mb4_0900_ai_ci DEFAULT '0' COMMENT '状态(1通过 2驳回)',
  `comment` varchar(500) CHARACTER SET utf8mb4 COLLATE utf8mb4_0900_ai_ci DEFAULT NULL COMMENT '审批意见',
  `approval_time` datetime DEFAULT NULL COMMENT '审批时间',
  PRIMARY KEY (`id`) USING BTREE
) ENGINE=InnoDB DEFAULT CHARSET=utf8mb4 COLLATE=utf8mb4_0900_ai_ci ROW_FORMAT=DYNAMIC COMMENT='审批记录表';

-- ----------------------------
-- Dumping data for table `t_ops_approval_record`
-- ----------------------------

-- ----------------------------
-- Table structure for `t_ops_deployment`
-- ----------------------------
DROP TABLE IF EXISTS `t_ops_deployment`;
CREATE TABLE `t_ops_deployment` (
  `deployment_id` bigint NOT NULL AUTO_INCREMENT COMMENT '部署ID',
  `app_name` varchar(64) CHARACTER SET utf8mb4 COLLATE utf8mb4_0900_ai_ci DEFAULT '' COMMENT '应用名称',
  `version` varchar(32) CHARACTER SET utf8mb4 COLLATE utf8mb4_0900_ai_ci DEFAULT '' COMMENT '版本号',
  `deploy_status` varchar(20) CHARACTER SET utf8mb4 COLLATE utf8mb4_0900_ai_ci DEFAULT '' COMMENT '部署状态(success/failed)',
  `deploy_time` datetime DEFAULT NULL COMMENT '发布时间',
  `operator` varchar(64) CHARACTER SET utf8mb4 COLLATE utf8mb4_0900_ai_ci DEFAULT '' COMMENT '操作人',
  `create_by` varchar(64) CHARACTER SET utf8mb4 COLLATE utf8mb4_0900_ai_ci DEFAULT '' COMMENT '创建者',
  `create_time` datetime DEFAULT NULL COMMENT '创建时间',
  `update_by` varchar(64) CHARACTER SET utf8mb4 COLLATE utf8mb4_0900_ai_ci DEFAULT '' COMMENT '更新者',
  `update_time` datetime DEFAULT NULL COMMENT '更新时间',
  `del_flag` char(1) CHARACTER SET utf8mb4 COLLATE utf8mb4_0900_ai_ci DEFAULT '0' COMMENT '删除标志（0代表存在 2代表删除）',
  PRIMARY KEY (`deployment_id`) USING BTREE
) ENGINE=InnoDB AUTO_INCREMENT=4 DEFAULT CHARSET=utf8mb4 COLLATE=utf8mb4_0900_ai_ci ROW_FORMAT=DYNAMIC COMMENT='部署记录表';

-- ----------------------------
-- Dumping data for table `t_ops_deployment`
-- ----------------------------
INSERT INTO `t_ops_deployment` VALUES (1, 'payment-service', 'v2.1.0', 'success', '2026-02-13T15:26:30', 'admin', '', '2026-02-13T15:26:30', '', NULL, '0');
INSERT INTO `t_ops_deployment` VALUES (2, 'user-center', 'v1.5.2', 'failed', '2026-02-13T14:26:30', 'devops', '', '2026-02-13T15:26:30', '', NULL, '0');
INSERT INTO `t_ops_deployment` VALUES (3, 'gateway', 'v1.0.0', 'success', '2026-02-13T13:26:30', 'admin', '', '2026-02-13T15:26:30', '', NULL, '0');

-- ----------------------------
-- Table structure for `t_ops_host`
-- ----------------------------
DROP TABLE IF EXISTS `t_ops_host`;
CREATE TABLE `t_ops_host` (
  `host_id` bigint NOT NULL AUTO_INCREMENT COMMENT '主机ID',
  `host_name` varchar(64) CHARACTER SET utf8mb4 COLLATE utf8mb4_0900_ai_ci DEFAULT '' COMMENT '主机名称',
  `ip_address` varchar(20) CHARACTER SET utf8mb4 COLLATE utf8mb4_0900_ai_ci DEFAULT '' COMMENT 'IP地址',
  `status` char(1) CHARACTER SET utf8mb4 COLLATE utf8mb4_0900_ai_ci DEFAULT '0' COMMENT '状态（0正常 1停用）',
  `cpu_usage` double DEFAULT '0' COMMENT 'CPU使用率',
  `memory_usage` double DEFAULT '0' COMMENT '内存使用率',
  `create_by` varchar(64) CHARACTER SET utf8mb4 COLLATE utf8mb4_0900_ai_ci DEFAULT '' COMMENT '创建者',
  `create_time` datetime DEFAULT NULL COMMENT '创建时间',
  `update_by` varchar(64) CHARACTER SET utf8mb4 COLLATE utf8mb4_0900_ai_ci DEFAULT '' COMMENT '更新者',
  `update_time` datetime DEFAULT NULL COMMENT '更新时间',
  `del_flag` char(1) CHARACTER SET utf8mb4 COLLATE utf8mb4_0900_ai_ci DEFAULT '0' COMMENT '删除标志（0代表存在 2代表删除）',
  PRIMARY KEY (`host_id`) USING BTREE
) ENGINE=InnoDB AUTO_INCREMENT=4 DEFAULT CHARSET=utf8mb4 COLLATE=utf8mb4_0900_ai_ci ROW_FORMAT=DYNAMIC COMMENT='主机设备表';

-- ----------------------------
-- Dumping data for table `t_ops_host`
-- ----------------------------
INSERT INTO `t_ops_host` VALUES (1, 'Server-01', '192.168.1.101', '0', 45.2, 60.5, '', '2026-02-13T15:26:30', '', NULL, '0');
INSERT INTO `t_ops_host` VALUES (2, 'Server-02', '192.168.1.102', '0', 20.1, 30.2, '', '2026-02-13T15:26:30', '', NULL, '0');
INSERT INTO `t_ops_host` VALUES (3, 'Server-03', '192.168.1.103', '1', 0.0, 0.0, '', '2026-02-13T15:26:30', '', NULL, '0');

-- ----------------------------
-- Table structure for `t_ops_monitor_log`
-- ----------------------------
DROP TABLE IF EXISTS `t_ops_monitor_log`;
CREATE TABLE `t_ops_monitor_log` (
  `log_id` bigint NOT NULL AUTO_INCREMENT COMMENT '日志ID',
  `cpu_load` double DEFAULT '0' COMMENT 'CPU负载',
  `memory_load` double DEFAULT '0' COMMENT '内存负载',
  `record_time` datetime DEFAULT NULL COMMENT '记录时间',
  `create_by` varchar(64) CHARACTER SET utf8mb4 COLLATE utf8mb4_0900_ai_ci DEFAULT '' COMMENT '创建者',
  `create_time` datetime DEFAULT NULL COMMENT '创建时间',
  `del_flag` char(1) CHARACTER SET utf8mb4 COLLATE utf8mb4_0900_ai_ci DEFAULT '0' COMMENT '删除标志（0代表存在 2代表删除）',
  PRIMARY KEY (`log_id`) USING BTREE
) ENGINE=InnoDB AUTO_INCREMENT=8 DEFAULT CHARSET=utf8mb4 COLLATE=utf8mb4_0900_ai_ci ROW_FORMAT=DYNAMIC COMMENT='监控日志表';

-- ----------------------------
-- Dumping data for table `t_ops_monitor_log`
-- ----------------------------
INSERT INTO `t_ops_monitor_log` VALUES (1, 30.0, 40.0, '2026-02-13T09:26:30', '', '2026-02-13T15:26:30', '0');
INSERT INTO `t_ops_monitor_log` VALUES (2, 35.0, 42.0, '2026-02-13T10:26:30', '', '2026-02-13T15:26:30', '0');
INSERT INTO `t_ops_monitor_log` VALUES (3, 40.0, 44.0, '2026-02-13T11:26:30', '', '2026-02-13T15:26:30', '0');
INSERT INTO `t_ops_monitor_log` VALUES (4, 45.0, 46.0, '2026-02-13T12:26:30', '', '2026-02-13T15:26:30', '0');
INSERT INTO `t_ops_monitor_log` VALUES (5, 50.0, 48.0, '2026-02-13T13:26:30', '', '2026-02-13T15:26:30', '0');
INSERT INTO `t_ops_monitor_log` VALUES (6, 55.0, 50.0, '2026-02-13T14:26:30', '', '2026-02-13T15:26:30', '0');
INSERT INTO `t_ops_monitor_log` VALUES (7, 60.0, 52.0, '2026-02-13T15:26:30', '', '2026-02-13T15:26:30', '0');

-- ----------------------------
-- Table structure for `t_ops_server`
-- ----------------------------
DROP TABLE IF EXISTS `t_ops_server`;
CREATE TABLE `t_ops_server` (
  `server_id` bigint NOT NULL AUTO_INCREMENT COMMENT '服务器ID',
  `server_name` varchar(64) CHARACTER SET utf8mb4 COLLATE utf8mb4_0900_ai_ci DEFAULT '' COMMENT '服务器名称',
  `public_ip` varchar(20) CHARACTER SET utf8mb4 COLLATE utf8mb4_0900_ai_ci DEFAULT '' COMMENT '公网IP',
  `private_ip` varchar(20) CHARACTER SET utf8mb4 COLLATE utf8mb4_0900_ai_ci DEFAULT '' COMMENT '内网IP',
  `server_port` int DEFAULT '22' COMMENT 'SSH端口',
  `username` varchar(64) CHARACTER SET utf8mb4 COLLATE utf8mb4_0900_ai_ci DEFAULT 'root' COMMENT '账号',
  `password` varchar(128) CHARACTER SET utf8mb4 COLLATE utf8mb4_0900_ai_ci DEFAULT '' COMMENT '密码',
  `auth_type` char(1) CHARACTER SET utf8mb4 COLLATE utf8mb4_0900_ai_ci DEFAULT '0' COMMENT '认证方式（0密码 1密钥）',
  `private_key` text CHARACTER SET utf8mb4 COLLATE utf8mb4_0900_ai_ci COMMENT 'SSH密钥',
  `data_center` varchar(64) CHARACTER SET utf8mb4 COLLATE utf8mb4_0900_ai_ci DEFAULT '' COMMENT '所属机房',
  `group_id` bigint DEFAULT NULL COMMENT '所属分组',
  `status` char(1) CHARACTER SET utf8mb4 COLLATE utf8mb4_0900_ai_ci DEFAULT '0' COMMENT '状态（0正常 1停用）',
  `remark` varchar(500) CHARACTER SET utf8mb4 COLLATE utf8mb4_0900_ai_ci DEFAULT '' COMMENT '备注',
  `create_by` varchar(64) CHARACTER SET utf8mb4 COLLATE utf8mb4_0900_ai_ci DEFAULT '' COMMENT '创建者',
  `create_time` datetime DEFAULT NULL COMMENT '创建时间',
  `update_by` varchar(64) CHARACTER SET utf8mb4 COLLATE utf8mb4_0900_ai_ci DEFAULT '' COMMENT '更新者',
  `update_time` datetime DEFAULT NULL COMMENT '更新时间',
  `del_flag` char(1) CHARACTER SET utf8mb4 COLLATE utf8mb4_0900_ai_ci DEFAULT '0' COMMENT '删除标志（0代表存在 2代表删除）',
  `env_code` varchar(20) CHARACTER SET utf8mb4 COLLATE utf8mb4_0900_ai_ci DEFAULT NULL COMMENT '所属环境代码',
  PRIMARY KEY (`server_id`) USING BTREE
) ENGINE=InnoDB AUTO_INCREMENT=6 DEFAULT CHARSET=utf8mb4 COLLATE=utf8mb4_0900_ai_ci ROW_FORMAT=DYNAMIC COMMENT='服务器资产表';

-- ----------------------------
-- Dumping data for table `t_ops_server`
-- ----------------------------
INSERT INTO `t_ops_server` VALUES (1, 'Web-Server-01', '120.55.12.33', '192.168.1.101', 22, 'root', '', '0', NULL, '阿里云-杭州', NULL, '0', '核心Web服务', '', '2026-02-13T15:34:29', '', NULL, '0', NULL);
INSERT INTO `t_ops_server` VALUES (2, 'DB-Master', '120.55.12.34', '192.168.1.102', 22, 'root', '', '0', NULL, '阿里云-杭州', NULL, '0', 'MySQL主库', '', '2026-02-13T15:34:29', '', NULL, '0', NULL);
INSERT INTO `t_ops_server` VALUES (3, 'Redis-Cache', '120.55.12.35', '192.168.1.103', 22, 'root', '', '0', NULL, '阿里云-上海', NULL, '0', '缓存集群', '', '2026-02-13T15:34:29', '', NULL, '0', NULL);
INSERT INTO `t_ops_server` VALUES (4, '公司服务器', '124.225.88.94', '', 22, 'root', 'vItamin%^88', '0', NULL, '公司', NULL, '0', '', 'admin', '2026-02-13T16:26:24', '', NULL, '0', NULL);
INSERT INTO `t_ops_server` VALUES (5, '虚拟机', '192.168.150.101', '', 22, 'root', '123321', '0', NULL, '本地', NULL, '0', '', 'admin', '2026-02-13T19:54', '', NULL, '0', NULL);

-- ----------------------------
-- Table structure for `t_ops_server_group`
-- ----------------------------
DROP TABLE IF EXISTS `t_ops_server_group`;
CREATE TABLE `t_ops_server_group` (
  `group_id` bigint NOT NULL AUTO_INCREMENT COMMENT '分组ID',
  `group_name` varchar(64) CHARACTER SET utf8mb4 COLLATE utf8mb4_0900_ai_ci DEFAULT '' COMMENT '分组名称',
  `order_num` int DEFAULT '0' COMMENT '显示顺序',
  `create_by` varchar(64) CHARACTER SET utf8mb4 COLLATE utf8mb4_0900_ai_ci DEFAULT '' COMMENT '创建者',
  `create_time` datetime DEFAULT NULL COMMENT '创建时间',
  `update_by` varchar(64) CHARACTER SET utf8mb4 COLLATE utf8mb4_0900_ai_ci DEFAULT '' COMMENT '更新者',
  `update_time` datetime DEFAULT NULL COMMENT '更新时间',
  `del_flag` char(1) CHARACTER SET utf8mb4 COLLATE utf8mb4_0900_ai_ci DEFAULT '0' COMMENT '删除标志（0代表存在 2代表删除）',
  PRIMARY KEY (`group_id`) USING BTREE
) ENGINE=InnoDB AUTO_INCREMENT=3 DEFAULT CHARSET=utf8mb4 COLLATE=utf8mb4_0900_ai_ci ROW_FORMAT=DYNAMIC COMMENT='服务器分组表';

-- ----------------------------
-- Dumping data for table `t_ops_server_group`
-- ----------------------------
INSERT INTO `t_ops_server_group` VALUES (1, 'Web Servers', 1, '', '2026-02-13T15:34:29', '', NULL, '0');
INSERT INTO `t_ops_server_group` VALUES (2, 'Database Servers', 2, '', '2026-02-13T15:34:29', '', NULL, '0');

SET FOREIGN_KEY_CHECKS=1;
